May 7, 2026   17:30:00
Cyclic Voltammetry
File: 0.1mtbapf6_1mmfe-tpypy2me_mecn_ar_1.5_to_-1.5v_100mvs_multiscan
Data Source:  Experiment
Instrument Model:  CHI660D
Header: 
Note: 

Init E (V) = 0
High E (V) = 1.5
Low E (V) = -1.5
Final E (V) = 0
Init P/N = N
Scan Rate (V/s) = 0.1
Segment = 9
Sample Interval (V) = 0.001
Quiet Time (sec) = 2
Sensitivity (A/V) = 1e-4
Comp R (ohm) = 124.1
UC R (ohm) = 7.9

Results:

Channel 1:
Segment 1:
Ep = -0.953V
ip = -8.078e-05A
Ah = -8.067e-05C

Segment 2:
Ep = -0.845V
ip = 7.909e-05A
Ah = 7.411e-05C

Ep = 1.209V
ip = 4.778e-05A
Ah = 3.132e-05C

Segment 3:
Ep = 1.140V
ip = -4.038e-05A
Ah = -2.629e-05C

Ep = -0.948V
ip = -8.052e-05A
Ah = -7.777e-05C

Segment 4:
Ep = -0.842V
ip = 7.912e-05A
Ah = 7.539e-05C

Ep = 1.209V
ip = 4.720e-05A
Ah = 3.034e-05C

Segment 5:
Ep = 1.140V
ip = -4.010e-05A
Ah = -2.657e-05C

Ep = -0.948V
ip = -8.056e-05A
Ah = -7.874e-05C

Segment 6:
Ep = -0.842V
ip = 7.895e-05A
Ah = 7.436e-05C

Ep = 1.212V
ip = 4.715e-05A
Ah = 3.142e-05C

Segment 7:
Ep = 1.140V
ip = -4.024e-05A
Ah = -2.696e-05C

Ep = -0.948V
ip = -8.085e-05A
Ah = -7.982e-05C

Segment 8:
Ep = -0.839V
ip = 7.921e-05A
Ah = 7.645e-05C

Ep = 1.211V
ip = 4.732e-05A
Ah = 3.081e-05C

Segment 9:
Ep = 1.141V
ip = -4.042e-05A
Ah = -2.691e-05C

Potential/V, Current/A

0.000, -4.286e-07
-0.001, -4.910e-07
-0.002, -5.026e-07
-0.003, -5.165e-07
-0.004, -5.315e-07
-0.005, -5.316e-07
-0.006, -5.431e-07
-0.007, -5.450e-07
-0.008, -5.533e-07
-0.009, -5.616e-07
-0.010, -5.585e-07
-0.011, -5.715e-07
-0.012, -5.689e-07
-0.013, -5.732e-07
-0.014, -5.824e-07
-0.015, -5.823e-07
-0.016, -5.911e-07
-0.017, -5.894e-07
-0.018, -5.965e-07
-0.019, -5.986e-07
-0.020, -6.003e-07
-0.021, -6.100e-07
-0.022, -6.050e-07
-0.023, -6.100e-07
-0.024, -6.187e-07
-0.025, -6.206e-07
-0.026, -6.263e-07
-0.027, -6.224e-07
-0.028, -6.291e-07
-0.029, -6.360e-07
-0.030, -6.303e-07
-0.031, -6.431e-07
-0.032, -6.399e-07
-0.033, -6.419e-07
-0.034, -6.507e-07
-0.035, -6.461e-07
-0.036, -6.592e-07
-0.037, -6.554e-07
-0.038, -6.520e-07
-0.039, -6.639e-07
-0.040, -6.627e-07
-0.041, -6.726e-07
-0.042, -6.680e-07
-0.043, -6.732e-07
-0.044, -6.813e-07
-0.045, -6.773e-07
-0.046, -6.880e-07
-0.047, -6.859e-07
-0.048, -6.891e-07
-0.049, -6.959e-07
-0.050, -6.930e-07
-0.051, -6.976e-07
-0.052, -7.008e-07
-0.053, -7.061e-07
-0.054, -7.082e-07
-0.055, -7.085e-07
-0.056, -7.194e-07
-0.057, -7.162e-07
-0.058, -7.177e-07
-0.059, -7.231e-07
-0.060, -7.222e-07
-0.061, -7.332e-07
-0.062, -7.314e-07
-0.063, -7.334e-07
-0.064, -7.360e-07
-0.065, -7.390e-07
-0.066, -7.470e-07
-0.067, -7.443e-07
-0.068, -7.523e-07
-0.069, -7.602e-07
-0.070, -7.505e-07
-0.071, -7.651e-07
-0.072, -7.644e-07
-0.073, -7.659e-07
-0.074, -7.734e-07
-0.075, -7.663e-07
-0.076, -7.897e-07
-0.077, -7.813e-07
-0.078, -7.821e-07
-0.079, -7.918e-07
-0.080, -7.882e-07
-0.081, -7.973e-07
-0.082, -7.956e-07
-0.083, -7.993e-07
-0.084, -8.058e-07
-0.085, -8.041e-07
-0.086, -8.105e-07
-0.087, -8.100e-07
-0.088, -8.159e-07
-0.089, -8.167e-07
-0.090, -8.139e-07
-0.091, -8.267e-07
-0.092, -8.277e-07
-0.093, -8.301e-07
-0.094, -8.333e-07
-0.095, -8.298e-07
-0.096, -8.422e-07
-0.097, -8.384e-07
-0.098, -8.421e-07
-0.099, -8.486e-07
-0.100, -8.455e-07
-0.101, -8.547e-07
-0.102, -8.552e-07
-0.103, -8.590e-07
-0.104, -8.635e-07
-0.105, -8.592e-07
-0.106, -8.701e-07
-0.107, -8.644e-07
-0.108, -8.730e-07
-0.109, -8.781e-07
-0.110, -8.715e-07
-0.111, -8.868e-07
-0.112, -8.803e-07
-0.113, -8.857e-07
-0.114, -8.928e-07
-0.115, -8.802e-07
-0.116, -8.992e-07
-0.117, -8.925e-07
-0.118, -8.970e-07
-0.119, -9.037e-07
-0.120, -9.016e-07
-0.121, -9.109e-07
-0.122, -9.079e-07
-0.123, -9.137e-07
-0.124, -9.204e-07
-0.125, -9.156e-07
-0.126, -9.252e-07
-0.127, -9.219e-07
-0.128, -9.374e-07
-0.129, -9.335e-07
-0.130, -9.293e-07
-0.131, -9.412e-07
-0.132, -9.386e-07
-0.133, -9.456e-07
-0.134, -9.434e-07
-0.135, -9.454e-07
-0.136, -9.558e-07
-0.137, -9.507e-07
-0.138, -9.592e-07
-0.139, -9.597e-07
-0.140, -9.558e-07
-0.141, -9.664e-07
-0.142, -9.620e-07
-0.143, -9.700e-07
-0.144, -9.724e-07
-0.145, -9.724e-07
-0.146, -9.817e-07
-0.147, -9.765e-07
-0.148, -9.861e-07
-0.149, -9.868e-07
-0.150, -9.851e-07
-0.151, -9.975e-07
-0.152, -9.909e-07
-0.153, -9.957e-07
-0.154, -1.000e-06
-0.155, -9.977e-07
-0.156, -1.012e-06
-0.157, -1.005e-06
-0.158, -1.011e-06
-0.159, -1.013e-06
-0.160, -1.014e-06
-0.161, -1.025e-06
-0.162, -1.019e-06
-0.163, -1.024e-06
-0.164, -1.029e-06
-0.165, -1.029e-06
-0.166, -1.029e-06
-0.167, -1.033e-06
-0.168, -1.041e-06
-0.169, -1.040e-06
-0.170, -1.042e-06
-0.171, -1.049e-06
-0.172, -1.046e-06
-0.173, -1.055e-06
-0.174, -1.053e-06
-0.175, -1.056e-06
-0.176, -1.065e-06
-0.177, -1.062e-06
-0.178, -1.069e-06
-0.179, -1.075e-06
-0.180, -1.071e-06
-0.181, -1.079e-06
-0.182, -1.072e-06
-0.183, -1.082e-06
-0.184, -1.084e-06
-0.185, -1.082e-06
-0.186, -1.093e-06
-0.187, -1.088e-06
-0.188, -1.096e-06
-0.189, -1.096e-06
-0.190, -1.095e-06
-0.191, -1.105e-06
-0.192, -1.097e-06
-0.193, -1.108e-06
-0.194, -1.108e-06
-0.195, -1.106e-06
-0.196, -1.121e-06
-0.197, -1.115e-06
-0.198, -1.121e-06
-0.199, -1.121e-06
-0.200, -1.121e-06
-0.201, -1.132e-06
-0.202, -1.127e-06
-0.203, -1.136e-06
-0.204, -1.127e-06
-0.205, -1.128e-06
-0.206, -1.140e-06
-0.207, -1.138e-06
-0.208, -1.148e-06
-0.209, -1.148e-06
-0.210, -1.148e-06
-0.211, -1.157e-06
-0.212, -1.155e-06
-0.213, -1.164e-06
-0.214, -1.160e-06
-0.215, -1.160e-06
-0.216, -1.174e-06
-0.217, -1.162e-06
-0.218, -1.173e-06
-0.219, -1.173e-06
-0.220, -1.175e-06
-0.221, -1.184e-06
-0.222, -1.179e-06
-0.223, -1.186e-06
-0.224, -1.188e-06
-0.225, -1.185e-06
-0.226, -1.197e-06
-0.227, -1.195e-06
-0.228, -1.202e-06
-0.229, -1.202e-06
-0.230, -1.203e-06
-0.231, -1.211e-06
-0.232, -1.208e-06
-0.233, -1.214e-06
-0.234, -1.215e-06
-0.235, -1.213e-06
-0.236, -1.225e-06
-0.237, -1.221e-06
-0.238, -1.227e-06
-0.239, -1.227e-06
-0.240, -1.227e-06
-0.241, -1.233e-06
-0.242, -1.235e-06
-0.243, -1.232e-06
-0.244, -1.242e-06
-0.245, -1.239e-06
-0.246, -1.245e-06
-0.247, -1.247e-06
-0.248, -1.256e-06
-0.249, -1.253e-06
-0.250, -1.254e-06
-0.251, -1.260e-06
-0.252, -1.261e-06
-0.253, -1.269e-06
-0.254, -1.266e-06
-0.255, -1.266e-06
-0.256, -1.276e-06
-0.257, -1.273e-06
-0.258, -1.278e-06
-0.259, -1.279e-06
-0.260, -1.280e-06
-0.261, -1.291e-06
-0.262, -1.285e-06
-0.263, -1.291e-06
-0.264, -1.293e-06
-0.265, -1.294e-06
-0.266, -1.303e-06
-0.267, -1.300e-06
-0.268, -1.304e-06
-0.269, -1.303e-06
-0.270, -1.303e-06
-0.271, -1.313e-06
-0.272, -1.312e-06
-0.273, -1.317e-06
-0.274, -1.317e-06
-0.275, -1.316e-06
-0.276, -1.328e-06
-0.277, -1.323e-06
-0.278, -1.329e-06
-0.279, -1.332e-06
-0.280, -1.331e-06
-0.281, -1.343e-06
-0.282, -1.337e-06
-0.283, -1.343e-06
-0.284, -1.342e-06
-0.285, -1.344e-06
-0.286, -1.350e-06
-0.287, -1.347e-06
-0.288, -1.355e-06
-0.289, -1.355e-06
-0.290, -1.355e-06
-0.291, -1.365e-06
-0.292, -1.362e-06
-0.293, -1.368e-06
-0.294, -1.362e-06
-0.295, -1.367e-06
-0.296, -1.376e-06
-0.297, -1.371e-06
-0.298, -1.380e-06
-0.299, -1.378e-06
-0.300, -1.381e-06
-0.301, -1.387e-06
-0.302, -1.384e-06
-0.303, -1.394e-06
-0.304, -1.394e-06
-0.305, -1.392e-06
-0.306, -1.403e-06
-0.307, -1.406e-06
-0.308, -1.407e-06
-0.309, -1.410e-06
-0.310, -1.404e-06
-0.311, -1.416e-06
-0.312, -1.413e-06
-0.313, -1.419e-06
-0.314, -1.419e-06
-0.315, -1.418e-06
-0.316, -1.430e-06
-0.317, -1.425e-06
-0.318, -1.430e-06
-0.319, -1.435e-06
-0.320, -1.428e-06
-0.321, -1.444e-06
-0.322, -1.436e-06
-0.323, -1.442e-06
-0.324, -1.448e-06
-0.325, -1.444e-06
-0.326, -1.453e-06
-0.327, -1.451e-06
-0.328, -1.457e-06
-0.329, -1.461e-06
-0.330, -1.459e-06
-0.331, -1.466e-06
-0.332, -1.469e-06
-0.333, -1.474e-06
-0.334, -1.469e-06
-0.335, -1.474e-06
-0.336, -1.483e-06
-0.337, -1.479e-06
-0.338, -1.483e-06
-0.339, -1.485e-06
-0.340, -1.485e-06
-0.341, -1.495e-06
-0.342, -1.491e-06
-0.343, -1.498e-06
-0.344, -1.501e-06
-0.345, -1.494e-06
-0.346, -1.506e-06
-0.347, -1.503e-06
-0.348, -1.513e-06
-0.349, -1.512e-06
-0.350, -1.514e-06
-0.351, -1.525e-06
-0.352, -1.517e-06
-0.353, -1.528e-06
-0.354, -1.526e-06
-0.355, -1.524e-06
-0.356, -1.539e-06
-0.357, -1.532e-06
-0.358, -1.537e-06
-0.359, -1.541e-06
-0.360, -1.541e-06
-0.361, -1.549e-06
-0.362, -1.545e-06
-0.363, -1.552e-06
-0.364, -1.556e-06
-0.365, -1.555e-06
-0.366, -1.562e-06
-0.367, -1.562e-06
-0.368, -1.567e-06
-0.369, -1.568e-06
-0.370, -1.566e-06
-0.371, -1.568e-06
-0.372, -1.573e-06
-0.373, -1.581e-06
-0.374, -1.579e-06
-0.375, -1.580e-06
-0.376, -1.589e-06
-0.377, -1.583e-06
-0.378, -1.594e-06
-0.379, -1.593e-06
-0.380, -1.594e-06
-0.381, -1.601e-06
-0.382, -1.596e-06
-0.383, -1.609e-06
-0.384, -1.613e-06
-0.385, -1.610e-06
-0.386, -1.617e-06
-0.387, -1.613e-06
-0.388, -1.623e-06
-0.389, -1.624e-06
-0.390, -1.621e-06
-0.391, -1.632e-06
-0.392, -1.626e-06
-0.393, -1.636e-06
-0.394, -1.633e-06
-0.395, -1.636e-06
-0.396, -1.644e-06
-0.397, -1.643e-06
-0.398, -1.648e-06
-0.399, -1.649e-06
-0.400, -1.652e-06
-0.401, -1.660e-06
-0.402, -1.661e-06
-0.403, -1.662e-06
-0.404, -1.667e-06
-0.405, -1.671e-06
-0.406, -1.673e-06
-0.407, -1.677e-06
-0.408, -1.680e-06
-0.409, -1.658e-06
-0.410, -1.678e-06
-0.411, -1.686e-06
-0.412, -1.690e-06
-0.413, -1.696e-06
-0.414, -1.692e-06
-0.415, -1.697e-06
-0.416, -1.704e-06
-0.417, -1.704e-06
-0.418, -1.710e-06
-0.419, -1.712e-06
-0.420, -1.715e-06
-0.421, -1.722e-06
-0.422, -1.709e-06
-0.423, -1.727e-06
-0.424, -1.726e-06
-0.425, -1.733e-06
-0.426, -1.737e-06
-0.427, -1.735e-06
-0.428, -1.747e-06
-0.429, -1.744e-06
-0.430, -1.747e-06
-0.431, -1.757e-06
-0.432, -1.750e-06
-0.433, -1.763e-06
-0.434, -1.761e-06
-0.435, -1.774e-06
-0.436, -1.776e-06
-0.437, -1.772e-06
-0.438, -1.778e-06
-0.439, -1.778e-06
-0.440, -1.788e-06
-0.441, -1.788e-06
-0.442, -1.788e-06
-0.443, -1.796e-06
-0.444, -1.796e-06
-0.445, -1.801e-06
-0.446, -1.806e-06
-0.447, -1.804e-06
-0.448, -1.808e-06
-0.449, -1.811e-06
-0.450, -1.815e-06
-0.451, -1.821e-06
-0.452, -1.819e-06
-0.453, -1.828e-06
-0.454, -1.824e-06
-0.455, -1.834e-06
-0.456, -1.836e-06
-0.457, -1.833e-06
-0.458, -1.842e-06
-0.459, -1.839e-06
-0.460, -1.849e-06
-0.461, -1.854e-06
-0.462, -1.847e-06
-0.463, -1.862e-06
-0.464, -1.857e-06
-0.465, -1.864e-06
-0.466, -1.869e-06
-0.467, -1.865e-06
-0.468, -1.878e-06
-0.469, -1.876e-06
-0.470, -1.878e-06
-0.471, -1.891e-06
-0.472, -1.884e-06
-0.473, -1.890e-06
-0.474, -1.888e-06
-0.475, -1.896e-06
-0.476, -1.903e-06
-0.477, -1.901e-06
-0.478, -1.908e-06
-0.479, -1.909e-06
-0.480, -1.914e-06
-0.481, -1.921e-06
-0.482, -1.918e-06
-0.483, -1.926e-06
-0.484, -1.923e-06
-0.485, -1.931e-06
-0.486, -1.939e-06
-0.487, -1.936e-06
-0.488, -1.943e-06
-0.489, -1.939e-06
-0.490, -1.947e-06
-0.491, -1.947e-06
-0.492, -1.950e-06
-0.493, -1.956e-06
-0.494, -1.954e-06
-0.495, -1.961e-06
-0.496, -1.966e-06
-0.497, -1.962e-06
-0.498, -1.971e-06
-0.499, -1.963e-06
-0.500, -1.978e-06
-0.501, -1.982e-06
-0.502, -1.977e-06
-0.503, -1.987e-06
-0.504, -1.985e-06
-0.505, -1.990e-06
-0.506, -1.997e-06
-0.507, -1.992e-06
-0.508, -2.003e-06
-0.509, -2.002e-06
-0.510, -2.002e-06
-0.511, -2.013e-06
-0.512, -2.018e-06
-0.513, -2.019e-06
-0.514, -2.016e-06
-0.515, -2.021e-06
-0.516, -2.034e-06
-0.517, -2.028e-06
-0.518, -2.034e-06
-0.519, -2.031e-06
-0.520, -2.040e-06
-0.521, -2.044e-06
-0.522, -2.042e-06
-0.523, -2.048e-06
-0.524, -2.047e-06
-0.525, -2.053e-06
-0.526, -2.058e-06
-0.527, -2.056e-06
-0.528, -2.067e-06
-0.529, -2.064e-06
-0.530, -2.070e-06
-0.531, -2.075e-06
-0.532, -2.078e-06
-0.533, -2.085e-06
-0.534, -2.080e-06
-0.535, -2.086e-06
-0.536, -2.096e-06
-0.537, -2.097e-06
-0.538, -2.103e-06
-0.539, -2.098e-06
-0.540, -2.107e-06
-0.541, -2.117e-06
-0.542, -2.109e-06
-0.543, -2.121e-06
-0.544, -2.117e-06
-0.545, -2.123e-06
-0.546, -2.132e-06
-0.547, -2.128e-06
-0.548, -2.141e-06
-0.549, -2.137e-06
-0.550, -2.136e-06
-0.551, -2.150e-06
-0.552, -2.148e-06
-0.553, -2.156e-06
-0.554, -2.155e-06
-0.555, -2.160e-06
-0.556, -2.169e-06
-0.557, -2.171e-06
-0.558, -2.174e-06
-0.559, -2.180e-06
-0.560, -2.181e-06
-0.561, -2.191e-06
-0.562, -2.188e-06
-0.563, -2.194e-06
-0.564, -2.197e-06
-0.565, -2.203e-06
-0.566, -2.212e-06
-0.567, -2.211e-06
-0.568, -2.221e-06
-0.569, -2.218e-06
-0.570, -2.226e-06
-0.571, -2.233e-06
-0.572, -2.235e-06
-0.573, -2.244e-06
-0.574, -2.240e-06
-0.575, -2.250e-06
-0.576, -2.252e-06
-0.577, -2.254e-06
-0.578, -2.267e-06
-0.579, -2.265e-06
-0.580, -2.277e-06
-0.581, -2.281e-06
-0.582, -2.280e-06
-0.583, -2.291e-06
-0.584, -2.290e-06
-0.585, -2.296e-06
-0.586, -2.304e-06
-0.587, -2.302e-06
-0.588, -2.320e-06
-0.589, -2.321e-06
-0.590, -2.318e-06
-0.591, -2.332e-06
-0.592, -2.328e-06
-0.593, -2.340e-06
-0.594, -2.341e-06
-0.595, -2.344e-06
-0.596, -2.356e-06
-0.597, -2.353e-06
-0.598, -2.364e-06
-0.599, -2.365e-06
-0.600, -2.373e-06
-0.601, -2.375e-06
-0.602, -2.376e-06
-0.603, -2.390e-06
-0.604, -2.394e-06
-0.605, -2.398e-06
-0.606, -2.405e-06
-0.607, -2.404e-06
-0.608, -2.415e-06
-0.609, -2.417e-06
-0.610, -2.421e-06
-0.611, -2.429e-06
-0.612, -2.431e-06
-0.613, -2.440e-06
-0.614, -2.421e-06
-0.615, -2.440e-06
-0.616, -2.452e-06
-0.617, -2.447e-06
-0.618, -2.461e-06
-0.619, -2.458e-06
-0.620, -2.466e-06
-0.621, -2.472e-06
-0.622, -2.467e-06
-0.623, -2.483e-06
-0.624, -2.485e-06
-0.625, -2.486e-06
-0.626, -2.491e-06
-0.627, -2.484e-06
-0.628, -2.505e-06
-0.629, -2.503e-06
-0.630, -2.506e-06
-0.631, -2.514e-06
-0.632, -2.511e-06
-0.633, -2.525e-06
-0.634, -2.519e-06
-0.635, -2.527e-06
-0.636, -2.537e-06
-0.637, -2.528e-06
-0.638, -2.540e-06
-0.639, -2.538e-06
-0.640, -2.554e-06
-0.641, -2.551e-06
-0.642, -2.549e-06
-0.643, -2.561e-06
-0.644, -2.558e-06
-0.645, -2.564e-06
-0.646, -2.567e-06
-0.647, -2.567e-06
-0.648, -2.578e-06
-0.649, -2.578e-06
-0.650, -2.583e-06
-0.651, -2.590e-06
-0.652, -2.585e-06
-0.653, -2.596e-06
-0.654, -2.597e-06
-0.655, -2.607e-06
-0.656, -2.611e-06
-0.657, -2.610e-06
-0.658, -2.622e-06
-0.659, -2.617e-06
-0.660, -2.632e-06
-0.661, -2.634e-06
-0.662, -2.632e-06
-0.663, -2.647e-06
-0.664, -2.646e-06
-0.665, -2.649e-06
-0.666, -2.657e-06
-0.667, -2.658e-06
-0.668, -2.676e-06
-0.669, -2.673e-06
-0.670, -2.678e-06
-0.671, -2.689e-06
-0.672, -2.690e-06
-0.673, -2.703e-06
-0.674, -2.706e-06
-0.675, -2.712e-06
-0.676, -2.721e-06
-0.677, -2.722e-06
-0.678, -2.729e-06
-0.679, -2.737e-06
-0.680, -2.752e-06
-0.681, -2.757e-06
-0.682, -2.759e-06
-0.683, -2.775e-06
-0.684, -2.781e-06
-0.685, -2.785e-06
-0.686, -2.795e-06
-0.687, -2.802e-06
-0.688, -2.819e-06
-0.689, -2.819e-06
-0.690, -2.832e-06
-0.691, -2.847e-06
-0.692, -2.856e-06
-0.693, -2.869e-06
-0.694, -2.873e-06
-0.695, -2.889e-06
-0.696, -2.897e-06
-0.697, -2.907e-06
-0.698, -2.930e-06
-0.699, -2.932e-06
-0.700, -2.955e-06
-0.701, -2.967e-06
-0.702, -2.972e-06
-0.703, -3.003e-06
-0.704, -2.999e-06
-0.705, -3.026e-06
-0.706, -3.039e-06
-0.707, -3.049e-06
-0.708, -3.082e-06
-0.709, -3.087e-06
-0.710, -3.113e-06
-0.711, -3.128e-06
-0.712, -3.146e-06
-0.713, -3.176e-06
-0.714, -3.187e-06
-0.715, -3.218e-06
-0.716, -3.244e-06
-0.717, -3.267e-06
-0.718, -3.295e-06
-0.719, -3.313e-06
-0.720, -3.344e-06
-0.721, -3.368e-06
-0.722, -3.391e-06
-0.723, -3.424e-06
-0.724, -3.449e-06
-0.725, -3.489e-06
-0.726, -3.511e-06
-0.727, -3.544e-06
-0.728, -3.585e-06
-0.729, -3.602e-06
-0.730, -3.649e-06
-0.731, -3.685e-06
-0.732, -3.727e-06
-0.733, -3.773e-06
-0.734, -3.804e-06
-0.735, -3.857e-06
-0.736, -3.894e-06
-0.737, -3.934e-06
-0.738, -3.998e-06
-0.739, -4.032e-06
-0.740, -4.089e-06
-0.741, -4.136e-06
-0.742, -4.193e-06
-0.743, -4.263e-06
-0.744, -4.301e-06
-0.745, -4.373e-06
-0.746, -4.431e-06
-0.747, -4.484e-06
-0.748, -4.564e-06
-0.749, -4.629e-06
-0.750, -4.702e-06
-0.751, -4.775e-06
-0.752, -4.841e-06
-0.753, -4.934e-06
-0.754, -5.012e-06
-0.755, -5.088e-06
-0.756, -5.180e-06
-0.757, -5.270e-06
-0.758, -5.365e-06
-0.759, -5.454e-06
-0.760, -5.575e-06
-0.761, -5.665e-06
-0.762, -5.769e-06
-0.763, -5.893e-06
-0.764, -5.996e-06
-0.765, -6.121e-06
-0.766, -6.236e-06
-0.767, -6.357e-06
-0.768, -6.489e-06
-0.769, -6.614e-06
-0.770, -6.769e-06
-0.771, -6.899e-06
-0.772, -7.064e-06
-0.773, -7.225e-06
-0.774, -7.362e-06
-0.775, -7.544e-06
-0.776, -7.707e-06
-0.777, -7.887e-06
-0.778, -8.092e-06
-0.779, -8.247e-06
-0.780, -8.452e-06
-0.781, -8.618e-06
-0.782, -8.824e-06
-0.783, -9.064e-06
-0.784, -9.275e-06
-0.785, -9.548e-06
-0.786, -9.746e-06
-0.787, -9.964e-06
-0.788, -1.026e-05
-0.789, -1.048e-05
-0.790, -1.078e-05
-0.791, -1.103e-05
-0.792, -1.131e-05
-0.793, -1.169e-05
-0.794, -1.193e-05
-0.795, -1.230e-05
-0.796, -1.257e-05
-0.797, -1.291e-05
-0.798, -1.324e-05
-0.799, -1.356e-05
-0.800, -1.397e-05
-0.801, -1.430e-05
-0.802, -1.469e-05
-0.803, -1.510e-05
-0.804, -1.547e-05
-0.805, -1.592e-05
-0.806, -1.624e-05
-0.807, -1.670e-05
-0.808, -1.719e-05
-0.809, -1.764e-05
-0.810, -1.812e-05
-0.811, -1.854e-05
-0.812, -1.907e-05
-0.813, -1.959e-05
-0.814, -2.006e-05
-0.815, -2.064e-05
-0.816, -2.117e-05
-0.817, -2.171e-05
-0.818, -2.229e-05
-0.819, -2.258e-05
-0.820, -2.333e-05
-0.821, -2.394e-05
-0.822, -2.451e-05
-0.823, -2.519e-05
-0.824, -2.572e-05
-0.825, -2.649e-05
-0.826, -2.703e-05
-0.827, -2.774e-05
-0.828, -2.840e-05
-0.829, -2.905e-05
-0.830, -2.980e-05
-0.831, -3.042e-05
-0.832, -3.100e-05
-0.833, -3.183e-05
-0.834, -3.249e-05
-0.835, -3.329e-05
-0.836, -3.398e-05
-0.837, -3.474e-05
-0.838, -3.545e-05
-0.839, -3.616e-05
-0.840, -3.697e-05
-0.841, -3.767e-05
-0.842, -3.847e-05
-0.843, -3.919e-05
-0.844, -3.990e-05
-0.845, -4.096e-05
-0.846, -4.149e-05
-0.847, -4.228e-05
-0.848, -4.303e-05
-0.849, -4.379e-05
-0.850, -4.456e-05
-0.851, -4.517e-05
-0.852, -4.595e-05
-0.853, -4.678e-05
-0.854, -4.735e-05
-0.855, -4.821e-05
-0.856, -4.882e-05
-0.857, -4.949e-05
-0.858, -5.016e-05
-0.859, -5.073e-05
-0.860, -5.163e-05
-0.861, -5.218e-05
-0.862, -5.290e-05
-0.863, -5.357e-05
-0.864, -5.411e-05
-0.865, -5.489e-05
-0.866, -5.540e-05
-0.867, -5.610e-05
-0.868, -5.679e-05
-0.869, -5.727e-05
-0.870, -5.790e-05
-0.871, -5.847e-05
-0.872, -5.900e-05
-0.873, -5.960e-05
-0.874, -6.001e-05
-0.875, -6.073e-05
-0.876, -6.117e-05
-0.877, -6.166e-05
-0.878, -6.227e-05
-0.879, -6.266e-05
-0.880, -6.332e-05
-0.881, -6.357e-05
-0.882, -6.423e-05
-0.883, -6.448e-05
-0.884, -6.500e-05
-0.885, -6.560e-05
-0.886, -6.591e-05
-0.887, -6.643e-05
-0.888, -6.687e-05
-0.889, -6.727e-05
-0.890, -6.787e-05
-0.891, -6.813e-05
-0.892, -6.863e-05
-0.893, -6.913e-05
-0.894, -6.938e-05
-0.895, -6.993e-05
-0.896, -7.052e-05
-0.897, -7.098e-05
-0.898, -7.129e-05
-0.899, -7.151e-05
-0.900, -7.218e-05
-0.901, -7.247e-05
-0.902, -7.288e-05
-0.903, -7.330e-05
-0.904, -7.365e-05
-0.905, -7.427e-05
-0.906, -7.457e-05
-0.907, -7.498e-05
-0.908, -7.544e-05
-0.909, -7.554e-05
-0.910, -7.627e-05
-0.911, -7.648e-05
-0.912, -7.706e-05
-0.913, -7.753e-05
-0.914, -7.782e-05
-0.915, -7.833e-05
-0.916, -7.863e-05
-0.917, -7.919e-05
-0.918, -7.952e-05
-0.919, -7.983e-05
-0.920, -8.036e-05
-0.921, -8.082e-05
-0.922, -8.128e-05
-0.923, -8.160e-05
-0.924, -8.180e-05
-0.925, -8.237e-05
-0.926, -8.256e-05
-0.927, -8.300e-05
-0.928, -8.326e-05
-0.929, -8.355e-05
-0.930, -8.408e-05
-0.931, -8.415e-05
-0.932, -8.459e-05
-0.933, -8.493e-05
-0.934, -8.486e-05
-0.935, -8.533e-05
-0.936, -8.544e-05
-0.937, -8.586e-05
-0.938, -8.609e-05
-0.939, -8.621e-05
-0.940, -8.653e-05
-0.941, -8.658e-05
-0.942, -8.681e-05
-0.943, -8.695e-05
-0.944, -8.700e-05
-0.945, -8.734e-05
-0.946, -8.729e-05
-0.947, -8.763e-05
-0.948, -8.765e-05
-0.949, -8.761e-05
-0.950, -8.768e-05
-0.951, -8.766e-05
-0.952, -8.765e-05
-0.953, -8.773e-05
-0.954, -8.758e-05
-0.955, -8.759e-05
-0.956, -8.751e-05
-0.957, -8.751e-05
-0.958, -8.740e-05
-0.959, -8.721e-05
-0.960, -8.704e-05
-0.961, -8.698e-05
-0.962, -8.692e-05
-0.963, -8.676e-05
-0.964, -8.656e-05
-0.965, -8.647e-05
-0.966, -8.615e-05
-0.967, -8.603e-05
-0.968, -8.582e-05
-0.969, -8.559e-05
-0.970, -8.542e-05
-0.971, -8.511e-05
-0.972, -8.493e-05
-0.973, -8.464e-05
-0.974, -8.436e-05
-0.975, -8.417e-05
-0.976, -8.381e-05
-0.977, -8.360e-05
-0.978, -8.333e-05
-0.979, -8.295e-05
-0.980, -8.273e-05
-0.981, -8.238e-05
-0.982, -8.211e-05
-0.983, -8.183e-05
-0.984, -8.146e-05
-0.985, -8.117e-05
-0.986, -8.077e-05
-0.987, -8.049e-05
-0.988, -8.022e-05
-0.989, -7.985e-05
-0.990, -7.957e-05
-0.991, -7.918e-05
-0.992, -7.888e-05
-0.993, -7.857e-05
-0.994, -7.821e-05
-0.995, -7.790e-05
-0.996, -7.752e-05
-0.997, -7.723e-05
-0.998, -7.694e-05
-0.999, -7.654e-05
-1.000, -7.626e-05
-1.001, -7.589e-05
-1.002, -7.556e-05
-1.003, -7.524e-05
-1.004, -7.489e-05
-1.005, -7.460e-05
-1.006, -7.422e-05
-1.007, -7.391e-05
-1.008, -7.358e-05
-1.009, -7.328e-05
-1.010, -7.297e-05
-1.011, -7.256e-05
-1.012, -7.231e-05
-1.013, -7.201e-05
-1.014, -7.166e-05
-1.015, -7.140e-05
-1.016, -7.106e-05
-1.017, -7.078e-05
-1.018, -7.047e-05
-1.019, -7.015e-05
-1.020, -6.989e-05
-1.021, -6.957e-05
-1.022, -6.927e-05
-1.023, -6.900e-05
-1.024, -6.861e-05
-1.025, -6.841e-05
-1.026, -6.812e-05
-1.027, -6.787e-05
-1.028, -6.759e-05
-1.029, -6.731e-05
-1.030, -6.705e-05
-1.031, -6.678e-05
-1.032, -6.651e-05
-1.033, -6.628e-05
-1.034, -6.600e-05
-1.035, -6.577e-05
-1.036, -6.549e-05
-1.037, -6.524e-05
-1.038, -6.502e-05
-1.039, -6.474e-05
-1.040, -6.453e-05
-1.041, -6.427e-05
-1.042, -6.405e-05
-1.043, -6.381e-05
-1.044, -6.358e-05
-1.045, -6.336e-05
-1.046, -6.311e-05
-1.047, -6.290e-05
-1.048, -6.268e-05
-1.049, -6.246e-05
-1.050, -6.225e-05
-1.051, -6.202e-05
-1.052, -6.182e-05
-1.053, -6.160e-05
-1.054, -6.138e-05
-1.055, -6.120e-05
-1.056, -6.097e-05
-1.057, -6.078e-05
-1.058, -6.058e-05
-1.059, -6.037e-05
-1.060, -6.020e-05
-1.061, -5.999e-05
-1.062, -5.979e-05
-1.063, -5.962e-05
-1.064, -5.943e-05
-1.065, -5.925e-05
-1.066, -5.905e-05
-1.067, -5.888e-05
-1.068, -5.871e-05
-1.069, -5.852e-05
-1.070, -5.835e-05
-1.071, -5.817e-05
-1.072, -5.800e-05
-1.073, -5.784e-05
-1.074, -5.766e-05
-1.075, -5.750e-05
-1.076, -5.734e-05
-1.077, -5.717e-05
-1.078, -5.701e-05
-1.079, -5.685e-05
-1.080, -5.669e-05
-1.081, -5.654e-05
-1.082, -5.639e-05
-1.083, -5.623e-05
-1.084, -5.608e-05
-1.085, -5.594e-05
-1.086, -5.578e-05
-1.087, -5.563e-05
-1.088, -5.548e-05
-1.089, -5.534e-05
-1.090, -5.520e-05
-1.091, -5.506e-05
-1.092, -5.493e-05
-1.093, -5.479e-05
-1.094, -5.464e-05
-1.095, -5.451e-05
-1.096, -5.437e-05
-1.097, -5.424e-05
-1.098, -5.412e-05
-1.099, -5.397e-05
-1.100, -5.386e-05
-1.101, -5.372e-05
-1.102, -5.359e-05
-1.103, -5.347e-05
-1.104, -5.334e-05
-1.105, -5.322e-05
-1.106, -5.309e-05
-1.107, -5.298e-05
-1.108, -5.286e-05
-1.109, -5.274e-05
-1.110, -5.262e-05
-1.111, -5.251e-05
-1.112, -5.239e-05
-1.113, -5.227e-05
-1.114, -5.215e-05
-1.115, -5.205e-05
-1.116, -5.194e-05
-1.117, -5.182e-05
-1.118, -5.172e-05
-1.119, -5.160e-05
-1.120, -5.150e-05
-1.121, -5.138e-05
-1.122, -5.128e-05
-1.123, -5.117e-05
-1.124, -5.108e-05
-1.125, -5.098e-05
-1.126, -5.088e-05
-1.127, -5.078e-05
-1.128, -5.067e-05
-1.129, -5.057e-05
-1.130, -5.048e-05
-1.131, -5.038e-05
-1.132, -5.028e-05
-1.133, -5.019e-05
-1.134, -5.009e-05
-1.135, -5.000e-05
-1.136, -4.990e-05
-1.137, -4.980e-05
-1.138, -4.971e-05
-1.139, -4.960e-05
-1.140, -4.953e-05
-1.141, -4.943e-05
-1.142, -4.934e-05
-1.143, -4.926e-05
-1.144, -4.917e-05
-1.145, -4.908e-05
-1.146, -4.900e-05
-1.147, -4.891e-05
-1.148, -4.882e-05
-1.149, -4.873e-05
-1.150, -4.865e-05
-1.151, -4.857e-05
-1.152, -4.849e-05
-1.153, -4.841e-05
-1.154, -4.832e-05
-1.155, -4.824e-05
-1.156, -4.816e-05
-1.157, -4.808e-05
-1.158, -4.800e-05
-1.159, -4.792e-05
-1.160, -4.784e-05
-1.161, -4.776e-05
-1.162, -4.768e-05
-1.163, -4.761e-05
-1.164, -4.752e-05
-1.165, -4.745e-05
-1.166, -4.737e-05
-1.167, -4.730e-05
-1.168, -4.723e-05
-1.169, -4.715e-05
-1.170, -4.709e-05
-1.171, -4.701e-05
-1.172, -4.694e-05
-1.173, -4.687e-05
-1.174, -4.678e-05
-1.175, -4.672e-05
-1.176, -4.665e-05
-1.177, -4.657e-05
-1.178, -4.651e-05
-1.179, -4.643e-05
-1.180, -4.637e-05
-1.181, -4.630e-05
-1.182, -4.623e-05
-1.183, -4.617e-05
-1.184, -4.609e-05
-1.185, -4.603e-05
-1.186, -4.596e-05
-1.187, -4.590e-05
-1.188, -4.583e-05
-1.189, -4.577e-05
-1.190, -4.570e-05
-1.191, -4.564e-05
-1.192, -4.557e-05
-1.193, -4.552e-05
-1.194, -4.545e-05
-1.195, -4.539e-05
-1.196, -4.532e-05
-1.197, -4.526e-05
-1.198, -4.521e-05
-1.199, -4.514e-05
-1.200, -4.509e-05
-1.201, -4.502e-05
-1.202, -4.496e-05
-1.203, -4.491e-05
-1.204, -4.484e-05
-1.205, -4.479e-05
-1.206, -4.473e-05
-1.207, -4.467e-05
-1.208, -4.461e-05
-1.209, -4.455e-05
-1.210, -4.450e-05
-1.211, -4.444e-05
-1.212, -4.439e-05
-1.213, -4.433e-05
-1.214, -4.427e-05
-1.215, -4.422e-05
-1.216, -4.416e-05
-1.217, -4.411e-05
-1.218, -4.405e-05
-1.219, -4.399e-05
-1.220, -4.395e-05
-1.221, -4.389e-05
-1.222, -4.384e-05
-1.223, -4.379e-05
-1.224, -4.373e-05
-1.225, -4.369e-05
-1.226, -4.362e-05
-1.227, -4.358e-05
-1.228, -4.352e-05
-1.229, -4.346e-05
-1.230, -4.342e-05
-1.231, -4.336e-05
-1.232, -4.332e-05
-1.233, -4.328e-05
-1.234, -4.323e-05
-1.235, -4.318e-05
-1.236, -4.313e-05
-1.237, -4.308e-05
-1.238, -4.303e-05
-1.239, -4.298e-05
-1.240, -4.294e-05
-1.241, -4.287e-05
-1.242, -4.283e-05
-1.243, -4.278e-05
-1.244, -4.274e-05
-1.245, -4.270e-05
-1.246, -4.264e-05
-1.247, -4.260e-05
-1.248, -4.256e-05
-1.249, -4.251e-05
-1.250, -4.247e-05
-1.251, -4.242e-05
-1.252, -4.238e-05
-1.253, -4.233e-05
-1.254, -4.229e-05
-1.255, -4.226e-05
-1.256, -4.220e-05
-1.257, -4.216e-05
-1.258, -4.211e-05
-1.259, -4.207e-05
-1.260, -4.204e-05
-1.261, -4.199e-05
-1.262, -4.195e-05
-1.263, -4.190e-05
-1.264, -4.186e-05
-1.265, -4.183e-05
-1.266, -4.178e-05
-1.267, -4.174e-05
-1.268, -4.169e-05
-1.269, -4.165e-05
-1.270, -4.161e-05
-1.271, -4.157e-05
-1.272, -4.154e-05
-1.273, -4.149e-05
-1.274, -4.145e-05
-1.275, -4.142e-05
-1.276, -4.138e-05
-1.277, -4.134e-05
-1.278, -4.130e-05
-1.279, -4.126e-05
-1.280, -4.123e-05
-1.281, -4.118e-05
-1.282, -4.115e-05
-1.283, -4.110e-05
-1.284, -4.107e-05
-1.285, -4.104e-05
-1.286, -4.099e-05
-1.287, -4.096e-05
-1.288, -4.092e-05
-1.289, -4.089e-05
-1.290, -4.086e-05
-1.291, -4.081e-05
-1.292, -4.078e-05
-1.293, -4.075e-05
-1.294, -4.070e-05
-1.295, -4.068e-05
-1.296, -4.063e-05
-1.297, -4.061e-05
-1.298, -4.056e-05
-1.299, -4.053e-05
-1.300, -4.050e-05
-1.301, -4.046e-05
-1.302, -4.043e-05
-1.303, -4.040e-05
-1.304, -4.036e-05
-1.305, -4.034e-05
-1.306, -4.030e-05
-1.307, -4.027e-05
-1.308, -4.023e-05
-1.309, -4.019e-05
-1.310, -4.016e-05
-1.311, -4.012e-05
-1.312, -4.010e-05
-1.313, -4.007e-05
-1.314, -4.003e-05
-1.315, -4.000e-05
-1.316, -3.996e-05
-1.317, -3.993e-05
-1.318, -3.990e-05
-1.319, -3.987e-05
-1.320, -3.984e-05
-1.321, -3.980e-05
-1.322, -3.978e-05
-1.323, -3.975e-05
-1.324, -3.971e-05
-1.325, -3.969e-05
-1.326, -3.965e-05
-1.327, -3.962e-05
-1.328, -3.959e-05
-1.329, -3.956e-05
-1.330, -3.954e-05
-1.331, -3.950e-05
-1.332, -3.948e-05
-1.333, -3.944e-05
-1.334, -3.941e-05
-1.335, -3.939e-05
-1.336, -3.935e-05
-1.337, -3.933e-05
-1.338, -3.930e-05
-1.339, -3.927e-05
-1.340, -3.925e-05
-1.341, -3.921e-05
-1.342, -3.918e-05
-1.343, -3.915e-05
-1.344, -3.911e-05
-1.345, -3.910e-05
-1.346, -3.906e-05
-1.347, -3.904e-05
-1.348, -3.901e-05
-1.349, -3.897e-05
-1.350, -3.896e-05
-1.351, -3.892e-05
-1.352, -3.890e-05
-1.353, -3.888e-05
-1.354, -3.885e-05
-1.355, -3.883e-05
-1.356, -3.880e-05
-1.357, -3.878e-05
-1.358, -3.874e-05
-1.359, -3.871e-05
-1.360, -3.869e-05
-1.361, -3.866e-05
-1.362, -3.864e-05
-1.363, -3.861e-05
-1.364, -3.859e-05
-1.365, -3.857e-05
-1.366, -3.853e-05
-1.367, -3.851e-05
-1.368, -3.849e-05
-1.369, -3.845e-05
-1.370, -3.844e-05
-1.371, -3.841e-05
-1.372, -3.839e-05
-1.373, -3.836e-05
-1.374, -3.834e-05
-1.375, -3.832e-05
-1.376, -3.829e-05
-1.377, -3.827e-05
-1.378, -3.824e-05
-1.379, -3.821e-05
-1.380, -3.821e-05
-1.381, -3.817e-05
-1.382, -3.815e-05
-1.383, -3.813e-05
-1.384, -3.810e-05
-1.385, -3.809e-05
-1.386, -3.805e-05
-1.387, -3.803e-05
-1.388, -3.801e-05
-1.389, -3.798e-05
-1.390, -3.796e-05
-1.391, -3.794e-05
-1.392, -3.793e-05
-1.393, -3.790e-05
-1.394, -3.788e-05
-1.395, -3.786e-05
-1.396, -3.784e-05
-1.397, -3.782e-05
-1.398, -3.778e-05
-1.399, -3.776e-05
-1.400, -3.775e-05
-1.401, -3.772e-05
-1.402, -3.770e-05
-1.403, -3.768e-05
-1.404, -3.766e-05
-1.405, -3.764e-05
-1.406, -3.762e-05
-1.407, -3.760e-05
-1.408, -3.759e-05
-1.409, -3.756e-05
-1.410, -3.754e-05
-1.411, -3.751e-05
-1.412, -3.750e-05
-1.413, -3.747e-05
-1.414, -3.745e-05
-1.415, -3.744e-05
-1.416, -3.742e-05
-1.417, -3.740e-05
-1.418, -3.738e-05
-1.419, -3.736e-05
-1.420, -3.735e-05
-1.421, -3.732e-05
-1.422, -3.730e-05
-1.423, -3.728e-05
-1.424, -3.726e-05
-1.425, -3.724e-05
-1.426, -3.722e-05
-1.427, -3.720e-05
-1.428, -3.719e-05
-1.429, -3.717e-05
-1.430, -3.715e-05
-1.431, -3.713e-05
-1.432, -3.712e-05
-1.433, -3.709e-05
-1.434, -3.707e-05
-1.435, -3.706e-05
-1.436, -3.704e-05
-1.437, -3.702e-05
-1.438, -3.700e-05
-1.439, -3.698e-05
-1.440, -3.698e-05
-1.441, -3.695e-05
-1.442, -3.694e-05
-1.443, -3.692e-05
-1.444, -3.690e-05
-1.445, -3.690e-05
-1.446, -3.686e-05
-1.447, -3.686e-05
-1.448, -3.684e-05
-1.449, -3.682e-05
-1.450, -3.680e-05
-1.451, -3.678e-05
-1.452, -3.677e-05
-1.453, -3.675e-05
-1.454, -3.673e-05
-1.455, -3.672e-05
-1.456, -3.670e-05
-1.457, -3.669e-05
-1.458, -3.667e-05
-1.459, -3.666e-05
-1.460, -3.665e-05
-1.461, -3.662e-05
-1.462, -3.661e-05
-1.463, -3.660e-05
-1.464, -3.657e-05
-1.465, -3.656e-05
-1.466, -3.654e-05
-1.467, -3.653e-05
-1.468, -3.651e-05
-1.469, -3.650e-05
-1.470, -3.649e-05
-1.471, -3.646e-05
-1.472, -3.646e-05
-1.473, -3.644e-05
-1.474, -3.643e-05
-1.475, -3.642e-05
-1.476, -3.640e-05
-1.477, -3.639e-05
-1.478, -3.637e-05
-1.479, -3.636e-05
-1.480, -3.635e-05
-1.481, -3.632e-05
-1.482, -3.631e-05
-1.483, -3.630e-05
-1.484, -3.628e-05
-1.485, -3.628e-05
-1.486, -3.625e-05
-1.487, -3.625e-05
-1.488, -3.623e-05
-1.489, -3.621e-05
-1.490, -3.621e-05
-1.491, -3.619e-05
-1.492, -3.618e-05
-1.493, -3.617e-05
-1.494, -3.615e-05
-1.495, -3.615e-05
-1.496, -3.613e-05
-1.497, -3.611e-05
-1.498, -3.610e-05
-1.499, -3.609e-05
-1.500, -3.573e-05
-1.499, -3.550e-05
-1.498, -3.542e-05
-1.497, -3.532e-05
-1.496, -3.527e-05
-1.495, -3.521e-05
-1.494, -3.514e-05
-1.493, -3.509e-05
-1.492, -3.503e-05
-1.491, -3.498e-05
-1.490, -3.494e-05
-1.489, -3.488e-05
-1.488, -3.484e-05
-1.487, -3.479e-05
-1.486, -3.474e-05
-1.485, -3.471e-05
-1.484, -3.465e-05
-1.483, -3.462e-05
-1.482, -3.457e-05
-1.481, -3.454e-05
-1.480, -3.450e-05
-1.479, -3.445e-05
-1.478, -3.443e-05
-1.477, -3.438e-05
-1.476, -3.434e-05
-1.475, -3.431e-05
-1.474, -3.427e-05
-1.473, -3.424e-05
-1.472, -3.420e-05
-1.471, -3.416e-05
-1.470, -3.413e-05
-1.469, -3.409e-05
-1.468, -3.406e-05
-1.467, -3.402e-05
-1.466, -3.400e-05
-1.465, -3.397e-05
-1.464, -3.393e-05
-1.463, -3.390e-05
-1.462, -3.386e-05
-1.461, -3.384e-05
-1.460, -3.381e-05
-1.459, -3.376e-05
-1.458, -3.375e-05
-1.457, -3.371e-05
-1.456, -3.369e-05
-1.455, -3.366e-05
-1.454, -3.363e-05
-1.453, -3.361e-05
-1.452, -3.357e-05
-1.451, -3.355e-05
-1.450, -3.353e-05
-1.449, -3.349e-05
-1.448, -3.348e-05
-1.447, -3.345e-05
-1.446, -3.342e-05
-1.445, -3.339e-05
-1.444, -3.336e-05
-1.443, -3.334e-05
-1.442, -3.331e-05
-1.441, -3.328e-05
-1.440, -3.326e-05
-1.439, -3.323e-05
-1.438, -3.322e-05
-1.437, -3.319e-05
-1.436, -3.317e-05
-1.435, -3.315e-05
-1.434, -3.313e-05
-1.433, -3.311e-05
-1.432, -3.307e-05
-1.431, -3.305e-05
-1.430, -3.303e-05
-1.429, -3.300e-05
-1.428, -3.298e-05
-1.427, -3.295e-05
-1.426, -3.294e-05
-1.425, -3.292e-05
-1.424, -3.289e-05
-1.423, -3.287e-05
-1.422, -3.284e-05
-1.421, -3.283e-05
-1.420, -3.281e-05
-1.419, -3.278e-05
-1.418, -3.276e-05
-1.417, -3.273e-05
-1.416, -3.272e-05
-1.415, -3.269e-05
-1.414, -3.267e-05
-1.413, -3.266e-05
-1.412, -3.263e-05
-1.411, -3.261e-05
-1.410, -3.260e-05
-1.409, -3.257e-05
-1.408, -3.255e-05
-1.407, -3.253e-05
-1.406, -3.251e-05
-1.405, -3.250e-05
-1.404, -3.247e-05
-1.403, -3.246e-05
-1.402, -3.243e-05
-1.401, -3.242e-05
-1.400, -3.240e-05
-1.399, -3.237e-05
-1.398, -3.236e-05
-1.397, -3.234e-05
-1.396, -3.232e-05
-1.395, -3.231e-05
-1.394, -3.228e-05
-1.393, -3.227e-05
-1.392, -3.225e-05
-1.391, -3.223e-05
-1.390, -3.221e-05
-1.389, -3.219e-05
-1.388, -3.217e-05
-1.387, -3.215e-05
-1.386, -3.214e-05
-1.385, -3.213e-05
-1.384, -3.210e-05
-1.383, -3.209e-05
-1.382, -3.206e-05
-1.381, -3.205e-05
-1.380, -3.203e-05
-1.379, -3.201e-05
-1.378, -3.201e-05
-1.377, -3.198e-05
-1.376, -3.196e-05
-1.375, -3.195e-05
-1.374, -3.192e-05
-1.373, -3.192e-05
-1.372, -3.189e-05
-1.371, -3.188e-05
-1.370, -3.188e-05
-1.369, -3.185e-05
-1.368, -3.183e-05
-1.367, -3.181e-05
-1.366, -3.180e-05
-1.365, -3.179e-05
-1.364, -3.176e-05
-1.363, -3.176e-05
-1.362, -3.174e-05
-1.361, -3.172e-05
-1.360, -3.171e-05
-1.359, -3.169e-05
-1.358, -3.168e-05
-1.357, -3.165e-05
-1.356, -3.165e-05
-1.355, -3.163e-05
-1.354, -3.161e-05
-1.353, -3.160e-05
-1.352, -3.158e-05
-1.351, -3.156e-05
-1.350, -3.155e-05
-1.349, -3.153e-05
-1.348, -3.152e-05
-1.347, -3.150e-05
-1.346, -3.149e-05
-1.345, -3.148e-05
-1.344, -3.147e-05
-1.343, -3.145e-05
-1.342, -3.143e-05
-1.341, -3.142e-05
-1.340, -3.141e-05
-1.339, -3.139e-05
-1.338, -3.138e-05
-1.337, -3.136e-05
-1.336, -3.134e-05
-1.335, -3.133e-05
-1.334, -3.131e-05
-1.333, -3.131e-05
-1.332, -3.129e-05
-1.331, -3.127e-05
-1.330, -3.127e-05
-1.329, -3.124e-05
-1.328, -3.124e-05
-1.327, -3.121e-05
-1.326, -3.120e-05
-1.325, -3.119e-05
-1.324, -3.117e-05
-1.323, -3.116e-05
-1.322, -3.115e-05
-1.321, -3.114e-05
-1.320, -3.113e-05
-1.319, -3.111e-05
-1.318, -3.110e-05
-1.317, -3.108e-05
-1.316, -3.107e-05
-1.315, -3.106e-05
-1.314, -3.104e-05
-1.313, -3.103e-05
-1.312, -3.102e-05
-1.311, -3.101e-05
-1.310, -3.099e-05
-1.309, -3.098e-05
-1.308, -3.097e-05
-1.307, -3.095e-05
-1.306, -3.094e-05
-1.305, -3.093e-05
-1.304, -3.091e-05
-1.303, -3.091e-05
-1.302, -3.089e-05
-1.301, -3.088e-05
-1.300, -3.087e-05
-1.299, -3.085e-05
-1.298, -3.084e-05
-1.297, -3.082e-05
-1.296, -3.081e-05
-1.295, -3.081e-05
-1.294, -3.079e-05
-1.293, -3.079e-05
-1.292, -3.077e-05
-1.291, -3.075e-05
-1.290, -3.075e-05
-1.289, -3.073e-05
-1.288, -3.072e-05
-1.287, -3.070e-05
-1.286, -3.070e-05
-1.285, -3.069e-05
-1.284, -3.067e-05
-1.283, -3.067e-05
-1.282, -3.065e-05
-1.281, -3.064e-05
-1.280, -3.063e-05
-1.279, -3.061e-05
-1.278, -3.061e-05
-1.277, -3.059e-05
-1.276, -3.058e-05
-1.275, -3.057e-05
-1.274, -3.055e-05
-1.273, -3.055e-05
-1.272, -3.054e-05
-1.271, -3.053e-05
-1.270, -3.052e-05
-1.269, -3.050e-05
-1.268, -3.050e-05
-1.267, -3.048e-05
-1.266, -3.047e-05
-1.265, -3.046e-05
-1.264, -3.044e-05
-1.263, -3.044e-05
-1.262, -3.043e-05
-1.261, -3.042e-05
-1.260, -3.041e-05
-1.259, -3.039e-05
-1.258, -3.039e-05
-1.257, -3.037e-05
-1.256, -3.036e-05
-1.255, -3.034e-05
-1.254, -3.033e-05
-1.253, -3.034e-05
-1.252, -3.032e-05
-1.251, -3.031e-05
-1.250, -3.031e-05
-1.249, -3.029e-05
-1.248, -3.028e-05
-1.247, -3.026e-05
-1.246, -3.026e-05
-1.245, -3.025e-05
-1.244, -3.023e-05
-1.243, -3.023e-05
-1.242, -3.022e-05
-1.241, -3.021e-05
-1.240, -3.020e-05
-1.239, -3.018e-05
-1.238, -3.018e-05
-1.237, -3.017e-05
-1.236, -3.016e-05
-1.235, -3.015e-05
-1.234, -3.013e-05
-1.233, -3.013e-05
-1.232, -3.011e-05
-1.231, -3.010e-05
-1.230, -3.010e-05
-1.229, -3.011e-05
-1.228, -3.009e-05
-1.227, -3.007e-05
-1.226, -3.006e-05
-1.225, -3.005e-05
-1.224, -3.004e-05
-1.223, -3.004e-05
-1.222, -3.002e-05
-1.221, -3.002e-05
-1.220, -3.000e-05
-1.219, -2.999e-05
-1.218, -2.999e-05
-1.217, -2.997e-05
-1.216, -2.997e-05
-1.215, -2.996e-05
-1.214, -2.994e-05
-1.213, -2.994e-05
-1.212, -2.992e-05
-1.211, -2.991e-05
-1.210, -2.991e-05
-1.209, -2.989e-05
-1.208, -2.989e-05
-1.207, -2.987e-05
-1.206, -2.987e-05
-1.205, -2.986e-05
-1.204, -2.984e-05
-1.203, -2.984e-05
-1.202, -2.983e-05
-1.201, -2.982e-05
-1.200, -2.982e-05
-1.199, -2.980e-05
-1.198, -2.980e-05
-1.197, -2.978e-05
-1.196, -2.977e-05
-1.195, -2.976e-05
-1.194, -2.975e-05
-1.193, -2.975e-05
-1.192, -2.973e-05
-1.191, -2.974e-05
-1.190, -2.972e-05
-1.189, -2.971e-05
-1.188, -2.970e-05
-1.187, -2.969e-05
-1.186, -2.969e-05
-1.185, -2.968e-05
-1.184, -2.966e-05
-1.183, -2.966e-05
-1.182, -2.964e-05
-1.181, -2.965e-05
-1.180, -2.963e-05
-1.179, -2.961e-05
-1.178, -2.962e-05
-1.177, -2.960e-05
-1.176, -2.959e-05
-1.175, -2.958e-05
-1.174, -2.957e-05
-1.173, -2.958e-05
-1.172, -2.955e-05
-1.171, -2.955e-05
-1.170, -2.954e-05
-1.169, -2.953e-05
-1.168, -2.953e-05
-1.167, -2.950e-05
-1.166, -2.950e-05
-1.165, -2.950e-05
-1.164, -2.948e-05
-1.163, -2.948e-05
-1.162, -2.946e-05
-1.161, -2.946e-05
-1.160, -2.945e-05
-1.159, -2.943e-05
-1.158, -2.943e-05
-1.157, -2.942e-05
-1.156, -2.941e-05
-1.155, -2.940e-05
-1.154, -2.938e-05
-1.153, -2.938e-05
-1.152, -2.936e-05
-1.151, -2.936e-05
-1.150, -2.935e-05
-1.149, -2.934e-05
-1.148, -2.934e-05
-1.147, -2.932e-05
-1.146, -2.932e-05
-1.145, -2.930e-05
-1.144, -2.929e-05
-1.143, -2.929e-05
-1.142, -2.927e-05
-1.141, -2.927e-05
-1.140, -2.925e-05
-1.139, -2.925e-05
-1.138, -2.924e-05
-1.137, -2.922e-05
-1.136, -2.922e-05
-1.135, -2.921e-05
-1.134, -2.919e-05
-1.133, -2.920e-05
-1.132, -2.917e-05
-1.131, -2.917e-05
-1.130, -2.915e-05
-1.129, -2.913e-05
-1.128, -2.913e-05
-1.127, -2.911e-05
-1.126, -2.910e-05
-1.125, -2.910e-05
-1.124, -2.908e-05
-1.123, -2.908e-05
-1.122, -2.906e-05
-1.121, -2.905e-05
-1.120, -2.903e-05
-1.119, -2.901e-05
-1.118, -2.901e-05
-1.117, -2.899e-05
-1.116, -2.899e-05
-1.115, -2.896e-05
-1.114, -2.896e-05
-1.113, -2.895e-05
-1.112, -2.892e-05
-1.111, -2.892e-05
-1.110, -2.890e-05
-1.109, -2.888e-05
-1.108, -2.887e-05
-1.107, -2.885e-05
-1.106, -2.884e-05
-1.105, -2.882e-05
-1.104, -2.880e-05
-1.103, -2.879e-05
-1.102, -2.876e-05
-1.101, -2.875e-05
-1.100, -2.873e-05
-1.099, -2.871e-05
-1.098, -2.871e-05
-1.097, -2.867e-05
-1.096, -2.866e-05
-1.095, -2.864e-05
-1.094, -2.862e-05
-1.093, -2.861e-05
-1.092, -2.857e-05
-1.091, -2.856e-05
-1.090, -2.853e-05
-1.089, -2.850e-05
-1.088, -2.850e-05
-1.087, -2.846e-05
-1.086, -2.844e-05
-1.085, -2.841e-05
-1.084, -2.838e-05
-1.083, -2.837e-05
-1.082, -2.833e-05
-1.081, -2.831e-05
-1.080, -2.828e-05
-1.079, -2.824e-05
-1.078, -2.823e-05
-1.077, -2.818e-05
-1.076, -2.816e-05
-1.075, -2.813e-05
-1.074, -2.809e-05
-1.073, -2.807e-05
-1.072, -2.802e-05
-1.071, -2.799e-05
-1.070, -2.795e-05
-1.069, -2.791e-05
-1.068, -2.788e-05
-1.067, -2.783e-05
-1.066, -2.780e-05
-1.065, -2.776e-05
-1.064, -2.771e-05
-1.063, -2.767e-05
-1.062, -2.762e-05
-1.061, -2.759e-05
-1.060, -2.752e-05
-1.059, -2.747e-05
-1.058, -2.744e-05
-1.057, -2.736e-05
-1.056, -2.732e-05
-1.055, -2.726e-05
-1.054, -2.719e-05
-1.053, -2.716e-05
-1.052, -2.707e-05
-1.051, -2.702e-05
-1.050, -2.694e-05
-1.049, -2.687e-05
-1.048, -2.683e-05
-1.047, -2.674e-05
-1.046, -2.669e-05
-1.045, -2.661e-05
-1.044, -2.653e-05
-1.043, -2.646e-05
-1.042, -2.635e-05
-1.041, -2.629e-05
-1.040, -2.620e-05
-1.039, -2.610e-05
-1.038, -2.603e-05
-1.037, -2.595e-05
-1.036, -2.584e-05
-1.035, -2.573e-05
-1.034, -2.563e-05
-1.033, -2.554e-05
-1.032, -2.542e-05
-1.031, -2.533e-05
-1.030, -2.518e-05
-1.029, -2.509e-05
-1.028, -2.497e-05
-1.027, -2.482e-05
-1.026, -2.472e-05
-1.025, -2.456e-05
-1.024, -2.452e-05
-1.023, -2.434e-05
-1.022, -2.416e-05
-1.021, -2.404e-05
-1.020, -2.385e-05
-1.019, -2.371e-05
-1.018, -2.356e-05
-1.017, -2.335e-05
-1.016, -2.322e-05
-1.015, -2.299e-05
-1.014, -2.282e-05
-1.013, -2.267e-05
-1.012, -2.242e-05
-1.011, -2.229e-05
-1.010, -2.204e-05
-1.009, -2.183e-05
-1.008, -2.164e-05
-1.007, -2.136e-05
-1.006, -2.116e-05
-1.005, -2.090e-05
-1.004, -2.066e-05
-1.003, -2.041e-05
-1.002, -2.013e-05
-1.001, -1.990e-05
-1.000, -1.959e-05
-0.999, -1.927e-05
-0.998, -1.899e-05
-0.997, -1.869e-05
-0.996, -1.841e-05
-0.995, -1.804e-05
-0.994, -1.775e-05
-0.993, -1.742e-05
-0.992, -1.703e-05
-0.991, -1.673e-05
-0.990, -1.631e-05
-0.989, -1.596e-05
-0.988, -1.562e-05
-0.987, -1.514e-05
-0.986, -1.488e-05
-0.985, -1.437e-05
-0.984, -1.397e-05
-0.983, -1.352e-05
-0.982, -1.301e-05
-0.981, -1.265e-05
-0.980, -1.209e-05
-0.979, -1.167e-05
-0.978, -1.118e-05
-0.977, -1.059e-05
-0.976, -1.021e-05
-0.975, -9.554e-06
-0.974, -9.053e-06
-0.973, -8.614e-06
-0.972, -7.903e-06
-0.971, -7.431e-06
-0.970, -6.782e-06
-0.969, -6.232e-06
-0.968, -5.675e-06
-0.967, -4.947e-06
-0.966, -4.448e-06
-0.965, -3.778e-06
-0.964, -3.161e-06
-0.963, -2.488e-06
-0.962, -1.770e-06
-0.961, -1.251e-06
-0.960, -6.125e-07
-0.959, 1.738e-07
-0.958, 8.124e-07
-0.957, 1.547e-06
-0.956, 2.169e-06
-0.955, 3.033e-06
-0.954, 3.677e-06
-0.953, 4.371e-06
-0.952, 5.186e-06
-0.951, 5.748e-06
-0.950, 6.707e-06
-0.949, 7.278e-06
-0.948, 8.098e-06
-0.947, 9.057e-06
-0.946, 9.541e-06
-0.945, 1.043e-05
-0.944, 1.100e-05
-0.943, 1.169e-05
-0.942, 1.264e-05
-0.941, 1.315e-05
-0.940, 1.402e-05
-0.939, 1.465e-05
-0.938, 1.539e-05
-0.937, 1.622e-05
-0.936, 1.674e-05
-0.935, 1.759e-05
-0.934, 1.804e-05
-0.933, 1.874e-05
-0.932, 1.959e-05
-0.931, 2.007e-05
-0.930, 2.101e-05
-0.929, 2.152e-05
-0.928, 2.209e-05
-0.927, 2.289e-05
-0.926, 2.335e-05
-0.925, 2.416e-05
-0.924, 2.464e-05
-0.923, 2.528e-05
-0.922, 2.621e-05
-0.921, 2.651e-05
-0.920, 2.720e-05
-0.919, 2.769e-05
-0.918, 2.823e-05
-0.917, 2.883e-05
-0.916, 2.918e-05
-0.915, 2.991e-05
-0.914, 3.028e-05
-0.913, 3.083e-05
-0.912, 3.140e-05
-0.911, 3.180e-05
-0.910, 3.248e-05
-0.909, 3.253e-05
-0.908, 3.317e-05
-0.907, 3.376e-05
-0.906, 3.410e-05
-0.905, 3.470e-05
-0.904, 3.505e-05
-0.903, 3.558e-05
-0.902, 3.610e-05
-0.901, 3.627e-05
-0.900, 3.701e-05
-0.899, 3.726e-05
-0.898, 3.774e-05
-0.897, 3.830e-05
-0.896, 3.875e-05
-0.895, 3.931e-05
-0.894, 3.959e-05
-0.893, 4.003e-05
-0.892, 4.055e-05
-0.891, 4.080e-05
-0.890, 4.143e-05
-0.889, 4.175e-05
-0.888, 4.222e-05
-0.887, 4.273e-05
-0.886, 4.298e-05
-0.885, 4.358e-05
-0.884, 4.389e-05
-0.883, 4.423e-05
-0.882, 4.489e-05
-0.881, 4.514e-05
-0.880, 4.575e-05
-0.879, 4.606e-05
-0.878, 4.658e-05
-0.877, 4.706e-05
-0.876, 4.737e-05
-0.875, 4.799e-05
-0.874, 4.829e-05
-0.873, 4.872e-05
-0.872, 4.915e-05
-0.871, 4.950e-05
-0.870, 5.002e-05
-0.869, 5.024e-05
-0.868, 5.071e-05
-0.867, 5.115e-05
-0.866, 5.135e-05
-0.865, 5.189e-05
-0.864, 5.201e-05
-0.863, 5.256e-05
-0.862, 5.292e-05
-0.861, 5.293e-05
-0.860, 5.345e-05
-0.859, 5.368e-05
-0.858, 5.379e-05
-0.857, 5.410e-05
-0.856, 5.411e-05
-0.855, 5.465e-05
-0.854, 5.465e-05
-0.853, 5.490e-05
-0.852, 5.520e-05
-0.851, 5.511e-05
-0.850, 5.545e-05
-0.849, 5.544e-05
-0.848, 5.557e-05
-0.847, 5.573e-05
-0.846, 5.570e-05
-0.845, 5.608e-05
-0.844, 5.590e-05
-0.843, 5.592e-05
-0.842, 5.598e-05
-0.841, 5.581e-05
-0.840, 5.586e-05
-0.839, 5.578e-05
-0.838, 5.577e-05
-0.837, 5.569e-05
-0.836, 5.546e-05
-0.835, 5.557e-05
-0.834, 5.532e-05
-0.833, 5.518e-05
-0.832, 5.493e-05
-0.831, 5.482e-05
-0.830, 5.478e-05
-0.829, 5.443e-05
-0.828, 5.427e-05
-0.827, 5.423e-05
-0.826, 5.387e-05
-0.825, 5.374e-05
-0.824, 5.337e-05
-0.823, 5.320e-05
-0.822, 5.297e-05
-0.821, 5.259e-05
-0.820, 5.239e-05
-0.819, 5.181e-05
-0.818, 5.168e-05
-0.817, 5.146e-05
-0.816, 5.102e-05
-0.815, 5.086e-05
-0.814, 5.050e-05
-0.813, 5.012e-05
-0.812, 4.989e-05
-0.811, 4.948e-05
-0.810, 4.920e-05
-0.809, 4.880e-05
-0.808, 4.848e-05
-0.807, 4.814e-05
-0.806, 4.770e-05
-0.805, 4.739e-05
-0.804, 4.705e-05
-0.803, 4.666e-05
-0.802, 4.638e-05
-0.801, 4.593e-05
-0.800, 4.564e-05
-0.799, 4.523e-05
-0.798, 4.489e-05
-0.797, 4.455e-05
-0.796, 4.415e-05
-0.795, 4.384e-05
-0.794, 4.349e-05
-0.793, 4.312e-05
-0.792, 4.278e-05
-0.791, 4.238e-05
-0.790, 4.206e-05
-0.789, 4.168e-05
-0.788, 4.132e-05
-0.787, 4.100e-05
-0.786, 4.062e-05
-0.785, 4.031e-05
-0.784, 3.992e-05
-0.783, 3.961e-05
-0.782, 3.930e-05
-0.781, 3.887e-05
-0.780, 3.859e-05
-0.779, 3.824e-05
-0.778, 3.792e-05
-0.777, 3.761e-05
-0.776, 3.727e-05
-0.775, 3.699e-05
-0.774, 3.666e-05
-0.773, 3.633e-05
-0.772, 3.605e-05
-0.771, 3.572e-05
-0.770, 3.543e-05
-0.769, 3.513e-05
-0.768, 3.482e-05
-0.767, 3.455e-05
-0.766, 3.425e-05
-0.765, 3.397e-05
-0.764, 3.368e-05
-0.763, 3.340e-05
-0.762, 3.314e-05
-0.761, 3.284e-05
-0.760, 3.259e-05
-0.759, 3.233e-05
-0.758, 3.205e-05
-0.757, 3.180e-05
-0.756, 3.154e-05
-0.755, 3.128e-05
-0.754, 3.103e-05
-0.753, 3.078e-05
-0.752, 3.054e-05
-0.751, 3.029e-05
-0.750, 3.007e-05
-0.749, 2.982e-05
-0.748, 2.958e-05
-0.747, 2.937e-05
-0.746, 2.912e-05
-0.745, 2.892e-05
-0.744, 2.868e-05
-0.743, 2.848e-05
-0.742, 2.827e-05
-0.741, 2.804e-05
-0.740, 2.784e-05
-0.739, 2.762e-05
-0.738, 2.741e-05
-0.737, 2.722e-05
-0.736, 2.701e-05
-0.735, 2.683e-05
-0.734, 2.663e-05
-0.733, 2.643e-05
-0.732, 2.626e-05
-0.731, 2.605e-05
-0.730, 2.587e-05
-0.729, 2.568e-05
-0.728, 2.550e-05
-0.727, 2.533e-05
-0.726, 2.514e-05
-0.725, 2.498e-05
-0.724, 2.480e-05
-0.723, 2.463e-05
-0.722, 2.447e-05
-0.721, 2.429e-05
-0.720, 2.413e-05
-0.719, 2.397e-05
-0.718, 2.380e-05
-0.717, 2.365e-05
-0.716, 2.348e-05
-0.715, 2.334e-05
-0.714, 2.317e-05
-0.713, 2.302e-05
-0.712, 2.287e-05
-0.711, 2.272e-05
-0.710, 2.258e-05
-0.709, 2.243e-05
-0.708, 2.229e-05
-0.707, 2.215e-05
-0.706, 2.200e-05
-0.705, 2.187e-05
-0.704, 2.172e-05
-0.703, 2.158e-05
-0.702, 2.146e-05
-0.701, 2.132e-05
-0.700, 2.120e-05
-0.699, 2.107e-05
-0.698, 2.093e-05
-0.697, 2.082e-05
-0.696, 2.068e-05
-0.695, 2.056e-05
-0.694, 2.044e-05
-0.693, 2.031e-05
-0.692, 2.020e-05
-0.691, 2.008e-05
-0.690, 1.996e-05
-0.689, 1.984e-05
-0.688, 1.972e-05
-0.687, 1.961e-05
-0.686, 1.949e-05
-0.685, 1.938e-05
-0.684, 1.927e-05
-0.683, 1.916e-05
-0.682, 1.905e-05
-0.681, 1.894e-05
-0.680, 1.884e-05
-0.679, 1.872e-05
-0.678, 1.862e-05
-0.677, 1.852e-05
-0.676, 1.841e-05
-0.675, 1.832e-05
-0.674, 1.821e-05
-0.673, 1.811e-05
-0.672, 1.802e-05
-0.671, 1.791e-05
-0.670, 1.782e-05
-0.669, 1.772e-05
-0.668, 1.763e-05
-0.667, 1.754e-05
-0.666, 1.743e-05
-0.665, 1.735e-05
-0.664, 1.726e-05
-0.663, 1.717e-05
-0.662, 1.708e-05
-0.661, 1.698e-05
-0.660, 1.690e-05
-0.659, 1.681e-05
-0.658, 1.672e-05
-0.657, 1.664e-05
-0.656, 1.655e-05
-0.655, 1.647e-05
-0.654, 1.638e-05
-0.653, 1.628e-05
-0.652, 1.621e-05
-0.651, 1.613e-05
-0.650, 1.605e-05
-0.649, 1.597e-05
-0.648, 1.588e-05
-0.647, 1.582e-05
-0.646, 1.572e-05
-0.645, 1.565e-05
-0.644, 1.557e-05
-0.643, 1.549e-05
-0.642, 1.542e-05
-0.641, 1.534e-05
-0.640, 1.527e-05
-0.639, 1.519e-05
-0.638, 1.511e-05
-0.637, 1.504e-05
-0.636, 1.497e-05
-0.635, 1.490e-05
-0.634, 1.483e-05
-0.633, 1.475e-05
-0.632, 1.469e-05
-0.631, 1.461e-05
-0.630, 1.455e-05
-0.629, 1.447e-05
-0.628, 1.441e-05
-0.627, 1.434e-05
-0.626, 1.426e-05
-0.625, 1.421e-05
-0.624, 1.414e-05
-0.623, 1.407e-05
-0.622, 1.401e-05
-0.621, 1.393e-05
-0.620, 1.388e-05
-0.619, 1.381e-05
-0.618, 1.375e-05
-0.617, 1.369e-05
-0.616, 1.362e-05
-0.615, 1.355e-05
-0.614, 1.350e-05
-0.613, 1.343e-05
-0.612, 1.338e-05
-0.611, 1.331e-05
-0.610, 1.326e-05
-0.609, 1.320e-05
-0.608, 1.314e-05
-0.607, 1.308e-05
-0.606, 1.302e-05
-0.605, 1.297e-05
-0.604, 1.291e-05
-0.603, 1.284e-05
-0.602, 1.279e-05
-0.601, 1.273e-05
-0.600, 1.268e-05
-0.599, 1.262e-05
-0.598, 1.256e-05
-0.597, 1.251e-05
-0.596, 1.245e-05
-0.595, 1.241e-05
-0.594, 1.234e-05
-0.593, 1.229e-05
-0.592, 1.224e-05
-0.591, 1.218e-05
-0.590, 1.214e-05
-0.589, 1.209e-05
-0.588, 1.203e-05
-0.587, 1.199e-05
-0.586, 1.193e-05
-0.585, 1.188e-05
-0.584, 1.183e-05
-0.583, 1.178e-05
-0.582, 1.173e-05
-0.581, 1.167e-05
-0.580, 1.163e-05
-0.579, 1.158e-05
-0.578, 1.153e-05
-0.577, 1.149e-05
-0.576, 1.143e-05
-0.575, 1.139e-05
-0.574, 1.134e-05
-0.573, 1.129e-05
-0.572, 1.125e-05
-0.571, 1.120e-05
-0.570, 1.115e-05
-0.569, 1.111e-05
-0.568, 1.106e-05
-0.567, 1.102e-05
-0.566, 1.097e-05
-0.565, 1.093e-05
-0.564, 1.088e-05
-0.563, 1.084e-05
-0.562, 1.080e-05
-0.561, 1.075e-05
-0.560, 1.071e-05
-0.559, 1.066e-05
-0.558, 1.062e-05
-0.557, 1.058e-05
-0.556, 1.053e-05
-0.555, 1.050e-05
-0.554, 1.045e-05
-0.553, 1.041e-05
-0.552, 1.037e-05
-0.551, 1.031e-05
-0.550, 1.028e-05
-0.549, 1.024e-05
-0.548, 1.020e-05
-0.547, 1.017e-05
-0.546, 1.012e-05
-0.545, 1.008e-05
-0.544, 1.004e-05
-0.543, 1.001e-05
-0.542, 9.969e-06
-0.541, 9.916e-06
-0.540, 9.889e-06
-0.539, 9.848e-06
-0.538, 9.815e-06
-0.537, 9.775e-06
-0.536, 9.730e-06
-0.535, 9.697e-06
-0.534, 9.657e-06
-0.533, 9.620e-06
-0.532, 9.592e-06
-0.531, 9.545e-06
-0.530, 9.513e-06
-0.529, 9.473e-06
-0.528, 9.435e-06
-0.527, 9.404e-06
-0.526, 9.363e-06
-0.525, 9.325e-06
-0.524, 9.289e-06
-0.523, 9.258e-06
-0.522, 9.225e-06
-0.521, 9.181e-06
-0.520, 9.158e-06
-0.519, 9.119e-06
-0.518, 9.084e-06
-0.517, 9.054e-06
-0.516, 9.012e-06
-0.515, 8.985e-06
-0.514, 8.943e-06
-0.513, 8.914e-06
-0.512, 8.890e-06
-0.511, 8.846e-06
-0.510, 8.819e-06
-0.509, 8.779e-06
-0.508, 8.753e-06
-0.507, 8.723e-06
-0.506, 8.679e-06
-0.505, 8.655e-06
-0.504, 8.618e-06
-0.503, 8.592e-06
-0.502, 8.563e-06
-0.501, 8.521e-06
-0.500, 8.494e-06
-0.499, 8.454e-06
-0.498, 8.430e-06
-0.497, 8.405e-06
-0.496, 8.365e-06
-0.495, 8.344e-06
-0.494, 8.306e-06
-0.493, 8.278e-06
-0.492, 8.254e-06
-0.491, 8.216e-06
-0.490, 8.192e-06
-0.489, 8.158e-06
-0.488, 8.136e-06
-0.487, 8.113e-06
-0.486, 8.071e-06
-0.485, 8.049e-06
-0.484, 8.010e-06
-0.483, 7.989e-06
-0.482, 7.956e-06
-0.481, 7.924e-06
-0.480, 7.904e-06
-0.479, 7.871e-06
-0.478, 7.847e-06
-0.477, 7.817e-06
-0.476, 7.783e-06
-0.475, 7.764e-06
-0.474, 7.718e-06
-0.473, 7.699e-06
-0.472, 7.675e-06
-0.471, 7.640e-06
-0.470, 7.621e-06
-0.469, 7.587e-06
-0.468, 7.566e-06
-0.467, 7.544e-06
-0.466, 7.501e-06
-0.465, 7.486e-06
-0.464, 7.452e-06
-0.463, 7.432e-06
-0.462, 7.412e-06
-0.461, 7.372e-06
-0.460, 7.356e-06
-0.459, 7.327e-06
-0.458, 7.304e-06
-0.457, 7.283e-06
-0.456, 7.250e-06
-0.455, 7.233e-06
-0.454, 7.202e-06
-0.453, 7.178e-06
-0.452, 7.162e-06
-0.451, 7.130e-06
-0.450, 7.107e-06
-0.449, 7.079e-06
-0.448, 7.053e-06
-0.447, 7.038e-06
-0.446, 7.002e-06
-0.445, 6.981e-06
-0.444, 6.957e-06
-0.443, 6.941e-06
-0.442, 6.915e-06
-0.441, 6.885e-06
-0.440, 6.871e-06
-0.439, 6.842e-06
-0.438, 6.823e-06
-0.437, 6.800e-06
-0.436, 6.772e-06
-0.435, 6.761e-06
-0.434, 6.725e-06
-0.433, 6.707e-06
-0.432, 6.687e-06
-0.431, 6.659e-06
-0.430, 6.642e-06
-0.429, 6.613e-06
-0.428, 6.598e-06
-0.427, 6.577e-06
-0.426, 6.543e-06
-0.425, 6.530e-06
-0.424, 6.503e-06
-0.423, 6.479e-06
-0.422, 6.465e-06
-0.421, 6.436e-06
-0.420, 6.422e-06
-0.419, 6.396e-06
-0.418, 6.376e-06
-0.417, 6.361e-06
-0.416, 6.330e-06
-0.415, 6.319e-06
-0.414, 6.292e-06
-0.413, 6.271e-06
-0.412, 6.255e-06
-0.411, 6.231e-06
-0.410, 6.192e-06
-0.409, 6.185e-06
-0.408, 6.168e-06
-0.407, 6.154e-06
-0.406, 6.125e-06
-0.405, 6.111e-06
-0.404, 6.086e-06
-0.403, 6.069e-06
-0.402, 6.053e-06
-0.401, 6.023e-06
-0.400, 6.012e-06
-0.399, 5.986e-06
-0.398, 5.971e-06
-0.397, 5.947e-06
-0.396, 5.928e-06
-0.395, 5.918e-06
-0.394, 5.889e-06
-0.393, 5.876e-06
-0.392, 5.858e-06
-0.391, 5.836e-06
-0.390, 5.820e-06
-0.389, 5.794e-06
-0.388, 5.782e-06
-0.387, 5.766e-06
-0.386, 5.742e-06
-0.385, 5.730e-06
-0.384, 5.711e-06
-0.383, 5.691e-06
-0.382, 5.679e-06
-0.381, 5.648e-06
-0.380, 5.640e-06
-0.379, 5.620e-06
-0.378, 5.599e-06
-0.377, 5.585e-06
-0.376, 5.560e-06
-0.375, 5.549e-06
-0.374, 5.524e-06
-0.373, 5.508e-06
-0.372, 5.496e-06
-0.371, 5.469e-06
-0.370, 5.462e-06
-0.369, 5.441e-06
-0.368, 5.424e-06
-0.367, 5.411e-06
-0.366, 5.391e-06
-0.365, 5.372e-06
-0.364, 5.356e-06
-0.363, 5.341e-06
-0.362, 5.325e-06
-0.361, 5.302e-06
-0.360, 5.293e-06
-0.359, 5.273e-06
-0.358, 5.256e-06
-0.357, 5.243e-06
-0.356, 5.224e-06
-0.355, 5.215e-06
-0.354, 5.188e-06
-0.353, 5.179e-06
-0.352, 5.164e-06
-0.351, 5.139e-06
-0.350, 5.134e-06
-0.349, 5.109e-06
-0.348, 5.096e-06
-0.347, 5.088e-06
-0.346, 5.052e-06
-0.345, 5.051e-06
-0.344, 5.027e-06
-0.343, 5.017e-06
-0.342, 5.007e-06
-0.341, 4.984e-06
-0.340, 4.976e-06
-0.339, 4.956e-06
-0.338, 4.940e-06
-0.337, 4.927e-06
-0.336, 4.908e-06
-0.335, 4.903e-06
-0.334, 4.882e-06
-0.333, 4.873e-06
-0.332, 4.856e-06
-0.331, 4.837e-06
-0.330, 4.825e-06
-0.329, 4.808e-06
-0.328, 4.794e-06
-0.327, 4.782e-06
-0.326, 4.762e-06
-0.325, 4.753e-06
-0.324, 4.736e-06
-0.323, 4.726e-06
-0.322, 4.710e-06
-0.321, 4.692e-06
-0.320, 4.676e-06
-0.319, 4.664e-06
-0.318, 4.650e-06
-0.317, 4.638e-06
-0.316, 4.620e-06
-0.315, 4.615e-06
-0.314, 4.592e-06
-0.313, 4.582e-06
-0.312, 4.569e-06
-0.311, 4.552e-06
-0.310, 4.543e-06
-0.309, 4.523e-06
-0.308, 4.516e-06
-0.307, 4.510e-06
-0.306, 4.482e-06
-0.305, 4.477e-06
-0.304, 4.456e-06
-0.303, 4.446e-06
-0.302, 4.437e-06
-0.301, 4.414e-06
-0.300, 4.413e-06
-0.299, 4.395e-06
-0.298, 4.383e-06
-0.297, 4.371e-06
-0.296, 4.354e-06
-0.295, 4.345e-06
-0.294, 4.330e-06
-0.293, 4.317e-06
-0.292, 4.309e-06
-0.291, 4.293e-06
-0.290, 4.286e-06
-0.289, 4.274e-06
-0.288, 4.259e-06
-0.287, 4.256e-06
-0.286, 4.232e-06
-0.285, 4.230e-06
-0.284, 4.213e-06
-0.283, 4.204e-06
-0.282, 4.199e-06
-0.281, 4.173e-06
-0.280, 4.168e-06
-0.279, 4.154e-06
-0.278, 4.142e-06
-0.277, 4.131e-06
-0.276, 4.117e-06
-0.275, 4.108e-06
-0.274, 4.090e-06
-0.273, 4.082e-06
-0.272, 4.072e-06
-0.271, 4.053e-06
-0.270, 4.048e-06
-0.269, 4.027e-06
-0.268, 4.025e-06
-0.267, 4.018e-06
-0.266, 3.995e-06
-0.265, 3.996e-06
-0.264, 3.982e-06
-0.263, 3.972e-06
-0.262, 3.962e-06
-0.261, 3.942e-06
-0.260, 3.941e-06
-0.259, 3.925e-06
-0.258, 3.914e-06
-0.257, 3.906e-06
-0.256, 3.888e-06
-0.255, 3.885e-06
-0.254, 3.870e-06
-0.253, 3.860e-06
-0.252, 3.855e-06
-0.251, 3.834e-06
-0.250, 3.828e-06
-0.249, 3.812e-06
-0.248, 3.806e-06
-0.247, 3.797e-06
-0.246, 3.780e-06
-0.245, 3.776e-06
-0.244, 3.762e-06
-0.243, 3.753e-06
-0.242, 3.744e-06
-0.241, 3.732e-06
-0.240, 3.726e-06
-0.239, 3.710e-06
-0.238, 3.703e-06
-0.237, 3.691e-06
-0.236, 3.682e-06
-0.235, 3.678e-06
-0.234, 3.661e-06
-0.233, 3.657e-06
-0.232, 3.648e-06
-0.231, 3.637e-06
-0.230, 3.630e-06
-0.229, 3.611e-06
-0.228, 3.611e-06
-0.227, 3.597e-06
-0.226, 3.579e-06
-0.225, 3.580e-06
-0.224, 3.563e-06
-0.223, 3.559e-06
-0.222, 3.550e-06
-0.221, 3.533e-06
-0.220, 3.537e-06
-0.219, 3.517e-06
-0.218, 3.506e-06
-0.217, 3.502e-06
-0.216, 3.487e-06
-0.215, 3.486e-06
-0.214, 3.470e-06
-0.213, 3.463e-06
-0.212, 3.455e-06
-0.211, 3.444e-06
-0.210, 3.439e-06
-0.209, 3.427e-06
-0.208, 3.422e-06
-0.207, 3.414e-06
-0.206, 3.401e-06
-0.205, 3.384e-06
-0.204, 3.382e-06
-0.203, 3.379e-06
-0.202, 3.367e-06
-0.201, 3.357e-06
-0.200, 3.355e-06
-0.199, 3.339e-06
-0.198, 3.337e-06
-0.197, 3.327e-06
-0.196, 3.316e-06
-0.195, 3.317e-06
-0.194, 3.302e-06
-0.193, 3.300e-06
-0.192, 3.285e-06
-0.191, 3.279e-06
-0.190, 3.275e-06
-0.189, 3.261e-06
-0.188, 3.261e-06
-0.187, 3.250e-06
-0.186, 3.235e-06
-0.185, 3.238e-06
-0.184, 3.221e-06
-0.183, 3.222e-06
-0.182, 3.212e-06
-0.181, 3.196e-06
-0.180, 3.199e-06
-0.179, 3.190e-06
-0.178, 3.180e-06
-0.177, 3.169e-06
-0.176, 3.159e-06
-0.175, 3.159e-06
-0.174, 3.143e-06
-0.173, 3.142e-06
-0.172, 3.129e-06
-0.171, 3.122e-06
-0.170, 3.115e-06
-0.169, 3.101e-06
-0.168, 3.100e-06
-0.167, 3.084e-06
-0.166, 3.078e-06
-0.165, 3.079e-06
-0.164, 3.066e-06
-0.163, 3.068e-06
-0.162, 3.053e-06
-0.161, 3.046e-06
-0.160, 3.044e-06
-0.159, 3.033e-06
-0.158, 3.035e-06
-0.157, 3.019e-06
-0.156, 3.013e-06
-0.155, 3.013e-06
-0.154, 2.995e-06
-0.153, 2.996e-06
-0.152, 2.985e-06
-0.151, 2.976e-06
-0.150, 2.977e-06
-0.149, 2.961e-06
-0.148, 2.962e-06
-0.147, 2.953e-06
-0.146, 2.944e-06
-0.145, 2.942e-06
-0.144, 2.929e-06
-0.143, 2.933e-06
-0.142, 2.918e-06
-0.141, 2.904e-06
-0.140, 2.910e-06
-0.139, 2.897e-06
-0.138, 2.899e-06
-0.137, 2.885e-06
-0.136, 2.878e-06
-0.135, 2.880e-06
-0.134, 2.862e-06
-0.133, 2.864e-06
-0.132, 2.857e-06
-0.131, 2.845e-06
-0.130, 2.845e-06
-0.129, 2.832e-06
-0.128, 2.842e-06
-0.127, 2.825e-06
-0.126, 2.815e-06
-0.125, 2.814e-06
-0.124, 2.806e-06
-0.123, 2.807e-06
-0.122, 2.795e-06
-0.121, 2.785e-06
-0.120, 2.786e-06
-0.119, 2.775e-06
-0.118, 2.776e-06
-0.117, 2.766e-06
-0.116, 2.758e-06
-0.115, 2.752e-06
-0.114, 2.745e-06
-0.113, 2.746e-06
-0.112, 2.735e-06
-0.111, 2.729e-06
-0.110, 2.727e-06
-0.109, 2.715e-06
-0.108, 2.718e-06
-0.107, 2.710e-06
-0.106, 2.699e-06
-0.105, 2.700e-06
-0.104, 2.688e-06
-0.103, 2.695e-06
-0.102, 2.681e-06
-0.101, 2.671e-06
-0.100, 2.673e-06
-0.099, 2.664e-06
-0.098, 2.662e-06
-0.097, 2.653e-06
-0.096, 2.643e-06
-0.095, 2.646e-06
-0.094, 2.633e-06
-0.093, 2.633e-06
-0.092, 2.626e-06
-0.091, 2.618e-06
-0.090, 2.608e-06
-0.089, 2.603e-06
-0.088, 2.604e-06
-0.087, 2.598e-06
-0.086, 2.588e-06
-0.085, 2.587e-06
-0.084, 2.580e-06
-0.083, 2.582e-06
-0.082, 2.574e-06
-0.081, 2.565e-06
-0.080, 2.563e-06
-0.079, 2.556e-06
-0.078, 2.556e-06
-0.077, 2.555e-06
-0.076, 2.542e-06
-0.075, 2.543e-06
-0.074, 2.528e-06
-0.073, 2.531e-06
-0.072, 2.524e-06
-0.071, 2.517e-06
-0.070, 2.518e-06
-0.069, 2.504e-06
-0.068, 2.506e-06
-0.067, 2.500e-06
-0.066, 2.488e-06
-0.065, 2.493e-06
-0.064, 2.473e-06
-0.063, 2.481e-06
-0.062, 2.474e-06
-0.061, 2.463e-06
-0.060, 2.467e-06
-0.059, 2.457e-06
-0.058, 2.457e-06
-0.057, 2.450e-06
-0.056, 2.443e-06
-0.055, 2.445e-06
-0.054, 2.432e-06
-0.053, 2.434e-06
-0.052, 2.428e-06
-0.051, 2.420e-06
-0.050, 2.419e-06
-0.049, 2.410e-06
-0.048, 2.408e-06
-0.047, 2.402e-06
-0.046, 2.399e-06
-0.045, 2.396e-06
-0.044, 2.385e-06
-0.043, 2.389e-06
-0.042, 2.377e-06
-0.041, 2.375e-06
-0.040, 2.374e-06
-0.039, 2.357e-06
-0.038, 2.362e-06
-0.037, 2.356e-06
-0.036, 2.348e-06
-0.035, 2.352e-06
-0.034, 2.342e-06
-0.033, 2.341e-06
-0.032, 2.335e-06
-0.031, 2.331e-06
-0.030, 2.331e-06
-0.029, 2.318e-06
-0.028, 2.322e-06
-0.027, 2.318e-06
-0.026, 2.316e-06
-0.025, 2.313e-06
-0.024, 2.300e-06
-0.023, 2.304e-06
-0.022, 2.298e-06
-0.021, 2.286e-06
-0.020, 2.293e-06
-0.019, 2.281e-06
-0.018, 2.280e-06
-0.017, 2.278e-06
-0.016, 2.269e-06
-0.015, 2.274e-06
-0.014, 2.262e-06
-0.013, 2.255e-06
-0.012, 2.258e-06
-0.011, 2.252e-06
-0.010, 2.251e-06
-0.009, 2.241e-06
-0.008, 2.242e-06
-0.007, 2.238e-06
-0.006, 2.229e-06
-0.005, 2.234e-06
-0.004, 2.224e-06
-0.003, 2.225e-06
-0.002, 2.218e-06
-0.001, 2.212e-06
-0.000, 2.191e-06
0.001, 2.202e-06
0.002, 2.206e-06
0.003, 2.199e-06
0.004, 2.195e-06
0.005, 2.196e-06
0.006, 2.184e-06
0.007, 2.192e-06
0.008, 2.186e-06
0.009, 2.179e-06
0.010, 2.181e-06
0.011, 2.169e-06
0.012, 2.172e-06
0.013, 2.163e-06
0.014, 2.158e-06
0.015, 2.163e-06
0.016, 2.150e-06
0.017, 2.157e-06
0.018, 2.152e-06
0.019, 2.141e-06
0.020, 2.147e-06
0.021, 2.136e-06
0.022, 2.137e-06
0.023, 2.131e-06
0.024, 2.125e-06
0.025, 2.138e-06
0.026, 2.122e-06
0.027, 2.119e-06
0.028, 2.118e-06
0.029, 2.109e-06
0.030, 2.116e-06
0.031, 2.103e-06
0.032, 2.106e-06
0.033, 2.103e-06
0.034, 2.097e-06
0.035, 2.098e-06
0.036, 2.092e-06
0.037, 2.095e-06
0.038, 2.083e-06
0.039, 2.083e-06
0.040, 2.084e-06
0.041, 2.078e-06
0.042, 2.081e-06
0.043, 2.073e-06
0.044, 2.069e-06
0.045, 2.073e-06
0.046, 2.061e-06
0.047, 2.067e-06
0.048, 2.060e-06
0.049, 2.059e-06
0.050, 2.062e-06
0.051, 2.046e-06
0.052, 2.053e-06
0.053, 2.051e-06
0.054, 2.042e-06
0.055, 2.049e-06
0.056, 2.036e-06
0.057, 2.041e-06
0.058, 2.037e-06
0.059, 2.030e-06
0.060, 2.036e-06
0.061, 2.023e-06
0.062, 2.030e-06
0.063, 2.024e-06
0.064, 2.013e-06
0.065, 2.022e-06
0.066, 2.013e-06
0.067, 2.012e-06
0.068, 2.010e-06
0.069, 2.009e-06
0.070, 2.007e-06
0.071, 1.999e-06
0.072, 2.004e-06
0.073, 2.000e-06
0.074, 1.995e-06
0.075, 1.997e-06
0.076, 1.990e-06
0.077, 2.003e-06
0.078, 1.987e-06
0.079, 1.987e-06
0.080, 1.986e-06
0.081, 1.980e-06
0.082, 1.983e-06
0.083, 1.976e-06
0.084, 1.975e-06
0.085, 1.981e-06
0.086, 1.966e-06
0.087, 1.972e-06
0.088, 1.966e-06
0.089, 1.962e-06
0.090, 1.969e-06
0.091, 1.955e-06
0.092, 1.963e-06
0.093, 1.959e-06
0.094, 1.954e-06
0.095, 1.960e-06
0.096, 1.949e-06
0.097, 1.955e-06
0.098, 1.948e-06
0.099, 1.944e-06
0.100, 1.953e-06
0.101, 1.942e-06
0.102, 1.949e-06
0.103, 1.941e-06
0.104, 1.939e-06
0.105, 1.943e-06
0.106, 1.932e-06
0.107, 1.935e-06
0.108, 1.933e-06
0.109, 1.931e-06
0.110, 1.932e-06
0.111, 1.921e-06
0.112, 1.929e-06
0.113, 1.927e-06
0.114, 1.923e-06
0.115, 1.916e-06
0.116, 1.912e-06
0.117, 1.922e-06
0.118, 1.912e-06
0.119, 1.914e-06
0.120, 1.915e-06
0.121, 1.906e-06
0.122, 1.912e-06
0.123, 1.905e-06
0.124, 1.907e-06
0.125, 1.908e-06
0.126, 1.897e-06
0.127, 1.904e-06
0.128, 1.904e-06
0.129, 1.900e-06
0.130, 1.900e-06
0.131, 1.891e-06
0.132, 1.895e-06
0.133, 1.893e-06
0.134, 1.887e-06
0.135, 1.892e-06
0.136, 1.881e-06
0.137, 1.888e-06
0.138, 1.882e-06
0.139, 1.881e-06
0.140, 1.883e-06
0.141, 1.872e-06
0.142, 1.878e-06
0.143, 1.873e-06
0.144, 1.874e-06
0.145, 1.876e-06
0.146, 1.867e-06
0.147, 1.872e-06
0.148, 1.867e-06
0.149, 1.867e-06
0.150, 1.868e-06
0.151, 1.859e-06
0.152, 1.866e-06
0.153, 1.860e-06
0.154, 1.860e-06
0.155, 1.859e-06
0.156, 1.854e-06
0.157, 1.860e-06
0.158, 1.854e-06
0.159, 1.853e-06
0.160, 1.855e-06
0.161, 1.847e-06
0.162, 1.853e-06
0.163, 1.844e-06
0.164, 1.846e-06
0.165, 1.849e-06
0.166, 1.835e-06
0.167, 1.845e-06
0.168, 1.838e-06
0.169, 1.840e-06
0.170, 1.842e-06
0.171, 1.831e-06
0.172, 1.841e-06
0.173, 1.834e-06
0.174, 1.835e-06
0.175, 1.836e-06
0.176, 1.827e-06
0.177, 1.836e-06
0.178, 1.829e-06
0.179, 1.833e-06
0.180, 1.833e-06
0.181, 1.823e-06
0.182, 1.828e-06
0.183, 1.824e-06
0.184, 1.824e-06
0.185, 1.830e-06
0.186, 1.818e-06
0.187, 1.821e-06
0.188, 1.817e-06
0.189, 1.821e-06
0.190, 1.820e-06
0.191, 1.811e-06
0.192, 1.812e-06
0.193, 1.811e-06
0.194, 1.814e-06
0.195, 1.812e-06
0.196, 1.807e-06
0.197, 1.814e-06
0.198, 1.804e-06
0.199, 1.807e-06
0.200, 1.811e-06
0.201, 1.803e-06
0.202, 1.809e-06
0.203, 1.799e-06
0.204, 1.801e-06
0.205, 1.793e-06
0.206, 1.792e-06
0.207, 1.800e-06
0.208, 1.794e-06
0.209, 1.797e-06
0.210, 1.802e-06
0.211, 1.786e-06
0.212, 1.798e-06
0.213, 1.790e-06
0.214, 1.792e-06
0.215, 1.796e-06
0.216, 1.787e-06
0.217, 1.792e-06
0.218, 1.786e-06
0.219, 1.787e-06
0.220, 1.792e-06
0.221, 1.785e-06
0.222, 1.788e-06
0.223, 1.782e-06
0.224, 1.784e-06
0.225, 1.790e-06
0.226, 1.780e-06
0.227, 1.783e-06
0.228, 1.779e-06
0.229, 1.781e-06
0.230, 1.792e-06
0.231, 1.779e-06
0.232, 1.780e-06
0.233, 1.776e-06
0.234, 1.780e-06
0.235, 1.779e-06
0.236, 1.774e-06
0.237, 1.780e-06
0.238, 1.770e-06
0.239, 1.777e-06
0.240, 1.776e-06
0.241, 1.768e-06
0.242, 1.778e-06
0.243, 1.760e-06
0.244, 1.772e-06
0.245, 1.774e-06
0.246, 1.763e-06
0.247, 1.770e-06
0.248, 1.764e-06
0.249, 1.769e-06
0.250, 1.771e-06
0.251, 1.761e-06
0.252, 1.771e-06
0.253, 1.762e-06
0.254, 1.762e-06
0.255, 1.770e-06
0.256, 1.755e-06
0.257, 1.765e-06
0.258, 1.758e-06
0.259, 1.759e-06
0.260, 1.765e-06
0.261, 1.759e-06
0.262, 1.760e-06
0.263, 1.756e-06
0.264, 1.757e-06
0.265, 1.765e-06
0.266, 1.754e-06
0.267, 1.757e-06
0.268, 1.752e-06
0.269, 1.754e-06
0.270, 1.758e-06
0.271, 1.749e-06
0.272, 1.757e-06
0.273, 1.754e-06
0.274, 1.756e-06
0.275, 1.754e-06
0.276, 1.751e-06
0.277, 1.757e-06
0.278, 1.751e-06
0.279, 1.754e-06
0.280, 1.755e-06
0.281, 1.755e-06
0.282, 1.758e-06
0.283, 1.747e-06
0.284, 1.753e-06
0.285, 1.757e-06
0.286, 1.746e-06
0.287, 1.754e-06
0.288, 1.747e-06
0.289, 1.750e-06
0.290, 1.754e-06
0.291, 1.745e-06
0.292, 1.755e-06
0.293, 1.748e-06
0.294, 1.741e-06
0.295, 1.752e-06
0.296, 1.742e-06
0.297, 1.751e-06
0.298, 1.744e-06
0.299, 1.744e-06
0.300, 1.753e-06
0.301, 1.744e-06
0.302, 1.748e-06
0.303, 1.743e-06
0.304, 1.743e-06
0.305, 1.752e-06
0.306, 1.743e-06
0.307, 1.755e-06
0.308, 1.744e-06
0.309, 1.748e-06
0.310, 1.749e-06
0.311, 1.741e-06
0.312, 1.750e-06
0.313, 1.743e-06
0.314, 1.746e-06
0.315, 1.747e-06
0.316, 1.742e-06
0.317, 1.752e-06
0.318, 1.742e-06
0.319, 1.747e-06
0.320, 1.742e-06
0.321, 1.740e-06
0.322, 1.747e-06
0.323, 1.743e-06
0.324, 1.746e-06
0.325, 1.752e-06
0.326, 1.740e-06
0.327, 1.750e-06
0.328, 1.743e-06
0.329, 1.746e-06
0.330, 1.750e-06
0.331, 1.739e-06
0.332, 1.753e-06
0.333, 1.753e-06
0.334, 1.747e-06
0.335, 1.749e-06
0.336, 1.744e-06
0.337, 1.752e-06
0.338, 1.744e-06
0.339, 1.744e-06
0.340, 1.753e-06
0.341, 1.745e-06
0.342, 1.751e-06
0.343, 1.745e-06
0.344, 1.748e-06
0.345, 1.748e-06
0.346, 1.742e-06
0.347, 1.750e-06
0.348, 1.749e-06
0.349, 1.749e-06
0.350, 1.752e-06
0.351, 1.744e-06
0.352, 1.753e-06
0.353, 1.745e-06
0.354, 1.752e-06
0.355, 1.754e-06
0.356, 1.746e-06
0.357, 1.758e-06
0.358, 1.744e-06
0.359, 1.754e-06
0.360, 1.755e-06
0.361, 1.749e-06
0.362, 1.756e-06
0.363, 1.749e-06
0.364, 1.755e-06
0.365, 1.757e-06
0.366, 1.749e-06
0.367, 1.761e-06
0.368, 1.753e-06
0.369, 1.757e-06
0.370, 1.761e-06
0.371, 1.744e-06
0.372, 1.762e-06
0.373, 1.758e-06
0.374, 1.758e-06
0.375, 1.762e-06
0.376, 1.753e-06
0.377, 1.768e-06
0.378, 1.758e-06
0.379, 1.760e-06
0.380, 1.766e-06
0.381, 1.759e-06
0.382, 1.767e-06
0.383, 1.762e-06
0.384, 1.772e-06
0.385, 1.772e-06
0.386, 1.760e-06
0.387, 1.771e-06
0.388, 1.768e-06
0.389, 1.771e-06
0.390, 1.769e-06
0.391, 1.768e-06
0.392, 1.774e-06
0.393, 1.771e-06
0.394, 1.775e-06
0.395, 1.774e-06
0.396, 1.770e-06
0.397, 1.773e-06
0.398, 1.771e-06
0.399, 1.781e-06
0.400, 1.782e-06
0.401, 1.776e-06
0.402, 1.781e-06
0.403, 1.776e-06
0.404, 1.780e-06
0.405, 1.789e-06
0.406, 1.779e-06
0.407, 1.787e-06
0.408, 1.785e-06
0.409, 1.761e-06
0.410, 1.782e-06
0.411, 1.779e-06
0.412, 1.792e-06
0.413, 1.790e-06
0.414, 1.787e-06
0.415, 1.795e-06
0.416, 1.786e-06
0.417, 1.803e-06
0.418, 1.794e-06
0.419, 1.797e-06
0.420, 1.803e-06
0.421, 1.795e-06
0.422, 1.795e-06
0.423, 1.800e-06
0.424, 1.806e-06
0.425, 1.807e-06
0.426, 1.801e-06
0.427, 1.811e-06
0.428, 1.809e-06
0.429, 1.814e-06
0.430, 1.815e-06
0.431, 1.810e-06
0.432, 1.820e-06
0.433, 1.814e-06
0.434, 1.823e-06
0.435, 1.829e-06
0.436, 1.820e-06
0.437, 1.831e-06
0.438, 1.821e-06
0.439, 1.830e-06
0.440, 1.830e-06
0.441, 1.830e-06
0.442, 1.835e-06
0.443, 1.831e-06
0.444, 1.839e-06
0.445, 1.841e-06
0.446, 1.833e-06
0.447, 1.848e-06
0.448, 1.834e-06
0.449, 1.847e-06
0.450, 1.850e-06
0.451, 1.841e-06
0.452, 1.857e-06
0.453, 1.852e-06
0.454, 1.854e-06
0.455, 1.860e-06
0.456, 1.857e-06
0.457, 1.866e-06
0.458, 1.861e-06
0.459, 1.869e-06
0.460, 1.870e-06
0.461, 1.865e-06
0.462, 1.871e-06
0.463, 1.874e-06
0.464, 1.878e-06
0.465, 1.884e-06
0.466, 1.878e-06
0.467, 1.886e-06
0.468, 1.884e-06
0.469, 1.893e-06
0.470, 1.891e-06
0.471, 1.891e-06
0.472, 1.900e-06
0.473, 1.894e-06
0.474, 1.903e-06
0.475, 1.903e-06
0.476, 1.905e-06
0.477, 1.913e-06
0.478, 1.907e-06
0.479, 1.918e-06
0.480, 1.917e-06
0.481, 1.918e-06
0.482, 1.926e-06
0.483, 1.919e-06
0.484, 1.930e-06
0.485, 1.930e-06
0.486, 1.938e-06
0.487, 1.944e-06
0.488, 1.935e-06
0.489, 1.948e-06
0.490, 1.943e-06
0.491, 1.941e-06
0.492, 1.954e-06
0.493, 1.951e-06
0.494, 1.957e-06
0.495, 1.957e-06
0.496, 1.957e-06
0.497, 1.968e-06
0.498, 1.962e-06
0.499, 1.963e-06
0.500, 1.973e-06
0.501, 1.973e-06
0.502, 1.978e-06
0.503, 1.973e-06
0.504, 1.985e-06
0.505, 1.987e-06
0.506, 1.984e-06
0.507, 1.996e-06
0.508, 1.991e-06
0.509, 2.003e-06
0.510, 2.000e-06
0.511, 2.001e-06
0.512, 2.021e-06
0.513, 2.006e-06
0.514, 2.021e-06
0.515, 2.015e-06
0.516, 2.018e-06
0.517, 2.027e-06
0.518, 2.019e-06
0.519, 2.032e-06
0.520, 2.030e-06
0.521, 2.030e-06
0.522, 2.042e-06
0.523, 2.035e-06
0.524, 2.047e-06
0.525, 2.040e-06
0.526, 2.043e-06
0.527, 2.057e-06
0.528, 2.048e-06
0.529, 2.063e-06
0.530, 2.057e-06
0.531, 2.057e-06
0.532, 2.071e-06
0.533, 2.066e-06
0.534, 2.071e-06
0.535, 2.072e-06
0.536, 2.071e-06
0.537, 2.092e-06
0.538, 2.079e-06
0.539, 2.087e-06
0.540, 2.088e-06
0.541, 2.089e-06
0.542, 2.096e-06
0.543, 2.093e-06
0.544, 2.101e-06
0.545, 2.101e-06
0.546, 2.098e-06
0.547, 2.108e-06
0.548, 2.105e-06
0.549, 2.118e-06
0.550, 2.104e-06
0.551, 2.109e-06
0.552, 2.120e-06
0.553, 2.117e-06
0.554, 2.129e-06
0.555, 2.121e-06
0.556, 2.125e-06
0.557, 2.138e-06
0.558, 2.125e-06
0.559, 2.144e-06
0.560, 2.137e-06
0.561, 2.137e-06
0.562, 2.151e-06
0.563, 2.136e-06
0.564, 2.154e-06
0.565, 2.156e-06
0.566, 2.146e-06
0.567, 2.161e-06
0.568, 2.157e-06
0.569, 2.170e-06
0.570, 2.166e-06
0.571, 2.159e-06
0.572, 2.176e-06
0.573, 2.171e-06
0.574, 2.182e-06
0.575, 2.178e-06
0.576, 2.166e-06
0.577, 2.187e-06
0.578, 2.184e-06
0.579, 2.188e-06
0.580, 2.193e-06
0.581, 2.188e-06
0.582, 2.198e-06
0.583, 2.193e-06
0.584, 2.202e-06
0.585, 2.207e-06
0.586, 2.200e-06
0.587, 2.212e-06
0.588, 2.207e-06
0.589, 2.225e-06
0.590, 2.218e-06
0.591, 2.213e-06
0.592, 2.223e-06
0.593, 2.220e-06
0.594, 2.227e-06
0.595, 2.225e-06
0.596, 2.222e-06
0.597, 2.238e-06
0.598, 2.229e-06
0.599, 2.240e-06
0.600, 2.239e-06
0.601, 2.231e-06
0.602, 2.245e-06
0.603, 2.240e-06
0.604, 2.254e-06
0.605, 2.254e-06
0.606, 2.247e-06
0.607, 2.257e-06
0.608, 2.253e-06
0.609, 2.268e-06
0.610, 2.264e-06
0.611, 2.257e-06
0.612, 2.273e-06
0.613, 2.267e-06
0.614, 2.255e-06
0.615, 2.274e-06
0.616, 2.270e-06
0.617, 2.283e-06
0.618, 2.279e-06
0.619, 2.284e-06
0.620, 2.290e-06
0.621, 2.285e-06
0.622, 2.299e-06
0.623, 2.290e-06
0.624, 2.298e-06
0.625, 2.306e-06
0.626, 2.297e-06
0.627, 2.300e-06
0.628, 2.304e-06
0.629, 2.315e-06
0.630, 2.312e-06
0.631, 2.311e-06
0.632, 2.322e-06
0.633, 2.319e-06
0.634, 2.326e-06
0.635, 2.326e-06
0.636, 2.323e-06
0.637, 2.337e-06
0.638, 2.327e-06
0.639, 2.338e-06
0.640, 2.353e-06
0.641, 2.340e-06
0.642, 2.351e-06
0.643, 2.342e-06
0.644, 2.356e-06
0.645, 2.358e-06
0.646, 2.350e-06
0.647, 2.362e-06
0.648, 2.357e-06
0.649, 2.371e-06
0.650, 2.369e-06
0.651, 2.363e-06
0.652, 2.379e-06
0.653, 2.362e-06
0.654, 2.385e-06
0.655, 2.387e-06
0.656, 2.379e-06
0.657, 2.395e-06
0.658, 2.388e-06
0.659, 2.398e-06
0.660, 2.399e-06
0.661, 2.398e-06
0.662, 2.410e-06
0.663, 2.401e-06
0.664, 2.412e-06
0.665, 2.415e-06
0.666, 2.414e-06
0.667, 2.425e-06
0.668, 2.421e-06
0.669, 2.433e-06
0.670, 2.430e-06
0.671, 2.429e-06
0.672, 2.443e-06
0.673, 2.434e-06
0.674, 2.448e-06
0.675, 2.446e-06
0.676, 2.446e-06
0.677, 2.463e-06
0.678, 2.442e-06
0.679, 2.462e-06
0.680, 2.463e-06
0.681, 2.462e-06
0.682, 2.476e-06
0.683, 2.467e-06
0.684, 2.482e-06
0.685, 2.482e-06
0.686, 2.477e-06
0.687, 2.492e-06
0.688, 2.486e-06
0.689, 2.498e-06
0.690, 2.501e-06
0.691, 2.506e-06
0.692, 2.521e-06
0.693, 2.504e-06
0.694, 2.517e-06
0.695, 2.520e-06
0.696, 2.516e-06
0.697, 2.536e-06
0.698, 2.522e-06
0.699, 2.535e-06
0.700, 2.541e-06
0.701, 2.539e-06
0.702, 2.548e-06
0.703, 2.545e-06
0.704, 2.546e-06
0.705, 2.558e-06
0.706, 2.558e-06
0.707, 2.567e-06
0.708, 2.563e-06
0.709, 2.579e-06
0.710, 2.575e-06
0.711, 2.576e-06
0.712, 2.589e-06
0.713, 2.584e-06
0.714, 2.595e-06
0.715, 2.595e-06
0.716, 2.601e-06
0.717, 2.627e-06
0.718, 2.605e-06
0.719, 2.619e-06
0.720, 2.621e-06
0.721, 2.624e-06
0.722, 2.636e-06
0.723, 2.624e-06
0.724, 2.639e-06
0.725, 2.648e-06
0.726, 2.645e-06
0.727, 2.661e-06
0.728, 2.650e-06
0.729, 2.661e-06
0.730, 2.668e-06
0.731, 2.665e-06
0.732, 2.685e-06
0.733, 2.676e-06
0.734, 2.691e-06
0.735, 2.690e-06
0.736, 2.691e-06
0.737, 2.709e-06
0.738, 2.698e-06
0.739, 2.710e-06
0.740, 2.715e-06
0.741, 2.721e-06
0.742, 2.743e-06
0.743, 2.723e-06
0.744, 2.740e-06
0.745, 2.739e-06
0.746, 2.741e-06
0.747, 2.754e-06
0.748, 2.750e-06
0.749, 2.766e-06
0.750, 2.762e-06
0.751, 2.764e-06
0.752, 2.778e-06
0.753, 2.773e-06
0.754, 2.788e-06
0.755, 2.773e-06
0.756, 2.791e-06
0.757, 2.802e-06
0.758, 2.792e-06
0.759, 2.809e-06
0.760, 2.805e-06
0.761, 2.814e-06
0.762, 2.824e-06
0.763, 2.813e-06
0.764, 2.832e-06
0.765, 2.833e-06
0.766, 2.832e-06
0.767, 2.845e-06
0.768, 2.834e-06
0.769, 2.855e-06
0.770, 2.854e-06
0.771, 2.854e-06
0.772, 2.867e-06
0.773, 2.862e-06
0.774, 2.872e-06
0.775, 2.872e-06
0.776, 2.877e-06
0.777, 2.887e-06
0.778, 2.881e-06
0.779, 2.896e-06
0.780, 2.892e-06
0.781, 2.891e-06
0.782, 2.905e-06
0.783, 2.900e-06
0.784, 2.911e-06
0.785, 2.909e-06
0.786, 2.910e-06
0.787, 2.921e-06
0.788, 2.916e-06
0.789, 2.935e-06
0.790, 2.924e-06
0.791, 2.931e-06
0.792, 2.941e-06
0.793, 2.942e-06
0.794, 2.952e-06
0.795, 2.935e-06
0.796, 2.951e-06
0.797, 2.959e-06
0.798, 2.945e-06
0.799, 2.960e-06
0.800, 2.953e-06
0.801, 2.964e-06
0.802, 2.971e-06
0.803, 2.955e-06
0.804, 2.974e-06
0.805, 2.970e-06
0.806, 2.964e-06
0.807, 2.981e-06
0.808, 2.970e-06
0.809, 2.990e-06
0.810, 2.977e-06
0.811, 2.983e-06
0.812, 2.992e-06
0.813, 2.986e-06
0.814, 2.996e-06
0.815, 2.991e-06
0.816, 2.994e-06
0.817, 3.007e-06
0.818, 2.997e-06
0.819, 2.970e-06
0.820, 2.997e-06
0.821, 3.006e-06
0.822, 3.013e-06
0.823, 3.002e-06
0.824, 3.016e-06
0.825, 3.014e-06
0.826, 3.020e-06
0.827, 3.020e-06
0.828, 3.014e-06
0.829, 3.034e-06
0.830, 3.020e-06
0.831, 3.029e-06
0.832, 3.021e-06
0.833, 3.027e-06
0.834, 3.039e-06
0.835, 3.025e-06
0.836, 3.039e-06
0.837, 3.053e-06
0.838, 3.036e-06
0.839, 3.046e-06
0.840, 3.043e-06
0.841, 3.052e-06
0.842, 3.055e-06
0.843, 3.045e-06
0.844, 3.061e-06
0.845, 3.065e-06
0.846, 3.060e-06
0.847, 3.067e-06
0.848, 3.058e-06
0.849, 3.076e-06
0.850, 3.065e-06
0.851, 3.070e-06
0.852, 3.083e-06
0.853, 3.074e-06
0.854, 3.081e-06
0.855, 3.073e-06
0.856, 3.087e-06
0.857, 3.088e-06
0.858, 3.079e-06
0.859, 3.091e-06
0.860, 3.097e-06
0.861, 3.100e-06
0.862, 3.107e-06
0.863, 3.095e-06
0.864, 3.113e-06
0.865, 3.107e-06
0.866, 3.110e-06
0.867, 3.120e-06
0.868, 3.111e-06
0.869, 3.130e-06
0.870, 3.120e-06
0.871, 3.130e-06
0.872, 3.144e-06
0.873, 3.133e-06
0.874, 3.146e-06
0.875, 3.136e-06
0.876, 3.149e-06
0.877, 3.159e-06
0.878, 3.144e-06
0.879, 3.167e-06
0.880, 3.156e-06
0.881, 3.171e-06
0.882, 3.174e-06
0.883, 3.155e-06
0.884, 3.184e-06
0.885, 3.174e-06
0.886, 3.185e-06
0.887, 3.199e-06
0.888, 3.186e-06
0.889, 3.204e-06
0.890, 3.195e-06
0.891, 3.201e-06
0.892, 3.220e-06
0.893, 3.210e-06
0.894, 3.220e-06
0.895, 3.215e-06
0.896, 3.246e-06
0.897, 3.241e-06
0.898, 3.233e-06
0.899, 3.244e-06
0.900, 3.243e-06
0.901, 3.253e-06
0.902, 3.257e-06
0.903, 3.253e-06
0.904, 3.267e-06
0.905, 3.268e-06
0.906, 3.272e-06
0.907, 3.283e-06
0.908, 3.274e-06
0.909, 3.287e-06
0.910, 3.285e-06
0.911, 3.299e-06
0.912, 3.306e-06
0.913, 3.303e-06
0.914, 3.316e-06
0.915, 3.309e-06
0.916, 3.321e-06
0.917, 3.338e-06
0.918, 3.323e-06
0.919, 3.342e-06
0.920, 3.340e-06
0.921, 3.361e-06
0.922, 3.364e-06
0.923, 3.350e-06
0.924, 3.373e-06
0.925, 3.373e-06
0.926, 3.376e-06
0.927, 3.395e-06
0.928, 3.381e-06
0.929, 3.406e-06
0.930, 3.402e-06
0.931, 3.410e-06
0.932, 3.427e-06
0.933, 3.423e-06
0.934, 3.421e-06
0.935, 3.433e-06
0.936, 3.444e-06
0.937, 3.457e-06
0.938, 3.454e-06
0.939, 3.466e-06
0.940, 3.470e-06
0.941, 3.478e-06
0.942, 3.498e-06
0.943, 3.490e-06
0.944, 3.510e-06
0.945, 3.512e-06
0.946, 3.522e-06
0.947, 3.549e-06
0.948, 3.540e-06
0.949, 3.560e-06
0.950, 3.551e-06
0.951, 3.567e-06
0.952, 3.583e-06
0.953, 3.580e-06
0.954, 3.607e-06
0.955, 3.603e-06
0.956, 3.616e-06
0.957, 3.639e-06
0.958, 3.626e-06
0.959, 3.655e-06
0.960, 3.643e-06
0.961, 3.668e-06
0.962, 3.685e-06
0.963, 3.677e-06
0.964, 3.703e-06
0.965, 3.713e-06
0.966, 3.720e-06
0.967, 3.741e-06
0.968, 3.740e-06
0.969, 3.765e-06
0.970, 3.765e-06
0.971, 3.777e-06
0.972, 3.799e-06
0.973, 3.797e-06
0.974, 3.820e-06
0.975, 3.823e-06
0.976, 3.841e-06
0.977, 3.866e-06
0.978, 3.866e-06
0.979, 3.882e-06
0.980, 3.896e-06
0.981, 3.911e-06
0.982, 3.927e-06
0.983, 3.927e-06
0.984, 3.953e-06
0.985, 3.954e-06
0.986, 3.971e-06
0.987, 3.990e-06
0.988, 3.999e-06
0.989, 4.023e-06
0.990, 4.028e-06
0.991, 4.044e-06
0.992, 4.062e-06
0.993, 4.067e-06
0.994, 4.097e-06
0.995, 4.099e-06
0.996, 4.124e-06
0.997, 4.151e-06
0.998, 4.160e-06
0.999, 4.180e-06
1.000, 4.190e-06
1.001, 4.210e-06
1.002, 4.235e-06
1.003, 4.234e-06
1.004, 4.264e-06
1.005, 4.276e-06
1.006, 4.292e-06
1.007, 4.315e-06
1.008, 4.320e-06
1.009, 4.355e-06
1.010, 4.364e-06
1.011, 4.373e-06
1.012, 4.409e-06
1.013, 4.424e-06
1.014, 4.448e-06
1.015, 4.462e-06
1.016, 4.489e-06
1.017, 4.522e-06
1.018, 4.528e-06
1.019, 4.559e-06
1.020, 4.585e-06
1.021, 4.613e-06
1.022, 4.635e-06
1.023, 4.653e-06
1.024, 4.653e-06
1.025, 4.703e-06
1.026, 4.740e-06
1.027, 4.764e-06
1.028, 4.783e-06
1.029, 4.831e-06
1.030, 4.845e-06
1.031, 4.883e-06
1.032, 4.920e-06
1.033, 4.939e-06
1.034, 4.980e-06
1.035, 5.003e-06
1.036, 5.047e-06
1.037, 5.070e-06
1.038, 5.102e-06
1.039, 5.160e-06
1.040, 5.188e-06
1.041, 5.236e-06
1.042, 5.278e-06
1.043, 5.296e-06
1.044, 5.361e-06
1.045, 5.395e-06
1.046, 5.437e-06
1.047, 5.488e-06
1.048, 5.517e-06
1.049, 5.603e-06
1.050, 5.636e-06
1.051, 5.680e-06
1.052, 5.737e-06
1.053, 5.776e-06
1.054, 5.847e-06
1.055, 5.890e-06
1.056, 5.949e-06
1.057, 6.013e-06
1.058, 6.060e-06
1.059, 6.132e-06
1.060, 6.190e-06
1.061, 6.268e-06
1.062, 6.308e-06
1.063, 6.376e-06
1.064, 6.457e-06
1.065, 6.523e-06
1.066, 6.606e-06
1.067, 6.672e-06
1.068, 6.750e-06
1.069, 6.845e-06
1.070, 6.903e-06
1.071, 7.006e-06
1.072, 7.084e-06
1.073, 7.170e-06
1.074, 7.276e-06
1.075, 7.335e-06
1.076, 7.457e-06
1.077, 7.552e-06
1.078, 7.632e-06
1.079, 7.761e-06
1.080, 7.851e-06
1.081, 7.979e-06
1.082, 8.078e-06
1.083, 8.180e-06
1.084, 8.320e-06
1.085, 8.420e-06
1.086, 8.560e-06
1.087, 8.667e-06
1.088, 8.753e-06
1.089, 8.933e-06
1.090, 9.044e-06
1.091, 9.196e-06
1.092, 9.331e-06
1.093, 9.475e-06
1.094, 9.631e-06
1.095, 9.761e-06
1.096, 9.942e-06
1.097, 1.009e-05
1.098, 1.024e-05
1.099, 1.042e-05
1.100, 1.059e-05
1.101, 1.083e-05
1.102, 1.097e-05
1.103, 1.115e-05
1.104, 1.136e-05
1.105, 1.153e-05
1.106, 1.176e-05
1.107, 1.195e-05
1.108, 1.216e-05
1.109, 1.241e-05
1.110, 1.260e-05
1.111, 1.289e-05
1.112, 1.310e-05
1.113, 1.334e-05
1.114, 1.362e-05
1.115, 1.385e-05
1.116, 1.418e-05
1.117, 1.446e-05
1.118, 1.475e-05
1.119, 1.508e-05
1.120, 1.536e-05
1.121, 1.576e-05
1.122, 1.606e-05
1.123, 1.639e-05
1.124, 1.680e-05
1.125, 1.711e-05
1.126, 1.759e-05
1.127, 1.794e-05
1.128, 1.832e-05
1.129, 1.879e-05
1.130, 1.916e-05
1.131, 1.962e-05
1.132, 2.004e-05
1.133, 2.049e-05
1.134, 2.097e-05
1.135, 2.140e-05
1.136, 2.194e-05
1.137, 2.240e-05
1.138, 2.291e-05
1.139, 2.337e-05
1.140, 2.387e-05
1.141, 2.448e-05
1.142, 2.496e-05
1.143, 2.551e-05
1.144, 2.610e-05
1.145, 2.661e-05
1.146, 2.724e-05
1.147, 2.774e-05
1.148, 2.836e-05
1.149, 2.900e-05
1.150, 2.953e-05
1.151, 3.019e-05
1.152, 3.086e-05
1.153, 3.148e-05
1.154, 3.212e-05
1.155, 3.262e-05
1.156, 3.336e-05
1.157, 3.392e-05
1.158, 3.455e-05
1.159, 3.521e-05
1.160, 3.575e-05
1.161, 3.648e-05
1.162, 3.702e-05
1.163, 3.766e-05
1.164, 3.836e-05
1.165, 3.875e-05
1.166, 3.954e-05
1.167, 4.007e-05
1.168, 4.070e-05
1.169, 4.137e-05
1.170, 4.186e-05
1.171, 4.249e-05
1.172, 4.302e-05
1.173, 4.363e-05
1.174, 4.421e-05
1.175, 4.469e-05
1.176, 4.527e-05
1.177, 4.572e-05
1.178, 4.624e-05
1.179, 4.675e-05
1.180, 4.719e-05
1.181, 4.777e-05
1.182, 4.813e-05
1.183, 4.857e-05
1.184, 4.902e-05
1.185, 4.940e-05
1.186, 4.984e-05
1.187, 5.009e-05
1.188, 5.051e-05
1.189, 5.090e-05
1.190, 5.101e-05
1.191, 5.142e-05
1.192, 5.164e-05
1.193, 5.196e-05
1.194, 5.225e-05
1.195, 5.234e-05
1.196, 5.271e-05
1.197, 5.281e-05
1.198, 5.303e-05
1.199, 5.323e-05
1.200, 5.327e-05
1.201, 5.353e-05
1.202, 5.358e-05
1.203, 5.378e-05
1.204, 5.388e-05
1.205, 5.386e-05
1.206, 5.399e-05
1.207, 5.396e-05
1.208, 5.399e-05
1.209, 5.407e-05
1.210, 5.393e-05
1.211, 5.401e-05
1.212, 5.392e-05
1.213, 5.388e-05
1.214, 5.388e-05
1.215, 5.372e-05
1.216, 5.365e-05
1.217, 5.356e-05
1.218, 5.347e-05
1.219, 5.338e-05
1.220, 5.320e-05
1.221, 5.317e-05
1.222, 5.295e-05
1.223, 5.283e-05
1.224, 5.270e-05
1.225, 5.251e-05
1.226, 5.239e-05
1.227, 5.216e-05
1.228, 5.199e-05
1.229, 5.159e-05
1.230, 5.151e-05
1.231, 5.139e-05
1.232, 5.116e-05
1.233, 5.099e-05
1.234, 5.082e-05
1.235, 5.054e-05
1.236, 5.041e-05
1.237, 5.016e-05
1.238, 4.995e-05
1.239, 4.976e-05
1.240, 4.949e-05
1.241, 4.931e-05
1.242, 4.902e-05
1.243, 4.881e-05
1.244, 4.865e-05
1.245, 4.837e-05
1.246, 4.819e-05
1.247, 4.793e-05
1.248, 4.771e-05
1.249, 4.752e-05
1.250, 4.725e-05
1.251, 4.705e-05
1.252, 4.681e-05
1.253, 4.658e-05
1.254, 4.640e-05
1.255, 4.615e-05
1.256, 4.593e-05
1.257, 4.570e-05
1.258, 4.548e-05
1.259, 4.527e-05
1.260, 4.503e-05
1.261, 4.484e-05
1.262, 4.461e-05
1.263, 4.439e-05
1.264, 4.419e-05
1.265, 4.397e-05
1.266, 4.379e-05
1.267, 4.353e-05
1.268, 4.334e-05
1.269, 4.316e-05
1.270, 4.293e-05
1.271, 4.276e-05
1.272, 4.256e-05
1.273, 4.236e-05
1.274, 4.218e-05
1.275, 4.197e-05
1.276, 4.181e-05
1.277, 4.162e-05
1.278, 4.142e-05
1.279, 4.126e-05
1.280, 4.104e-05
1.281, 4.090e-05
1.282, 4.072e-05
1.283, 4.053e-05
1.284, 4.039e-05
1.285, 4.019e-05
1.286, 4.004e-05
1.287, 3.986e-05
1.288, 3.969e-05
1.289, 3.956e-05
1.290, 3.938e-05
1.291, 3.924e-05
1.292, 3.907e-05
1.293, 3.890e-05
1.294, 3.878e-05
1.295, 3.861e-05
1.296, 3.848e-05
1.297, 3.833e-05
1.298, 3.818e-05
1.299, 3.805e-05
1.300, 3.790e-05
1.301, 3.778e-05
1.302, 3.764e-05
1.303, 3.750e-05
1.304, 3.738e-05
1.305, 3.725e-05
1.306, 3.713e-05
1.307, 3.699e-05
1.308, 3.687e-05
1.309, 3.676e-05
1.310, 3.662e-05
1.311, 3.652e-05
1.312, 3.639e-05
1.313, 3.627e-05
1.314, 3.618e-05
1.315, 3.604e-05
1.316, 3.595e-05
1.317, 3.584e-05
1.318, 3.571e-05
1.319, 3.564e-05
1.320, 3.550e-05
1.321, 3.542e-05
1.322, 3.532e-05
1.323, 3.520e-05
1.324, 3.514e-05
1.325, 3.501e-05
1.326, 3.493e-05
1.327, 3.483e-05
1.328, 3.474e-05
1.329, 3.467e-05
1.330, 3.456e-05
1.331, 3.450e-05
1.332, 3.440e-05
1.333, 3.431e-05
1.334, 3.423e-05
1.335, 3.414e-05
1.336, 3.407e-05
1.337, 3.399e-05
1.338, 3.391e-05
1.339, 3.384e-05
1.340, 3.375e-05
1.341, 3.369e-05
1.342, 3.361e-05
1.343, 3.354e-05
1.344, 3.346e-05
1.345, 3.339e-05
1.346, 3.333e-05
1.347, 3.325e-05
1.348, 3.320e-05
1.349, 3.315e-05
1.350, 3.306e-05
1.351, 3.302e-05
1.352, 3.295e-05
1.353, 3.289e-05
1.354, 3.284e-05
1.355, 3.276e-05
1.356, 3.273e-05
1.357, 3.268e-05
1.358, 3.261e-05
1.359, 3.257e-05
1.360, 3.249e-05
1.361, 3.247e-05
1.362, 3.241e-05
1.363, 3.234e-05
1.364, 3.232e-05
1.365, 3.225e-05
1.366, 3.221e-05
1.367, 3.217e-05
1.368, 3.212e-05
1.369, 3.208e-05
1.370, 3.202e-05
1.371, 3.199e-05
1.372, 3.195e-05
1.373, 3.191e-05
1.374, 3.188e-05
1.375, 3.182e-05
1.376, 3.180e-05
1.377, 3.176e-05
1.378, 3.171e-05
1.379, 3.169e-05
1.380, 3.164e-05
1.381, 3.162e-05
1.382, 3.157e-05
1.383, 3.154e-05
1.384, 3.153e-05
1.385, 3.148e-05
1.386, 3.146e-05
1.387, 3.141e-05
1.388, 3.139e-05
1.389, 3.137e-05
1.390, 3.132e-05
1.391, 3.131e-05
1.392, 3.127e-05
1.393, 3.125e-05
1.394, 3.123e-05
1.395, 3.115e-05
1.396, 3.117e-05
1.397, 3.113e-05
1.398, 3.109e-05
1.399, 3.108e-05
1.400, 3.103e-05
1.401, 3.103e-05
1.402, 3.099e-05
1.403, 3.096e-05
1.404, 3.095e-05
1.405, 3.090e-05
1.406, 3.090e-05
1.407, 3.086e-05
1.408, 3.086e-05
1.409, 3.083e-05
1.410, 3.078e-05
1.411, 3.077e-05
1.412, 3.074e-05
1.413, 3.072e-05
1.414, 3.070e-05
1.415, 3.065e-05
1.416, 3.064e-05
1.417, 3.060e-05
1.418, 3.058e-05
1.419, 3.056e-05
1.420, 3.053e-05
1.421, 3.050e-05
1.422, 3.046e-05
1.423, 3.044e-05
1.424, 3.043e-05
1.425, 3.038e-05
1.426, 3.037e-05
1.427, 3.033e-05
1.428, 3.031e-05
1.429, 3.030e-05
1.430, 3.024e-05
1.431, 3.023e-05
1.432, 3.019e-05
1.433, 3.013e-05
1.434, 3.013e-05
1.435, 3.008e-05
1.436, 3.008e-05
1.437, 3.004e-05
1.438, 3.001e-05
1.439, 3.000e-05
1.440, 2.994e-05
1.441, 2.993e-05
1.442, 2.988e-05
1.443, 2.986e-05
1.444, 2.984e-05
1.445, 2.980e-05
1.446, 2.976e-05
1.447, 2.973e-05
1.448, 2.971e-05
1.449, 2.969e-05
1.450, 2.964e-05
1.451, 2.963e-05
1.452, 2.959e-05
1.453, 2.957e-05
1.454, 2.954e-05
1.455, 2.950e-05
1.456, 2.948e-05
1.457, 2.944e-05
1.458, 2.942e-05
1.459, 2.941e-05
1.460, 2.936e-05
1.461, 2.935e-05
1.462, 2.930e-05
1.463, 2.928e-05
1.464, 2.926e-05
1.465, 2.922e-05
1.466, 2.921e-05
1.467, 2.916e-05
1.468, 2.915e-05
1.469, 2.913e-05
1.470, 2.908e-05
1.471, 2.908e-05
1.472, 2.902e-05
1.473, 2.902e-05
1.474, 2.901e-05
1.475, 2.895e-05
1.476, 2.896e-05
1.477, 2.892e-05
1.478, 2.890e-05
1.479, 2.889e-05
1.480, 2.884e-05
1.481, 2.884e-05
1.482, 2.880e-05
1.483, 2.879e-05
1.484, 2.878e-05
1.485, 2.874e-05
1.486, 2.873e-05
1.487, 2.870e-05
1.488, 2.869e-05
1.489, 2.869e-05
1.490, 2.864e-05
1.491, 2.864e-05
1.492, 2.861e-05
1.493, 2.861e-05
1.494, 2.858e-05
1.495, 2.856e-05
1.496, 2.857e-05
1.497, 2.852e-05
1.498, 2.852e-05
1.499, 2.851e-05
1.500, 2.764e-05
1.499, 2.713e-05
1.498, 2.692e-05
1.497, 2.672e-05
1.496, 2.656e-05
1.495, 2.637e-05
1.494, 2.624e-05
1.493, 2.609e-05
1.492, 2.595e-05
1.491, 2.584e-05
1.490, 2.570e-05
1.489, 2.558e-05
1.488, 2.546e-05
1.487, 2.536e-05
1.486, 2.526e-05
1.485, 2.515e-05
1.484, 2.505e-05
1.483, 2.494e-05
1.482, 2.485e-05
1.481, 2.476e-05
1.480, 2.465e-05
1.479, 2.458e-05
1.478, 2.447e-05
1.477, 2.440e-05
1.476, 2.432e-05
1.475, 2.422e-05
1.474, 2.416e-05
1.473, 2.406e-05
1.472, 2.400e-05
1.471, 2.392e-05
1.470, 2.382e-05
1.469, 2.377e-05
1.468, 2.367e-05
1.467, 2.361e-05
1.466, 2.355e-05
1.465, 2.345e-05
1.464, 2.340e-05
1.463, 2.332e-05
1.462, 2.325e-05
1.461, 2.320e-05
1.460, 2.309e-05
1.459, 2.304e-05
1.458, 2.299e-05
1.457, 2.291e-05
1.456, 2.287e-05
1.455, 2.278e-05
1.454, 2.274e-05
1.453, 2.267e-05
1.452, 2.260e-05
1.451, 2.255e-05
1.450, 2.249e-05
1.449, 2.243e-05
1.448, 2.237e-05
1.447, 2.233e-05
1.446, 2.227e-05
1.445, 2.219e-05
1.444, 2.214e-05
1.443, 2.208e-05
1.442, 2.203e-05
1.441, 2.198e-05
1.440, 2.191e-05
1.439, 2.187e-05
1.438, 2.181e-05
1.437, 2.175e-05
1.436, 2.170e-05
1.435, 2.163e-05
1.434, 2.164e-05
1.433, 2.155e-05
1.432, 2.149e-05
1.431, 2.145e-05
1.430, 2.138e-05
1.429, 2.135e-05
1.428, 2.128e-05
1.427, 2.124e-05
1.426, 2.121e-05
1.425, 2.113e-05
1.424, 2.110e-05
1.423, 2.104e-05
1.422, 2.100e-05
1.421, 2.097e-05
1.420, 2.089e-05
1.419, 2.086e-05
1.418, 2.080e-05
1.417, 2.076e-05
1.416, 2.071e-05
1.415, 2.066e-05
1.414, 2.063e-05
1.413, 2.057e-05
1.412, 2.052e-05
1.411, 2.049e-05
1.410, 2.043e-05
1.409, 2.039e-05
1.408, 2.032e-05
1.407, 2.030e-05
1.406, 2.027e-05
1.405, 2.021e-05
1.404, 2.017e-05
1.403, 2.012e-05
1.402, 2.009e-05
1.401, 2.005e-05
1.400, 1.998e-05
1.399, 1.996e-05
1.398, 1.992e-05
1.397, 1.988e-05
1.396, 1.985e-05
1.395, 1.978e-05
1.394, 1.977e-05
1.393, 1.971e-05
1.392, 1.967e-05
1.391, 1.964e-05
1.390, 1.959e-05
1.389, 1.957e-05
1.388, 1.951e-05
1.387, 1.948e-05
1.386, 1.946e-05
1.385, 1.939e-05
1.384, 1.937e-05
1.383, 1.933e-05
1.382, 1.930e-05
1.381, 1.926e-05
1.380, 1.920e-05
1.379, 1.919e-05
1.378, 1.914e-05
1.377, 1.911e-05
1.376, 1.907e-05
1.375, 1.903e-05
1.374, 1.900e-05
1.373, 1.896e-05
1.372, 1.893e-05
1.371, 1.890e-05
1.370, 1.887e-05
1.369, 1.883e-05
1.368, 1.879e-05
1.367, 1.876e-05
1.366, 1.874e-05
1.365, 1.868e-05
1.364, 1.866e-05
1.363, 1.862e-05
1.362, 1.860e-05
1.361, 1.857e-05
1.360, 1.851e-05
1.359, 1.849e-05
1.358, 1.845e-05
1.357, 1.841e-05
1.356, 1.839e-05
1.355, 1.834e-05
1.354, 1.834e-05
1.353, 1.828e-05
1.352, 1.826e-05
1.351, 1.823e-05
1.350, 1.818e-05
1.349, 1.817e-05
1.348, 1.812e-05
1.347, 1.809e-05
1.346, 1.807e-05
1.345, 1.802e-05
1.344, 1.802e-05
1.343, 1.796e-05
1.342, 1.794e-05
1.341, 1.792e-05
1.340, 1.786e-05
1.339, 1.785e-05
1.338, 1.781e-05
1.337, 1.778e-05
1.336, 1.774e-05
1.335, 1.770e-05
1.334, 1.768e-05
1.333, 1.764e-05
1.332, 1.760e-05
1.331, 1.757e-05
1.330, 1.753e-05
1.329, 1.751e-05
1.328, 1.747e-05
1.327, 1.745e-05
1.326, 1.742e-05
1.325, 1.737e-05
1.324, 1.734e-05
1.323, 1.730e-05
1.322, 1.727e-05
1.321, 1.723e-05
1.320, 1.718e-05
1.319, 1.717e-05
1.318, 1.711e-05
1.317, 1.709e-05
1.316, 1.705e-05
1.315, 1.699e-05
1.314, 1.698e-05
1.313, 1.692e-05
1.312, 1.689e-05
1.311, 1.685e-05
1.310, 1.680e-05
1.309, 1.677e-05
1.308, 1.670e-05
1.307, 1.668e-05
1.306, 1.661e-05
1.305, 1.657e-05
1.304, 1.654e-05
1.303, 1.648e-05
1.302, 1.644e-05
1.301, 1.639e-05
1.300, 1.633e-05
1.299, 1.629e-05
1.298, 1.624e-05
1.297, 1.619e-05
1.296, 1.613e-05
1.295, 1.606e-05
1.294, 1.602e-05
1.293, 1.598e-05
1.292, 1.591e-05
1.291, 1.584e-05
1.290, 1.578e-05
1.289, 1.572e-05
1.288, 1.564e-05
1.287, 1.560e-05
1.286, 1.552e-05
1.285, 1.544e-05
1.284, 1.538e-05
1.283, 1.528e-05
1.282, 1.524e-05
1.281, 1.513e-05
1.280, 1.506e-05
1.279, 1.499e-05
1.278, 1.489e-05
1.277, 1.482e-05
1.276, 1.471e-05
1.275, 1.461e-05
1.274, 1.455e-05
1.273, 1.441e-05
1.272, 1.434e-05
1.271, 1.422e-05
1.270, 1.411e-05
1.269, 1.402e-05
1.268, 1.389e-05
1.267, 1.381e-05
1.266, 1.367e-05
1.265, 1.353e-05
1.264, 1.344e-05
1.263, 1.328e-05
1.262, 1.317e-05
1.261, 1.302e-05
1.260, 1.287e-05
1.259, 1.274e-05
1.258, 1.258e-05
1.257, 1.244e-05
1.256, 1.226e-05
1.255, 1.205e-05
1.254, 1.192e-05
1.253, 1.173e-05
1.252, 1.156e-05
1.251, 1.137e-05
1.250, 1.118e-05
1.249, 1.100e-05
1.248, 1.079e-05
1.247, 1.060e-05
1.246, 1.036e-05
1.245, 1.016e-05
1.244, 9.941e-06
1.243, 9.676e-06
1.242, 9.526e-06
1.241, 9.230e-06
1.240, 8.968e-06
1.239, 8.730e-06
1.238, 8.428e-06
1.237, 8.205e-06
1.236, 7.882e-06
1.235, 7.601e-06
1.234, 7.337e-06
1.233, 6.976e-06
1.232, 6.721e-06
1.231, 6.355e-06
1.230, 6.042e-06
1.229, 5.979e-06
1.228, 5.461e-06
1.227, 5.141e-06
1.226, 4.744e-06
1.225, 4.359e-06
1.224, 4.030e-06
1.223, 3.568e-06
1.222, 3.250e-06
1.221, 2.811e-06
1.220, 2.385e-06
1.219, 2.016e-06
1.218, 1.545e-06
1.217, 1.172e-06
1.216, 7.819e-07
1.215, 2.694e-07
1.214, -1.441e-07
1.213, -6.565e-07
1.212, -1.079e-06
1.211, -1.614e-06
1.210, -2.064e-06
1.209, -2.522e-06
1.208, -3.094e-06
1.207, -3.529e-06
1.206, -4.096e-06
1.205, -4.571e-06
1.204, -5.103e-06
1.203, -5.803e-06
1.202, -6.169e-06
1.201, -6.740e-06
1.200, -7.268e-06
1.199, -7.800e-06
1.198, -8.401e-06
1.197, -8.848e-06
1.196, -9.484e-06
1.195, -1.001e-05
1.194, -1.052e-05
1.193, -1.117e-05
1.192, -1.161e-05
1.191, -1.221e-05
1.190, -1.268e-05
1.189, -1.323e-05
1.188, -1.388e-05
1.187, -1.434e-05
1.186, -1.496e-05
1.185, -1.549e-05
1.184, -1.596e-05
1.183, -1.660e-05
1.182, -1.703e-05
1.181, -1.760e-05
1.180, -1.813e-05
1.179, -1.858e-05
1.178, -1.912e-05
1.177, -1.953e-05
1.176, -2.010e-05
1.175, -2.055e-05
1.174, -2.097e-05
1.173, -2.148e-05
1.172, -2.185e-05
1.171, -2.234e-05
1.170, -2.273e-05
1.169, -2.311e-05
1.168, -2.356e-05
1.167, -2.389e-05
1.166, -2.431e-05
1.165, -2.453e-05
1.164, -2.490e-05
1.163, -2.533e-05
1.162, -2.556e-05
1.161, -2.591e-05
1.160, -2.617e-05
1.159, -2.646e-05
1.158, -2.675e-05
1.157, -2.690e-05
1.156, -2.722e-05
1.155, -2.743e-05
1.154, -2.760e-05
1.153, -2.784e-05
1.152, -2.806e-05
1.151, -2.823e-05
1.150, -2.833e-05
1.149, -2.842e-05
1.148, -2.860e-05
1.147, -2.865e-05
1.146, -2.875e-05
1.145, -2.883e-05
1.144, -2.885e-05
1.143, -2.897e-05
1.142, -2.896e-05
1.141, -2.901e-05
1.140, -2.903e-05
1.139, -2.895e-05
1.138, -2.902e-05
1.137, -2.896e-05
1.136, -2.899e-05
1.135, -2.896e-05
1.134, -2.890e-05
1.133, -2.889e-05
1.132, -2.881e-05
1.131, -2.878e-05
1.130, -2.868e-05
1.129, -2.858e-05
1.128, -2.854e-05
1.127, -2.845e-05
1.126, -2.839e-05
1.125, -2.825e-05
1.124, -2.815e-05
1.123, -2.806e-05
1.122, -2.789e-05
1.121, -2.779e-05
1.120, -2.767e-05
1.119, -2.750e-05
1.118, -2.740e-05
1.117, -2.721e-05
1.116, -2.710e-05
1.115, -2.694e-05
1.114, -2.673e-05
1.113, -2.662e-05
1.112, -2.643e-05
1.111, -2.631e-05
1.110, -2.613e-05
1.109, -2.596e-05
1.108, -2.582e-05
1.107, -2.563e-05
1.106, -2.547e-05
1.105, -2.531e-05
1.104, -2.512e-05
1.103, -2.498e-05
1.102, -2.476e-05
1.101, -2.465e-05
1.100, -2.447e-05
1.099, -2.427e-05
1.098, -2.410e-05
1.097, -2.392e-05
1.096, -2.375e-05
1.095, -2.357e-05
1.094, -2.337e-05
1.093, -2.322e-05
1.092, -2.303e-05
1.091, -2.287e-05
1.090, -2.268e-05
1.089, -2.249e-05
1.088, -2.231e-05
1.087, -2.213e-05
1.086, -2.198e-05
1.085, -2.181e-05
1.084, -2.163e-05
1.083, -2.149e-05
1.082, -2.128e-05
1.081, -2.113e-05
1.080, -2.097e-05
1.079, -2.079e-05
1.078, -2.064e-05
1.077, -2.045e-05
1.076, -2.031e-05
1.075, -2.014e-05
1.074, -1.996e-05
1.073, -1.983e-05
1.072, -1.966e-05
1.071, -1.951e-05
1.070, -1.935e-05
1.069, -1.918e-05
1.068, -1.906e-05
1.067, -1.888e-05
1.066, -1.874e-05
1.065, -1.859e-05
1.064, -1.843e-05
1.063, -1.829e-05
1.062, -1.813e-05
1.061, -1.800e-05
1.060, -1.787e-05
1.059, -1.770e-05
1.058, -1.759e-05
1.057, -1.744e-05
1.056, -1.730e-05
1.055, -1.718e-05
1.054, -1.702e-05
1.053, -1.691e-05
1.052, -1.677e-05
1.051, -1.665e-05
1.050, -1.653e-05
1.049, -1.638e-05
1.048, -1.628e-05
1.047, -1.612e-05
1.046, -1.602e-05
1.045, -1.589e-05
1.044, -1.576e-05
1.043, -1.566e-05
1.042, -1.552e-05
1.041, -1.541e-05
1.040, -1.530e-05
1.039, -1.517e-05
1.038, -1.508e-05
1.037, -1.493e-05
1.036, -1.485e-05
1.035, -1.474e-05
1.034, -1.461e-05
1.033, -1.453e-05
1.032, -1.442e-05
1.031, -1.432e-05
1.030, -1.421e-05
1.029, -1.410e-05
1.028, -1.403e-05
1.027, -1.391e-05
1.026, -1.381e-05
1.025, -1.372e-05
1.024, -1.358e-05
1.023, -1.354e-05
1.022, -1.343e-05
1.021, -1.335e-05
1.020, -1.326e-05
1.019, -1.316e-05
1.018, -1.308e-05
1.017, -1.299e-05
1.016, -1.291e-05
1.015, -1.282e-05
1.014, -1.273e-05
1.013, -1.266e-05
1.012, -1.256e-05
1.011, -1.249e-05
1.010, -1.241e-05
1.009, -1.232e-05
1.008, -1.227e-05
1.007, -1.217e-05
1.006, -1.210e-05
1.005, -1.202e-05
1.004, -1.194e-05
1.003, -1.188e-05
1.002, -1.179e-05
1.001, -1.172e-05
1.000, -1.166e-05
0.999, -1.159e-05
0.998, -1.153e-05
0.997, -1.144e-05
0.996, -1.138e-05
0.995, -1.131e-05
0.994, -1.123e-05
0.993, -1.119e-05
0.992, -1.111e-05
0.991, -1.105e-05
0.990, -1.098e-05
0.989, -1.091e-05
0.988, -1.087e-05
0.987, -1.079e-05
0.986, -1.072e-05
0.985, -1.067e-05
0.984, -1.061e-05
0.983, -1.056e-05
0.982, -1.049e-05
0.981, -1.043e-05
0.980, -1.038e-05
0.979, -1.031e-05
0.978, -1.027e-05
0.977, -1.021e-05
0.976, -1.016e-05
0.975, -1.010e-05
0.974, -1.004e-05
0.973, -9.995e-06
0.972, -9.936e-06
0.971, -9.892e-06
0.970, -9.832e-06
0.969, -9.783e-06
0.968, -9.750e-06
0.967, -9.680e-06
0.966, -9.640e-06
0.965, -9.590e-06
0.964, -9.536e-06
0.963, -9.500e-06
0.962, -9.432e-06
0.961, -9.403e-06
0.960, -9.338e-06
0.959, -9.295e-06
0.958, -9.264e-06
0.957, -9.201e-06
0.956, -9.172e-06
0.955, -9.126e-06
0.954, -9.064e-06
0.953, -9.044e-06
0.952, -8.985e-06
0.951, -8.950e-06
0.950, -8.903e-06
0.949, -8.849e-06
0.948, -8.843e-06
0.947, -8.779e-06
0.946, -8.734e-06
0.945, -8.698e-06
0.944, -8.647e-06
0.943, -8.626e-06
0.942, -8.569e-06
0.941, -8.533e-06
0.940, -8.500e-06
0.939, -8.448e-06
0.938, -8.421e-06
0.937, -8.381e-06
0.936, -8.349e-06
0.935, -8.295e-06
0.934, -8.262e-06
0.933, -8.237e-06
0.932, -8.192e-06
0.931, -8.169e-06
0.930, -8.117e-06
0.929, -8.086e-06
0.928, -8.062e-06
0.927, -8.012e-06
0.926, -7.990e-06
0.925, -7.947e-06
0.924, -7.911e-06
0.923, -7.892e-06
0.922, -7.849e-06
0.921, -7.821e-06
0.920, -7.783e-06
0.919, -7.741e-06
0.918, -7.723e-06
0.917, -7.677e-06
0.916, -7.658e-06
0.915, -7.623e-06
0.914, -7.579e-06
0.913, -7.565e-06
0.912, -7.527e-06
0.911, -7.504e-06
0.910, -7.464e-06
0.909, -7.420e-06
0.908, -7.420e-06
0.907, -7.374e-06
0.906, -7.352e-06
0.905, -7.319e-06
0.904, -7.286e-06
0.903, -7.274e-06
0.902, -7.234e-06
0.901, -7.211e-06
0.900, -7.183e-06
0.899, -7.152e-06
0.898, -7.135e-06
0.897, -7.098e-06
0.896, -7.098e-06
0.895, -7.050e-06
0.894, -7.013e-06
0.893, -7.000e-06
0.892, -6.967e-06
0.891, -6.954e-06
0.890, -6.913e-06
0.889, -6.887e-06
0.888, -6.877e-06
0.887, -6.838e-06
0.886, -6.820e-06
0.885, -6.789e-06
0.884, -6.758e-06
0.883, -6.748e-06
0.882, -6.711e-06
0.881, -6.704e-06
0.880, -6.672e-06
0.879, -6.642e-06
0.878, -6.639e-06
0.877, -6.599e-06
0.876, -6.589e-06
0.875, -6.558e-06
0.874, -6.528e-06
0.873, -6.524e-06
0.872, -6.493e-06
0.871, -6.471e-06
0.870, -6.452e-06
0.869, -6.416e-06
0.868, -6.421e-06
0.867, -6.386e-06
0.866, -6.368e-06
0.865, -6.346e-06
0.864, -6.319e-06
0.863, -6.314e-06
0.862, -6.278e-06
0.861, -6.267e-06
0.860, -6.251e-06
0.859, -6.222e-06
0.858, -6.199e-06
0.857, -6.184e-06
0.856, -6.179e-06
0.855, -6.150e-06
0.854, -6.126e-06
0.853, -6.120e-06
0.852, -6.092e-06
0.851, -6.080e-06
0.850, -6.056e-06
0.849, -6.032e-06
0.848, -6.033e-06
0.847, -6.001e-06
0.846, -5.994e-06
0.845, -5.982e-06
0.844, -5.957e-06
0.843, -5.946e-06
0.842, -5.919e-06
0.841, -5.909e-06
0.840, -5.896e-06
0.839, -5.870e-06
0.838, -5.867e-06
0.837, -5.836e-06
0.836, -5.841e-06
0.835, -5.816e-06
0.834, -5.791e-06
0.833, -5.795e-06
0.832, -5.757e-06
0.831, -5.759e-06
0.830, -5.739e-06
0.829, -5.719e-06
0.828, -5.725e-06
0.827, -5.696e-06
0.826, -5.685e-06
0.825, -5.674e-06
0.824, -5.656e-06
0.823, -5.655e-06
0.822, -5.627e-06
0.821, -5.620e-06
0.820, -5.585e-06
0.819, -5.570e-06
0.818, -5.582e-06
0.817, -5.559e-06
0.816, -5.564e-06
0.815, -5.544e-06
0.814, -5.526e-06
0.813, -5.526e-06
0.812, -5.512e-06
0.811, -5.506e-06
0.810, -5.491e-06
0.809, -5.479e-06
0.808, -5.479e-06
0.807, -5.452e-06
0.806, -5.454e-06
0.805, -5.444e-06
0.804, -5.429e-06
0.803, -5.436e-06
0.802, -5.410e-06
0.801, -5.411e-06
0.800, -5.405e-06
0.799, -5.387e-06
0.798, -5.395e-06
0.797, -5.369e-06
0.796, -5.379e-06
0.795, -5.364e-06
0.794, -5.363e-06
0.793, -5.359e-06
0.792, -5.343e-06
0.791, -5.341e-06
0.790, -5.329e-06
0.789, -5.321e-06
0.788, -5.329e-06
0.787, -5.311e-06
0.786, -5.310e-06
0.785, -5.303e-06
0.784, -5.290e-06
0.783, -5.302e-06
0.782, -5.280e-06
0.781, -5.272e-06
0.780, -5.271e-06
0.779, -5.262e-06
0.778, -5.268e-06
0.777, -5.253e-06
0.776, -5.252e-06
0.775, -5.246e-06
0.774, -5.235e-06
0.773, -5.239e-06
0.772, -5.228e-06
0.771, -5.225e-06
0.770, -5.212e-06
0.769, -5.206e-06
0.768, -5.206e-06
0.767, -5.190e-06
0.766, -5.191e-06
0.765, -5.182e-06
0.764, -5.175e-06
0.763, -5.173e-06
0.762, -5.149e-06
0.761, -5.151e-06
0.760, -5.146e-06
0.759, -5.126e-06
0.758, -5.131e-06
0.757, -5.109e-06
0.756, -5.103e-06
0.755, -5.090e-06
0.754, -5.079e-06
0.753, -5.081e-06
0.752, -5.059e-06
0.751, -5.058e-06
0.750, -5.044e-06
0.749, -5.026e-06
0.748, -5.035e-06
0.747, -5.005e-06
0.746, -5.001e-06
0.745, -4.985e-06
0.744, -4.973e-06
0.743, -4.988e-06
0.742, -4.950e-06
0.741, -4.944e-06
0.740, -4.932e-06
0.739, -4.914e-06
0.738, -4.912e-06
0.737, -4.886e-06
0.736, -4.887e-06
0.735, -4.864e-06
0.734, -4.848e-06
0.733, -4.844e-06
0.732, -4.824e-06
0.731, -4.818e-06
0.730, -4.788e-06
0.729, -4.777e-06
0.728, -4.784e-06
0.727, -4.756e-06
0.726, -4.752e-06
0.725, -4.733e-06
0.724, -4.723e-06
0.723, -4.720e-06
0.722, -4.689e-06
0.721, -4.690e-06
0.720, -4.673e-06
0.719, -4.656e-06
0.718, -4.650e-06
0.717, -4.635e-06
0.716, -4.627e-06
0.715, -4.608e-06
0.714, -4.588e-06
0.713, -4.589e-06
0.712, -4.568e-06
0.711, -4.556e-06
0.710, -4.542e-06
0.709, -4.523e-06
0.708, -4.527e-06
0.707, -4.503e-06
0.706, -4.492e-06
0.705, -4.481e-06
0.704, -4.456e-06
0.703, -4.462e-06
0.702, -4.441e-06
0.701, -4.436e-06
0.700, -4.421e-06
0.699, -4.408e-06
0.698, -4.398e-06
0.697, -4.382e-06
0.696, -4.377e-06
0.695, -4.360e-06
0.694, -4.347e-06
0.693, -4.345e-06
0.692, -4.335e-06
0.691, -4.322e-06
0.690, -4.299e-06
0.689, -4.292e-06
0.688, -4.291e-06
0.687, -4.262e-06
0.686, -4.264e-06
0.685, -4.244e-06
0.684, -4.239e-06
0.683, -4.240e-06
0.682, -4.210e-06
0.681, -4.210e-06
0.680, -4.195e-06
0.679, -4.171e-06
0.678, -4.176e-06
0.677, -4.151e-06
0.676, -4.155e-06
0.675, -4.140e-06
0.674, -4.126e-06
0.673, -4.125e-06
0.672, -4.104e-06
0.671, -4.104e-06
0.670, -4.087e-06
0.669, -4.077e-06
0.668, -4.079e-06
0.667, -4.065e-06
0.666, -4.051e-06
0.665, -4.044e-06
0.664, -4.035e-06
0.663, -4.036e-06
0.662, -4.011e-06
0.661, -4.014e-06
0.660, -4.000e-06
0.659, -3.990e-06
0.658, -3.988e-06
0.657, -3.966e-06
0.656, -3.967e-06
0.655, -3.950e-06
0.654, -3.939e-06
0.653, -3.925e-06
0.652, -3.923e-06
0.651, -3.924e-06
0.650, -3.899e-06
0.649, -3.900e-06
0.648, -3.896e-06
0.647, -3.875e-06
0.646, -3.875e-06
0.645, -3.858e-06
0.644, -3.858e-06
0.643, -3.855e-06
0.642, -3.831e-06
0.641, -3.835e-06
0.640, -3.836e-06
0.639, -3.811e-06
0.638, -3.811e-06
0.637, -3.788e-06
0.636, -3.796e-06
0.635, -3.781e-06
0.634, -3.770e-06
0.633, -3.770e-06
0.632, -3.757e-06
0.631, -3.753e-06
0.630, -3.737e-06
0.629, -3.732e-06
0.628, -3.730e-06
0.627, -3.713e-06
0.626, -3.714e-06
0.625, -3.702e-06
0.624, -3.696e-06
0.623, -3.691e-06
0.622, -3.674e-06
0.621, -3.671e-06
0.620, -3.663e-06
0.619, -3.655e-06
0.618, -3.652e-06
0.617, -3.639e-06
0.616, -3.641e-06
0.615, -3.602e-06
0.614, -3.614e-06
0.613, -3.614e-06
0.612, -3.600e-06
0.611, -3.604e-06
0.610, -3.582e-06
0.609, -3.585e-06
0.608, -3.578e-06
0.607, -3.564e-06
0.606, -3.565e-06
0.605, -3.551e-06
0.604, -3.551e-06
0.603, -3.547e-06
0.602, -3.518e-06
0.601, -3.534e-06
0.600, -3.516e-06
0.599, -3.516e-06
0.598, -3.517e-06
0.597, -3.496e-06
0.596, -3.504e-06
0.595, -3.488e-06
0.594, -3.483e-06
0.593, -3.484e-06
0.592, -3.470e-06
0.591, -3.473e-06
0.590, -3.454e-06
0.589, -3.464e-06
0.588, -3.457e-06
0.587, -3.439e-06
0.586, -3.441e-06
0.585, -3.423e-06
0.584, -3.422e-06
0.583, -3.419e-06
0.582, -3.405e-06
0.581, -3.407e-06
0.580, -3.395e-06
0.579, -3.395e-06
0.578, -3.389e-06
0.577, -3.375e-06
0.576, -3.370e-06
0.575, -3.364e-06
0.574, -3.361e-06
0.573, -3.360e-06
0.572, -3.350e-06
0.571, -3.352e-06
0.570, -3.330e-06
0.569, -3.339e-06
0.568, -3.333e-06
0.567, -3.317e-06
0.566, -3.321e-06
0.565, -3.308e-06
0.564, -3.306e-06
0.563, -3.307e-06
0.562, -3.287e-06
0.561, -3.296e-06
0.560, -3.279e-06
0.559, -3.282e-06
0.558, -3.279e-06
0.557, -3.263e-06
0.556, -3.272e-06
0.555, -3.254e-06
0.554, -3.255e-06
0.553, -3.251e-06
0.552, -3.243e-06
0.551, -3.235e-06
0.550, -3.224e-06
0.549, -3.230e-06
0.548, -3.232e-06
0.547, -3.214e-06
0.546, -3.215e-06
0.545, -3.201e-06
0.544, -3.205e-06
0.543, -3.201e-06
0.542, -3.189e-06
0.541, -3.193e-06
0.540, -3.181e-06
0.539, -3.177e-06
0.538, -3.184e-06
0.537, -3.165e-06
0.536, -3.169e-06
0.535, -3.155e-06
0.534, -3.155e-06
0.533, -3.153e-06
0.532, -3.140e-06
0.531, -3.148e-06
0.530, -3.127e-06
0.529, -3.132e-06
0.528, -3.130e-06
0.527, -3.114e-06
0.526, -3.122e-06
0.525, -3.096e-06
0.524, -3.108e-06
0.523, -3.111e-06
0.522, -3.090e-06
0.521, -3.099e-06
0.520, -3.084e-06
0.519, -3.087e-06
0.518, -3.085e-06
0.517, -3.070e-06
0.516, -3.080e-06
0.515, -3.064e-06
0.514, -3.061e-06
0.513, -3.062e-06
0.512, -3.061e-06
0.511, -3.053e-06
0.510, -3.044e-06
0.509, -3.036e-06
0.508, -3.046e-06
0.507, -3.029e-06
0.506, -3.034e-06
0.505, -3.021e-06
0.504, -3.020e-06
0.503, -3.018e-06
0.502, -3.007e-06
0.501, -3.010e-06
0.500, -2.995e-06
0.499, -2.995e-06
0.498, -2.996e-06
0.497, -2.983e-06
0.496, -2.991e-06
0.495, -2.977e-06
0.494, -2.977e-06
0.493, -2.972e-06
0.492, -2.962e-06
0.491, -2.971e-06
0.490, -2.952e-06
0.489, -2.955e-06
0.488, -2.959e-06
0.487, -2.952e-06
0.486, -2.949e-06
0.485, -2.932e-06
0.484, -2.933e-06
0.483, -2.936e-06
0.482, -2.920e-06
0.481, -2.927e-06
0.480, -2.915e-06
0.479, -2.909e-06
0.478, -2.915e-06
0.477, -2.899e-06
0.476, -2.906e-06
0.475, -2.894e-06
0.474, -2.882e-06
0.473, -2.895e-06
0.472, -2.879e-06
0.471, -2.883e-06
0.470, -2.868e-06
0.469, -2.869e-06
0.468, -2.872e-06
0.467, -2.860e-06
0.466, -2.861e-06
0.465, -2.852e-06
0.464, -2.851e-06
0.463, -2.851e-06
0.462, -2.834e-06
0.461, -2.837e-06
0.460, -2.834e-06
0.459, -2.829e-06
0.458, -2.827e-06
0.457, -2.815e-06
0.456, -2.822e-06
0.455, -2.811e-06
0.454, -2.808e-06
0.453, -2.805e-06
0.452, -2.799e-06
0.451, -2.802e-06
0.450, -2.786e-06
0.449, -2.789e-06
0.448, -2.784e-06
0.447, -2.774e-06
0.446, -2.782e-06
0.445, -2.770e-06
0.444, -2.772e-06
0.443, -2.773e-06
0.442, -2.752e-06
0.441, -2.764e-06
0.440, -2.752e-06
0.439, -2.748e-06
0.438, -2.751e-06
0.437, -2.734e-06
0.436, -2.751e-06
0.435, -2.736e-06
0.434, -2.727e-06
0.433, -2.734e-06
0.432, -2.716e-06
0.431, -2.723e-06
0.430, -2.710e-06
0.429, -2.708e-06
0.428, -2.712e-06
0.427, -2.697e-06
0.426, -2.700e-06
0.425, -2.693e-06
0.424, -2.692e-06
0.423, -2.684e-06
0.422, -2.678e-06
0.421, -2.678e-06
0.420, -2.674e-06
0.419, -2.671e-06
0.418, -2.670e-06
0.417, -2.659e-06
0.416, -2.666e-06
0.415, -2.653e-06
0.414, -2.651e-06
0.413, -2.650e-06
0.412, -2.641e-06
0.411, -2.649e-06
0.410, -2.600e-06
0.409, -2.626e-06
0.408, -2.632e-06
0.407, -2.620e-06
0.406, -2.628e-06
0.405, -2.614e-06
0.404, -2.618e-06
0.403, -2.619e-06
0.402, -2.602e-06
0.401, -2.614e-06
0.400, -2.601e-06
0.399, -2.598e-06
0.398, -2.601e-06
0.397, -2.578e-06
0.396, -2.602e-06
0.395, -2.584e-06
0.394, -2.582e-06
0.393, -2.586e-06
0.392, -2.574e-06
0.391, -2.578e-06
0.390, -2.567e-06
0.389, -2.564e-06
0.388, -2.573e-06
0.387, -2.556e-06
0.386, -2.564e-06
0.385, -2.556e-06
0.384, -2.566e-06
0.383, -2.554e-06
0.382, -2.546e-06
0.381, -2.550e-06
0.380, -2.545e-06
0.379, -2.543e-06
0.378, -2.538e-06
0.377, -2.532e-06
0.376, -2.538e-06
0.375, -2.528e-06
0.374, -2.528e-06
0.373, -2.528e-06
0.372, -2.515e-06
0.371, -2.526e-06
0.370, -2.509e-06
0.369, -2.516e-06
0.368, -2.516e-06
0.367, -2.505e-06
0.366, -2.513e-06
0.365, -2.501e-06
0.364, -2.506e-06
0.363, -2.502e-06
0.362, -2.488e-06
0.361, -2.502e-06
0.360, -2.489e-06
0.359, -2.488e-06
0.358, -2.487e-06
0.357, -2.479e-06
0.356, -2.493e-06
0.355, -2.479e-06
0.354, -2.475e-06
0.353, -2.482e-06
0.352, -2.469e-06
0.351, -2.475e-06
0.350, -2.468e-06
0.349, -2.466e-06
0.348, -2.471e-06
0.347, -2.458e-06
0.346, -2.458e-06
0.345, -2.458e-06
0.344, -2.460e-06
0.343, -2.454e-06
0.342, -2.448e-06
0.341, -2.454e-06
0.340, -2.448e-06
0.339, -2.450e-06
0.338, -2.445e-06
0.337, -2.442e-06
0.336, -2.448e-06
0.335, -2.436e-06
0.334, -2.440e-06
0.333, -2.445e-06
0.332, -2.431e-06
0.331, -2.438e-06
0.330, -2.426e-06
0.329, -2.429e-06
0.328, -2.432e-06
0.327, -2.422e-06
0.326, -2.428e-06
0.325, -2.413e-06
0.324, -2.423e-06
0.323, -2.421e-06
0.322, -2.410e-06
0.321, -2.418e-06
0.320, -2.401e-06
0.319, -2.411e-06
0.318, -2.407e-06
0.317, -2.400e-06
0.316, -2.409e-06
0.315, -2.400e-06
0.314, -2.399e-06
0.313, -2.397e-06
0.312, -2.393e-06
0.311, -2.399e-06
0.310, -2.389e-06
0.309, -2.389e-06
0.308, -2.393e-06
0.307, -2.387e-06
0.306, -2.389e-06
0.305, -2.382e-06
0.304, -2.382e-06
0.303, -2.379e-06
0.302, -2.370e-06
0.301, -2.376e-06
0.300, -2.372e-06
0.299, -2.371e-06
0.298, -2.362e-06
0.297, -2.361e-06
0.296, -2.368e-06
0.295, -2.349e-06
0.294, -2.358e-06
0.293, -2.352e-06
0.292, -2.350e-06
0.291, -2.357e-06
0.290, -2.341e-06
0.289, -2.348e-06
0.288, -2.342e-06
0.287, -2.336e-06
0.286, -2.344e-06
0.285, -2.331e-06
0.284, -2.335e-06
0.283, -2.331e-06
0.282, -2.331e-06
0.281, -2.333e-06
0.280, -2.323e-06
0.279, -2.325e-06
0.278, -2.319e-06
0.277, -2.313e-06
0.276, -2.322e-06
0.275, -2.310e-06
0.274, -2.312e-06
0.273, -2.309e-06
0.272, -2.303e-06
0.271, -2.306e-06
0.270, -2.299e-06
0.269, -2.294e-06
0.268, -2.297e-06
0.267, -2.291e-06
0.266, -2.292e-06
0.265, -2.287e-06
0.264, -2.292e-06
0.263, -2.282e-06
0.262, -2.277e-06
0.261, -2.283e-06
0.260, -2.277e-06
0.259, -2.280e-06
0.258, -2.269e-06
0.257, -2.266e-06
0.256, -2.270e-06
0.255, -2.261e-06
0.254, -2.266e-06
0.253, -2.257e-06
0.252, -2.253e-06
0.251, -2.264e-06
0.250, -2.245e-06
0.249, -2.253e-06
0.248, -2.249e-06
0.247, -2.239e-06
0.246, -2.249e-06
0.245, -2.235e-06
0.244, -2.239e-06
0.243, -2.234e-06
0.242, -2.224e-06
0.241, -2.235e-06
0.240, -2.226e-06
0.239, -2.230e-06
0.238, -2.221e-06
0.237, -2.214e-06
0.236, -2.225e-06
0.235, -2.215e-06
0.234, -2.216e-06
0.233, -2.210e-06
0.232, -2.205e-06
0.231, -2.219e-06
0.230, -2.204e-06
0.229, -2.206e-06
0.228, -2.204e-06
0.227, -2.198e-06
0.226, -2.199e-06
0.225, -2.193e-06
0.224, -2.197e-06
0.223, -2.190e-06
0.222, -2.186e-06
0.221, -2.190e-06
0.220, -2.187e-06
0.219, -2.185e-06
0.218, -2.172e-06
0.217, -2.174e-06
0.216, -2.183e-06
0.215, -2.172e-06
0.214, -2.175e-06
0.213, -2.168e-06
0.212, -2.169e-06
0.211, -2.171e-06
0.210, -2.161e-06
0.209, -2.168e-06
0.208, -2.163e-06
0.207, -2.155e-06
0.206, -2.163e-06
0.205, -2.134e-06
0.204, -2.156e-06
0.203, -2.152e-06
0.202, -2.144e-06
0.201, -2.153e-06
0.200, -2.146e-06
0.199, -2.150e-06
0.198, -2.144e-06
0.197, -2.136e-06
0.196, -2.147e-06
0.195, -2.137e-06
0.194, -2.142e-06
0.193, -2.136e-06
0.192, -2.125e-06
0.191, -2.136e-06
0.190, -2.127e-06
0.189, -2.129e-06
0.188, -2.129e-06
0.187, -2.122e-06
0.186, -2.124e-06
0.185, -2.120e-06
0.184, -2.124e-06
0.183, -2.119e-06
0.182, -2.115e-06
0.181, -2.116e-06
0.180, -2.121e-06
0.179, -2.120e-06
0.178, -2.109e-06
0.177, -2.109e-06
0.176, -2.114e-06
0.175, -2.105e-06
0.174, -2.108e-06
0.173, -2.102e-06
0.172, -2.099e-06
0.171, -2.109e-06
0.170, -2.094e-06
0.169, -2.102e-06
0.168, -2.098e-06
0.167, -2.086e-06
0.166, -2.097e-06
0.165, -2.089e-06
0.164, -2.094e-06
0.163, -2.090e-06
0.162, -2.082e-06
0.161, -2.091e-06
0.160, -2.082e-06
0.159, -2.088e-06
0.158, -2.082e-06
0.157, -2.079e-06
0.156, -2.083e-06
0.155, -2.077e-06
0.154, -2.073e-06
0.153, -2.077e-06
0.152, -2.072e-06
0.151, -2.077e-06
0.150, -2.069e-06
0.149, -2.071e-06
0.148, -2.070e-06
0.147, -2.065e-06
0.146, -2.068e-06
0.145, -2.063e-06
0.144, -2.064e-06
0.143, -2.060e-06
0.142, -2.058e-06
0.141, -2.054e-06
0.140, -2.057e-06
0.139, -2.057e-06
0.138, -2.052e-06
0.137, -2.050e-06
0.136, -2.056e-06
0.135, -2.048e-06
0.134, -2.051e-06
0.133, -2.049e-06
0.132, -2.046e-06
0.131, -2.050e-06
0.130, -2.037e-06
0.129, -2.045e-06
0.128, -2.052e-06
0.127, -2.040e-06
0.126, -2.043e-06
0.125, -2.034e-06
0.124, -2.045e-06
0.123, -2.034e-06
0.122, -2.029e-06
0.121, -2.037e-06
0.120, -2.032e-06
0.119, -2.030e-06
0.118, -2.031e-06
0.117, -2.023e-06
0.116, -2.027e-06
0.115, -2.023e-06
0.114, -2.025e-06
0.113, -2.022e-06
0.112, -2.019e-06
0.111, -2.022e-06
0.110, -2.015e-06
0.109, -2.018e-06
0.108, -2.017e-06
0.107, -2.013e-06
0.106, -2.015e-06
0.105, -2.011e-06
0.104, -2.012e-06
0.103, -2.015e-06
0.102, -2.008e-06
0.101, -2.009e-06
0.100, -2.008e-06
0.099, -2.006e-06
0.098, -2.003e-06
0.097, -1.997e-06
0.096, -2.006e-06
0.095, -1.996e-06
0.094, -1.999e-06
0.093, -1.997e-06
0.092, -1.993e-06
0.091, -2.001e-06
0.090, -1.982e-06
0.089, -1.992e-06
0.088, -1.992e-06
0.087, -1.988e-06
0.086, -1.989e-06
0.085, -1.983e-06
0.084, -1.988e-06
0.083, -1.986e-06
0.082, -1.977e-06
0.081, -1.987e-06
0.080, -1.978e-06
0.079, -1.983e-06
0.078, -1.976e-06
0.077, -1.982e-06
0.076, -1.983e-06
0.075, -1.976e-06
0.074, -1.976e-06
0.073, -1.973e-06
0.072, -1.972e-06
0.071, -1.974e-06
0.070, -1.968e-06
0.069, -1.969e-06
0.068, -1.969e-06
0.067, -1.964e-06
0.066, -1.966e-06
0.065, -1.964e-06
0.064, -1.959e-06
0.063, -1.960e-06
0.062, -1.957e-06
0.061, -1.963e-06
0.060, -1.959e-06
0.059, -1.959e-06
0.058, -1.955e-06
0.057, -1.954e-06
0.056, -1.961e-06
0.055, -1.950e-06
0.054, -1.956e-06
0.053, -1.952e-06
0.052, -1.949e-06
0.051, -1.954e-06
0.050, -1.946e-06
0.049, -1.951e-06
0.048, -1.948e-06
0.047, -1.943e-06
0.046, -1.952e-06
0.045, -1.940e-06
0.044, -1.947e-06
0.043, -1.943e-06
0.042, -1.940e-06
0.041, -1.944e-06
0.040, -1.941e-06
0.039, -1.939e-06
0.038, -1.936e-06
0.037, -1.934e-06
0.036, -1.944e-06
0.035, -1.936e-06
0.034, -1.937e-06
0.033, -1.935e-06
0.032, -1.932e-06
0.031, -1.938e-06
0.030, -1.931e-06
0.029, -1.933e-06
0.028, -1.932e-06
0.027, -1.928e-06
0.026, -1.940e-06
0.025, -1.929e-06
0.024, -1.932e-06
0.023, -1.927e-06
0.022, -1.926e-06
0.021, -1.930e-06
0.020, -1.924e-06
0.019, -1.928e-06
0.018, -1.922e-06
0.017, -1.923e-06
0.016, -1.930e-06
0.015, -1.920e-06
0.014, -1.923e-06
0.013, -1.911e-06
0.012, -1.919e-06
0.011, -1.925e-06
0.010, -1.915e-06
0.009, -1.921e-06
0.008, -1.918e-06
0.007, -1.913e-06
0.006, -1.918e-06
0.005, -1.914e-06
0.004, -1.919e-06
0.003, -1.915e-06
0.002, -1.912e-06
0.001, -1.918e-06
0.000, -1.884e-06
-0.001, -1.913e-06
-0.002, -1.907e-06
-0.003, -1.907e-06
-0.004, -1.913e-06
-0.005, -1.908e-06
-0.006, -1.910e-06
-0.007, -1.912e-06
-0.008, -1.904e-06
-0.009, -1.912e-06
-0.010, -1.905e-06
-0.011, -1.908e-06
-0.012, -1.905e-06
-0.013, -1.905e-06
-0.014, -1.907e-06
-0.015, -1.905e-06
-0.016, -1.908e-06
-0.017, -1.906e-06
-0.018, -1.903e-06
-0.019, -1.907e-06
-0.020, -1.902e-06
-0.021, -1.910e-06
-0.022, -1.901e-06
-0.023, -1.903e-06
-0.024, -1.906e-06
-0.025, -1.906e-06
-0.026, -1.907e-06
-0.027, -1.900e-06
-0.028, -1.903e-06
-0.029, -1.906e-06
-0.030, -1.898e-06
-0.031, -1.905e-06
-0.032, -1.898e-06
-0.033, -1.900e-06
-0.034, -1.902e-06
-0.035, -1.898e-06
-0.036, -1.905e-06
-0.037, -1.900e-06
-0.038, -1.890e-06
-0.039, -1.900e-06
-0.040, -1.898e-06
-0.041, -1.903e-06
-0.042, -1.896e-06
-0.043, -1.898e-06
-0.044, -1.900e-06
-0.045, -1.895e-06
-0.046, -1.901e-06
-0.047, -1.895e-06
-0.048, -1.901e-06
-0.049, -1.901e-06
-0.050, -1.896e-06
-0.051, -1.897e-06
-0.052, -1.895e-06
-0.053, -1.899e-06
-0.054, -1.902e-06
-0.055, -1.893e-06
-0.056, -1.902e-06
-0.057, -1.897e-06
-0.058, -1.897e-06
-0.059, -1.900e-06
-0.060, -1.897e-06
-0.061, -1.902e-06
-0.062, -1.892e-06
-0.063, -1.901e-06
-0.064, -1.896e-06
-0.065, -1.896e-06
-0.066, -1.901e-06
-0.067, -1.891e-06
-0.068, -1.900e-06
-0.069, -1.903e-06
-0.070, -1.893e-06
-0.071, -1.902e-06
-0.072, -1.897e-06
-0.073, -1.899e-06
-0.074, -1.903e-06
-0.075, -1.892e-06
-0.076, -1.908e-06
-0.077, -1.901e-06
-0.078, -1.900e-06
-0.079, -1.904e-06
-0.080, -1.895e-06
-0.081, -1.903e-06
-0.082, -1.896e-06
-0.083, -1.897e-06
-0.084, -1.905e-06
-0.085, -1.899e-06
-0.086, -1.901e-06
-0.087, -1.900e-06
-0.088, -1.901e-06
-0.089, -1.899e-06
-0.090, -1.893e-06
-0.091, -1.903e-06
-0.092, -1.898e-06
-0.093, -1.902e-06
-0.094, -1.903e-06
-0.095, -1.898e-06
-0.096, -1.906e-06
-0.097, -1.900e-06
-0.098, -1.900e-06
-0.099, -1.902e-06
-0.100, -1.900e-06
-0.101, -1.906e-06
-0.102, -1.900e-06
-0.103, -1.905e-06
-0.104, -1.907e-06
-0.105, -1.897e-06
-0.106, -1.906e-06
-0.107, -1.896e-06
-0.108, -1.905e-06
-0.109, -1.906e-06
-0.110, -1.900e-06
-0.111, -1.906e-06
-0.112, -1.899e-06
-0.113, -1.901e-06
-0.114, -1.906e-06
-0.115, -1.890e-06
-0.116, -1.907e-06
-0.117, -1.899e-06
-0.118, -1.900e-06
-0.119, -1.908e-06
-0.120, -1.899e-06
-0.121, -1.905e-06
-0.122, -1.897e-06
-0.123, -1.902e-06
-0.124, -1.908e-06
-0.125, -1.900e-06
-0.126, -1.906e-06
-0.127, -1.900e-06
-0.128, -1.914e-06
-0.129, -1.908e-06
-0.130, -1.901e-06
-0.131, -1.907e-06
-0.132, -1.904e-06
-0.133, -1.906e-06
-0.134, -1.905e-06
-0.135, -1.905e-06
-0.136, -1.910e-06
-0.137, -1.901e-06
-0.138, -1.905e-06
-0.139, -1.908e-06
-0.140, -1.901e-06
-0.141, -1.907e-06
-0.142, -1.900e-06
-0.143, -1.904e-06
-0.144, -1.912e-06
-0.145, -1.903e-06
-0.146, -1.909e-06
-0.147, -1.904e-06
-0.148, -1.907e-06
-0.149, -1.913e-06
-0.150, -1.902e-06
-0.151, -1.910e-06
-0.152, -1.905e-06
-0.153, -1.908e-06
-0.154, -1.911e-06
-0.155, -1.903e-06
-0.156, -1.915e-06
-0.157, -1.907e-06
-0.158, -1.907e-06
-0.159, -1.916e-06
-0.160, -1.905e-06
-0.161, -1.915e-06
-0.162, -1.909e-06
-0.163, -1.908e-06
-0.164, -1.916e-06
-0.165, -1.910e-06
-0.166, -1.908e-06
-0.167, -1.909e-06
-0.168, -1.911e-06
-0.169, -1.915e-06
-0.170, -1.910e-06
-0.171, -1.916e-06
-0.172, -1.912e-06
-0.173, -1.914e-06
-0.174, -1.917e-06
-0.175, -1.913e-06
-0.176, -1.920e-06
-0.177, -1.915e-06
-0.178, -1.915e-06
-0.179, -1.927e-06
-0.180, -1.918e-06
-0.181, -1.924e-06
-0.182, -1.915e-06
-0.183, -1.918e-06
-0.184, -1.923e-06
-0.185, -1.916e-06
-0.186, -1.923e-06
-0.187, -1.918e-06
-0.188, -1.923e-06
-0.189, -1.925e-06
-0.190, -1.915e-06
-0.191, -1.926e-06
-0.192, -1.915e-06
-0.193, -1.921e-06
-0.194, -1.926e-06
-0.195, -1.917e-06
-0.196, -1.928e-06
-0.197, -1.921e-06
-0.198, -1.919e-06
-0.199, -1.928e-06
-0.200, -1.923e-06
-0.201, -1.930e-06
-0.202, -1.923e-06
-0.203, -1.921e-06
-0.204, -1.922e-06
-0.205, -1.915e-06
-0.206, -1.926e-06
-0.207, -1.923e-06
-0.208, -1.926e-06
-0.209, -1.930e-06
-0.210, -1.925e-06
-0.211, -1.931e-06
-0.212, -1.928e-06
-0.213, -1.928e-06
-0.214, -1.931e-06
-0.215, -1.925e-06
-0.216, -1.935e-06
-0.217, -1.922e-06
-0.218, -1.926e-06
-0.219, -1.932e-06
-0.220, -1.929e-06
-0.221, -1.936e-06
-0.222, -1.927e-06
-0.223, -1.931e-06
-0.224, -1.933e-06
-0.225, -1.930e-06
-0.226, -1.935e-06
-0.227, -1.930e-06
-0.228, -1.936e-06
-0.229, -1.937e-06
-0.230, -1.937e-06
-0.231, -1.943e-06
-0.232, -1.934e-06
-0.233, -1.933e-06
-0.234, -1.940e-06
-0.235, -1.932e-06
-0.236, -1.945e-06
-0.237, -1.938e-06
-0.238, -1.936e-06
-0.239, -1.945e-06
-0.240, -1.934e-06
-0.241, -1.943e-06
-0.242, -1.938e-06
-0.243, -1.932e-06
-0.244, -1.944e-06
-0.245, -1.940e-06
-0.246, -1.942e-06
-0.247, -1.942e-06
-0.248, -1.944e-06
-0.249, -1.944e-06
-0.250, -1.940e-06
-0.251, -1.948e-06
-0.252, -1.941e-06
-0.253, -1.945e-06
-0.254, -1.947e-06
-0.255, -1.941e-06
-0.256, -1.948e-06
-0.257, -1.944e-06
-0.258, -1.945e-06
-0.259, -1.951e-06
-0.260, -1.947e-06
-0.261, -1.954e-06
-0.262, -1.946e-06
-0.263, -1.948e-06
-0.264, -1.953e-06
-0.265, -1.947e-06
-0.266, -1.955e-06
-0.267, -1.950e-06
-0.268, -1.951e-06
-0.269, -1.953e-06
-0.270, -1.949e-06
-0.271, -1.959e-06
-0.272, -1.952e-06
-0.273, -1.957e-06
-0.274, -1.958e-06
-0.275, -1.952e-06
-0.276, -1.962e-06
-0.277, -1.957e-06
-0.278, -1.959e-06
-0.279, -1.962e-06
-0.280, -1.960e-06
-0.281, -1.968e-06
-0.282, -1.962e-06
-0.283, -1.964e-06
-0.284, -1.970e-06
-0.285, -1.962e-06
-0.286, -1.966e-06
-0.287, -1.965e-06
-0.288, -1.967e-06
-0.289, -1.971e-06
-0.290, -1.964e-06
-0.291, -1.972e-06
-0.292, -1.970e-06
-0.293, -1.969e-06
-0.294, -1.968e-06
-0.295, -1.966e-06
-0.296, -1.978e-06
-0.297, -1.969e-06
-0.298, -1.973e-06
-0.299, -1.976e-06
-0.300, -1.970e-06
-0.301, -1.980e-06
-0.302, -1.973e-06
-0.303, -1.978e-06
-0.304, -1.983e-06
-0.305, -1.976e-06
-0.306, -1.986e-06
-0.307, -1.984e-06
-0.308, -1.986e-06
-0.309, -1.988e-06
-0.310, -1.979e-06
-0.311, -1.990e-06
-0.312, -1.986e-06
-0.313, -1.986e-06
-0.314, -1.993e-06
-0.315, -1.981e-06
-0.316, -1.997e-06
-0.317, -1.990e-06
-0.318, -1.992e-06
-0.319, -1.997e-06
-0.320, -1.985e-06
-0.321, -2.000e-06
-0.322, -1.996e-06
-0.323, -1.998e-06
-0.324, -2.004e-06
-0.325, -1.996e-06
-0.326, -2.004e-06
-0.327, -1.998e-06
-0.328, -2.003e-06
-0.329, -2.006e-06
-0.330, -2.001e-06
-0.331, -2.009e-06
-0.332, -2.010e-06
-0.333, -2.013e-06
-0.334, -2.011e-06
-0.335, -2.007e-06
-0.336, -2.018e-06
-0.337, -2.010e-06
-0.338, -2.016e-06
-0.339, -2.014e-06
-0.340, -2.016e-06
-0.341, -2.024e-06
-0.342, -2.019e-06
-0.343, -2.019e-06
-0.344, -2.023e-06
-0.345, -2.014e-06
-0.346, -2.026e-06
-0.347, -2.020e-06
-0.348, -2.029e-06
-0.349, -2.029e-06
-0.350, -2.021e-06
-0.351, -2.037e-06
-0.352, -2.031e-06
-0.353, -2.033e-06
-0.354, -2.034e-06
-0.355, -2.030e-06
-0.356, -2.043e-06
-0.357, -2.035e-06
-0.358, -2.037e-06
-0.359, -2.042e-06
-0.360, -2.041e-06
-0.361, -2.048e-06
-0.362, -2.041e-06
-0.363, -2.045e-06
-0.364, -2.049e-06
-0.365, -2.044e-06
-0.366, -2.053e-06
-0.367, -2.048e-06
-0.368, -2.054e-06
-0.369, -2.055e-06
-0.370, -2.053e-06
-0.371, -2.053e-06
-0.372, -2.058e-06
-0.373, -2.064e-06
-0.374, -2.058e-06
-0.375, -2.063e-06
-0.376, -2.074e-06
-0.377, -2.065e-06
-0.378, -2.068e-06
-0.379, -2.069e-06
-0.380, -2.070e-06
-0.381, -2.079e-06
-0.382, -2.072e-06
-0.383, -2.078e-06
-0.384, -2.088e-06
-0.385, -2.081e-06
-0.386, -2.089e-06
-0.387, -2.079e-06
-0.388, -2.091e-06
-0.389, -2.090e-06
-0.390, -2.087e-06
-0.391, -2.098e-06
-0.392, -2.092e-06
-0.393, -2.101e-06
-0.394, -2.099e-06
-0.395, -2.095e-06
-0.396, -2.106e-06
-0.397, -2.101e-06
-0.398, -2.109e-06
-0.399, -2.109e-06
-0.400, -2.108e-06
-0.401, -2.120e-06
-0.402, -2.113e-06
-0.403, -2.120e-06
-0.404, -2.121e-06
-0.405, -2.124e-06
-0.406, -2.130e-06
-0.407, -2.126e-06
-0.408, -2.136e-06
-0.409, -2.109e-06
-0.410, -2.124e-06
-0.411, -2.139e-06
-0.412, -2.139e-06
-0.413, -2.146e-06
-0.414, -2.142e-06
-0.415, -2.144e-06
-0.416, -2.156e-06
-0.417, -2.152e-06
-0.418, -2.157e-06
-0.419, -2.156e-06
-0.420, -2.157e-06
-0.421, -2.169e-06
-0.422, -2.156e-06
-0.423, -2.171e-06
-0.424, -2.169e-06
-0.425, -2.169e-06
-0.426, -2.180e-06
-0.427, -2.175e-06
-0.428, -2.185e-06
-0.429, -2.183e-06
-0.430, -2.183e-06
-0.431, -2.195e-06
-0.432, -2.188e-06
-0.433, -2.201e-06
-0.434, -2.197e-06
-0.435, -2.202e-06
-0.436, -2.211e-06
-0.437, -2.206e-06
-0.438, -2.209e-06
-0.439, -2.211e-06
-0.440, -2.211e-06
-0.441, -2.223e-06
-0.442, -2.219e-06
-0.443, -2.226e-06
-0.444, -2.229e-06
-0.445, -2.227e-06
-0.446, -2.239e-06
-0.447, -2.230e-06
-0.448, -2.236e-06
-0.449, -2.240e-06
-0.450, -2.239e-06
-0.451, -2.250e-06
-0.452, -2.249e-06
-0.453, -2.255e-06
-0.454, -2.254e-06
-0.455, -2.257e-06
-0.456, -2.264e-06
-0.457, -2.263e-06
-0.458, -2.268e-06
-0.459, -2.264e-06
-0.460, -2.269e-06
-0.461, -2.279e-06
-0.462, -2.270e-06
-0.463, -2.286e-06
-0.464, -2.280e-06
-0.465, -2.279e-06
-0.466, -2.293e-06
-0.467, -2.286e-06
-0.468, -2.296e-06
-0.469, -2.295e-06
-0.470, -2.291e-06
-0.471, -2.302e-06
-0.472, -2.300e-06
-0.473, -2.302e-06
-0.474, -2.303e-06
-0.475, -2.302e-06
-0.476, -2.315e-06
-0.477, -2.310e-06
-0.478, -2.317e-06
-0.479, -2.316e-06
-0.480, -2.315e-06
-0.481, -2.326e-06
-0.482, -2.320e-06
-0.483, -2.326e-06
-0.484, -2.331e-06
-0.485, -2.327e-06
-0.486, -2.343e-06
-0.487, -2.336e-06
-0.488, -2.340e-06
-0.489, -2.339e-06
-0.490, -2.340e-06
-0.491, -2.348e-06
-0.492, -2.347e-06
-0.493, -2.353e-06
-0.494, -2.349e-06
-0.495, -2.353e-06
-0.496, -2.362e-06
-0.497, -2.357e-06
-0.498, -2.365e-06
-0.499, -2.355e-06
-0.500, -2.365e-06
-0.501, -2.372e-06
-0.502, -2.366e-06
-0.503, -2.375e-06
-0.504, -2.375e-06
-0.505, -2.374e-06
-0.506, -2.385e-06
-0.507, -2.376e-06
-0.508, -2.391e-06
-0.509, -2.391e-06
-0.510, -2.385e-06
-0.511, -2.397e-06
-0.512, -2.400e-06
-0.513, -2.402e-06
-0.514, -2.400e-06
-0.515, -2.397e-06
-0.516, -2.412e-06
-0.517, -2.405e-06
-0.518, -2.411e-06
-0.519, -2.410e-06
-0.520, -2.412e-06
-0.521, -2.422e-06
-0.522, -2.418e-06
-0.523, -2.420e-06
-0.524, -2.424e-06
-0.525, -2.420e-06
-0.526, -2.432e-06
-0.527, -2.428e-06
-0.528, -2.437e-06
-0.529, -2.435e-06
-0.530, -2.436e-06
-0.531, -2.442e-06
-0.532, -2.445e-06
-0.533, -2.450e-06
-0.534, -2.448e-06
-0.535, -2.449e-06
-0.536, -2.460e-06
-0.537, -2.463e-06
-0.538, -2.463e-06
-0.539, -2.463e-06
-0.540, -2.465e-06
-0.541, -2.473e-06
-0.542, -2.470e-06
-0.543, -2.479e-06
-0.544, -2.480e-06
-0.545, -2.477e-06
-0.546, -2.488e-06
-0.547, -2.484e-06
-0.548, -2.495e-06
-0.549, -2.496e-06
-0.550, -2.489e-06
-0.551, -2.500e-06
-0.552, -2.499e-06
-0.553, -2.506e-06
-0.554, -2.507e-06
-0.555, -2.508e-06
-0.556, -2.517e-06
-0.557, -2.514e-06
-0.558, -2.521e-06
-0.559, -2.524e-06
-0.560, -2.527e-06
-0.561, -2.535e-06
-0.562, -2.531e-06
-0.563, -2.537e-06
-0.564, -2.543e-06
-0.565, -2.542e-06
-0.566, -2.549e-06
-0.567, -2.548e-06
-0.568, -2.561e-06
-0.569, -2.556e-06
-0.570, -2.558e-06
-0.571, -2.566e-06
-0.572, -2.569e-06
-0.573, -2.577e-06
-0.574, -2.574e-06
-0.575, -2.579e-06
-0.576, -2.582e-06
-0.577, -2.584e-06
-0.578, -2.594e-06
-0.579, -2.596e-06
-0.580, -2.600e-06
-0.581, -2.609e-06
-0.582, -2.601e-06
-0.583, -2.616e-06
-0.584, -2.620e-06
-0.585, -2.620e-06
-0.586, -2.629e-06
-0.587, -2.625e-06
-0.588, -2.643e-06
-0.589, -2.643e-06
-0.590, -2.639e-06
-0.591, -2.654e-06
-0.592, -2.652e-06
-0.593, -2.656e-06
-0.594, -2.664e-06
-0.595, -2.659e-06
-0.596, -2.675e-06
-0.597, -2.673e-06
-0.598, -2.678e-06
-0.599, -2.684e-06
-0.600, -2.684e-06
-0.601, -2.692e-06
-0.602, -2.691e-06
-0.603, -2.698e-06
-0.604, -2.707e-06
-0.605, -2.704e-06
-0.606, -2.716e-06
-0.607, -2.712e-06
-0.608, -2.725e-06
-0.609, -2.726e-06
-0.610, -2.729e-06
-0.611, -2.734e-06
-0.612, -2.741e-06
-0.613, -2.747e-06
-0.614, -2.728e-06
-0.615, -2.748e-06
-0.616, -2.755e-06
-0.617, -2.754e-06
-0.618, -2.763e-06
-0.619, -2.766e-06
-0.620, -2.766e-06
-0.621, -2.778e-06
-0.622, -2.771e-06
-0.623, -2.783e-06
-0.624, -2.784e-06
-0.625, -2.785e-06
-0.626, -2.794e-06
-0.627, -2.782e-06
-0.628, -2.796e-06
-0.629, -2.799e-06
-0.630, -2.796e-06
-0.631, -2.809e-06
-0.632, -2.807e-06
-0.633, -2.809e-06
-0.634, -2.814e-06
-0.635, -2.814e-06
-0.636, -2.825e-06
-0.637, -2.819e-06
-0.638, -2.831e-06
-0.639, -2.829e-06
-0.640, -2.840e-06
-0.641, -2.842e-06
-0.642, -2.837e-06
-0.643, -2.847e-06
-0.644, -2.848e-06
-0.645, -2.845e-06
-0.646, -2.856e-06
-0.647, -2.852e-06
-0.648, -2.863e-06
-0.649, -2.863e-06
-0.650, -2.865e-06
-0.651, -2.874e-06
-0.652, -2.868e-06
-0.653, -2.880e-06
-0.654, -2.878e-06
-0.655, -2.885e-06
-0.656, -2.892e-06
-0.657, -2.891e-06
-0.658, -2.900e-06
-0.659, -2.899e-06
-0.660, -2.905e-06
-0.661, -2.913e-06
-0.662, -2.908e-06
-0.663, -2.922e-06
-0.664, -2.925e-06
-0.665, -2.924e-06
-0.666, -2.936e-06
-0.667, -2.933e-06
-0.668, -2.947e-06
-0.669, -2.948e-06
-0.670, -2.949e-06
-0.671, -2.963e-06
-0.672, -2.961e-06
-0.673, -2.976e-06
-0.674, -2.978e-06
-0.675, -2.981e-06
-0.676, -2.998e-06
-0.677, -2.997e-06
-0.678, -2.999e-06
-0.679, -3.009e-06
-0.680, -3.017e-06
-0.681, -3.029e-06
-0.682, -3.027e-06
-0.683, -3.042e-06
-0.684, -3.046e-06
-0.685, -3.060e-06
-0.686, -3.064e-06
-0.687, -3.070e-06
-0.688, -3.092e-06
-0.689, -3.092e-06
-0.690, -3.101e-06
-0.691, -3.122e-06
-0.692, -3.121e-06
-0.693, -3.140e-06
-0.694, -3.142e-06
-0.695, -3.155e-06
-0.696, -3.175e-06
-0.697, -3.178e-06
-0.698, -3.197e-06
-0.699, -3.203e-06
-0.700, -3.226e-06
-0.701, -3.241e-06
-0.702, -3.245e-06
-0.703, -3.270e-06
-0.704, -3.269e-06
-0.705, -3.292e-06
-0.706, -3.317e-06
-0.707, -3.326e-06
-0.708, -3.356e-06
-0.709, -3.361e-06
-0.710, -3.384e-06
-0.711, -3.409e-06
-0.712, -3.420e-06
-0.713, -3.449e-06
-0.714, -3.465e-06
-0.715, -3.490e-06
-0.716, -3.522e-06
-0.717, -3.541e-06
-0.718, -3.565e-06
-0.719, -3.588e-06
-0.720, -3.618e-06
-0.721, -3.647e-06
-0.722, -3.670e-06
-0.723, -3.711e-06
-0.724, -3.734e-06
-0.725, -3.773e-06
-0.726, -3.801e-06
-0.727, -3.832e-06
-0.728, -3.873e-06
-0.729, -3.889e-06
-0.730, -3.936e-06
-0.731, -3.980e-06
-0.732, -4.016e-06
-0.733, -4.062e-06
-0.734, -4.093e-06
-0.735, -4.143e-06
-0.736, -4.191e-06
-0.737, -4.231e-06
-0.738, -4.289e-06
-0.739, -4.331e-06
-0.740, -4.402e-06
-0.741, -4.448e-06
-0.742, -4.506e-06
-0.743, -4.579e-06
-0.744, -4.624e-06
-0.745, -4.696e-06
-0.746, -4.761e-06
-0.747, -4.814e-06
-0.748, -4.903e-06
-0.749, -4.961e-06
-0.750, -5.045e-06
-0.751, -5.129e-06
-0.752, -5.203e-06
-0.753, -5.296e-06
-0.754, -5.363e-06
-0.755, -5.443e-06
-0.756, -5.554e-06
-0.757, -5.633e-06
-0.758, -5.744e-06
-0.759, -5.826e-06
-0.760, -5.949e-06
-0.761, -6.055e-06
-0.762, -6.153e-06
-0.763, -6.289e-06
-0.764, -6.398e-06
-0.765, -6.522e-06
-0.766, -6.658e-06
-0.767, -6.777e-06
-0.768, -6.923e-06
-0.769, -7.053e-06
-0.770, -7.213e-06
-0.771, -7.367e-06
-0.772, -7.511e-06
-0.773, -7.700e-06
-0.774, -7.833e-06
-0.775, -8.041e-06
-0.776, -8.212e-06
-0.777, -8.388e-06
-0.778, -8.608e-06
-0.779, -8.754e-06
-0.780, -8.985e-06
-0.781, -9.173e-06
-0.782, -9.380e-06
-0.783, -9.645e-06
-0.784, -9.831e-06
-0.785, -1.011e-05
-0.786, -1.035e-05
-0.787, -1.057e-05
-0.788, -1.087e-05
-0.789, -1.112e-05
-0.790, -1.141e-05
-0.791, -1.171e-05
-0.792, -1.197e-05
-0.793, -1.238e-05
-0.794, -1.266e-05
-0.795, -1.297e-05
-0.796, -1.332e-05
-0.797, -1.364e-05
-0.798, -1.403e-05
-0.799, -1.433e-05
-0.800, -1.473e-05
-0.801, -1.512e-05
-0.802, -1.549e-05
-0.803, -1.594e-05
-0.804, -1.631e-05
-0.805, -1.681e-05
-0.806, -1.714e-05
-0.807, -1.758e-05
-0.808, -1.813e-05
-0.809, -1.852e-05
-0.810, -1.908e-05
-0.811, -1.954e-05
-0.812, -2.003e-05
-0.813, -2.064e-05
-0.814, -2.106e-05
-0.815, -2.167e-05
-0.816, -2.218e-05
-0.817, -2.276e-05
-0.818, -2.339e-05
-0.819, -2.370e-05
-0.820, -2.445e-05
-0.821, -2.506e-05
-0.822, -2.565e-05
-0.823, -2.639e-05
-0.824, -2.691e-05
-0.825, -2.769e-05
-0.826, -2.828e-05
-0.827, -2.886e-05
-0.828, -2.970e-05
-0.829, -3.028e-05
-0.830, -3.104e-05
-0.831, -3.175e-05
-0.832, -3.222e-05
-0.833, -3.319e-05
-0.834, -3.375e-05
-0.835, -3.457e-05
-0.836, -3.527e-05
-0.837, -3.601e-05
-0.838, -3.678e-05
-0.839, -3.742e-05
-0.840, -3.828e-05
-0.841, -3.904e-05
-0.842, -3.976e-05
-0.843, -4.056e-05
-0.844, -4.121e-05
-0.845, -4.231e-05
-0.846, -4.285e-05
-0.847, -4.351e-05
-0.848, -4.438e-05
-0.849, -4.499e-05
-0.850, -4.588e-05
-0.851, -4.640e-05
-0.852, -4.716e-05
-0.853, -4.806e-05
-0.854, -4.853e-05
-0.855, -4.943e-05
-0.856, -5.009e-05
-0.857, -5.055e-05
-0.858, -5.143e-05
-0.859, -5.197e-05
-0.860, -5.284e-05
-0.861, -5.333e-05
-0.862, -5.395e-05
-0.863, -5.473e-05
-0.864, -5.512e-05
-0.865, -5.596e-05
-0.866, -5.651e-05
-0.867, -5.702e-05
-0.868, -5.782e-05
-0.869, -5.812e-05
-0.870, -5.882e-05
-0.871, -5.935e-05
-0.872, -5.985e-05
-0.873, -6.059e-05
-0.874, -6.096e-05
-0.875, -6.154e-05
-0.876, -6.204e-05
-0.877, -6.246e-05
-0.878, -6.318e-05
-0.879, -6.344e-05
-0.880, -6.406e-05
-0.881, -6.443e-05
-0.882, -6.492e-05
-0.883, -6.527e-05
-0.884, -6.557e-05
-0.885, -6.635e-05
-0.886, -6.659e-05
-0.887, -6.697e-05
-0.888, -6.757e-05
-0.889, -6.786e-05
-0.890, -6.840e-05
-0.891, -6.876e-05
-0.892, -6.915e-05
-0.893, -6.980e-05
-0.894, -7.000e-05
-0.895, -7.062e-05
-0.896, -7.115e-05
-0.897, -7.144e-05
-0.898, -7.185e-05
-0.899, -7.212e-05
-0.900, -7.267e-05
-0.901, -7.311e-05
-0.902, -7.344e-05
-0.903, -7.397e-05
-0.904, -7.417e-05
-0.905, -7.483e-05
-0.906, -7.514e-05
-0.907, -7.541e-05
-0.908, -7.601e-05
-0.909, -7.608e-05
-0.910, -7.676e-05
-0.911, -7.707e-05
-0.912, -7.743e-05
-0.913, -7.805e-05
-0.914, -7.832e-05
-0.915, -7.879e-05
-0.916, -7.918e-05
-0.917, -7.953e-05
-0.918, -8.003e-05
-0.919, -8.022e-05
-0.920, -8.080e-05
-0.921, -8.126e-05
-0.922, -8.156e-05
-0.923, -8.201e-05
-0.924, -8.220e-05
-0.925, -8.268e-05
-0.926, -8.295e-05
-0.927, -8.323e-05
-0.928, -8.367e-05
-0.929, -8.380e-05
-0.930, -8.429e-05
-0.931, -8.444e-05
-0.932, -8.470e-05
-0.933, -8.514e-05
-0.934, -8.507e-05
-0.935, -8.554e-05
-0.936, -8.564e-05
-0.937, -8.591e-05
-0.938, -8.615e-05
-0.939, -8.623e-05
-0.940, -8.655e-05
-0.941, -8.660e-05
-0.942, -8.670e-05
-0.943, -8.696e-05
-0.944, -8.690e-05
-0.945, -8.716e-05
-0.946, -8.714e-05
-0.947, -8.735e-05
-0.948, -8.746e-05
-0.949, -8.728e-05
-0.950, -8.743e-05
-0.951, -8.733e-05
-0.952, -8.728e-05
-0.953, -8.735e-05
-0.954, -8.718e-05
-0.955, -8.717e-05
-0.956, -8.705e-05
-0.957, -8.695e-05
-0.958, -8.690e-05
-0.959, -8.667e-05
-0.960, -8.649e-05
-0.961, -8.642e-05
-0.962, -8.622e-05
-0.963, -8.609e-05
-0.964, -8.591e-05
-0.965, -8.579e-05
-0.966, -8.546e-05
-0.967, -8.524e-05
-0.968, -8.512e-05
-0.969, -8.485e-05
-0.970, -8.463e-05
-0.971, -8.432e-05
-0.972, -8.408e-05
-0.973, -8.385e-05
-0.974, -8.351e-05
-0.975, -8.333e-05
-0.976, -8.298e-05
-0.977, -8.269e-05
-0.978, -8.246e-05
-0.979, -8.207e-05
-0.980, -8.184e-05
-0.981, -8.149e-05
-0.982, -8.116e-05
-0.983, -8.094e-05
-0.984, -8.054e-05
-0.985, -8.021e-05
-0.986, -7.987e-05
-0.987, -7.949e-05
-0.988, -7.928e-05
-0.989, -7.888e-05
-0.990, -7.857e-05
-0.991, -7.824e-05
-0.992, -7.787e-05
-0.993, -7.759e-05
-0.994, -7.721e-05
-0.995, -7.690e-05
-0.996, -7.656e-05
-0.997, -7.621e-05
-0.998, -7.598e-05
-0.999, -7.557e-05
-1.000, -7.527e-05
-1.001, -7.492e-05
-1.002, -7.455e-05
-1.003, -7.427e-05
-1.004, -7.391e-05
-1.005, -7.360e-05
-1.006, -7.324e-05
-1.007, -7.292e-05
-1.008, -7.264e-05
-1.009, -7.228e-05
-1.010, -7.199e-05
-1.011, -7.162e-05
-1.012, -7.132e-05
-1.013, -7.105e-05
-1.014, -7.070e-05
-1.015, -7.042e-05
-1.016, -7.009e-05
-1.017, -6.978e-05
-1.018, -6.952e-05
-1.019, -6.919e-05
-1.020, -6.894e-05
-1.021, -6.863e-05
-1.022, -6.833e-05
-1.023, -6.807e-05
-1.024, -6.768e-05
-1.025, -6.747e-05
-1.026, -6.719e-05
-1.027, -6.690e-05
-1.028, -6.667e-05
-1.029, -6.639e-05
-1.030, -6.612e-05
-1.031, -6.588e-05
-1.032, -6.561e-05
-1.033, -6.537e-05
-1.034, -6.509e-05
-1.035, -6.485e-05
-1.036, -6.460e-05
-1.037, -6.432e-05
-1.038, -6.411e-05
-1.039, -6.386e-05
-1.040, -6.363e-05
-1.041, -6.339e-05
-1.042, -6.314e-05
-1.043, -6.291e-05
-1.044, -6.269e-05
-1.045, -6.246e-05
-1.046, -6.223e-05
-1.047, -6.201e-05
-1.048, -6.181e-05
-1.049, -6.159e-05
-1.050, -6.138e-05
-1.051, -6.116e-05
-1.052, -6.094e-05
-1.053, -6.075e-05
-1.054, -6.052e-05
-1.055, -6.033e-05
-1.056, -6.012e-05
-1.057, -5.992e-05
-1.058, -5.974e-05
-1.059, -5.953e-05
-1.060, -5.935e-05
-1.061, -5.916e-05
-1.062, -5.894e-05
-1.063, -5.878e-05
-1.064, -5.859e-05
-1.065, -5.841e-05
-1.066, -5.822e-05
-1.067, -5.804e-05
-1.068, -5.788e-05
-1.069, -5.769e-05
-1.070, -5.752e-05
-1.071, -5.736e-05
-1.072, -5.717e-05
-1.073, -5.702e-05
-1.074, -5.685e-05
-1.075, -5.668e-05
-1.076, -5.653e-05
-1.077, -5.636e-05
-1.078, -5.621e-05
-1.079, -5.604e-05
-1.080, -5.589e-05
-1.081, -5.573e-05
-1.082, -5.558e-05
-1.083, -5.543e-05
-1.084, -5.528e-05
-1.085, -5.513e-05
-1.086, -5.499e-05
-1.087, -5.484e-05
-1.088, -5.469e-05
-1.089, -5.454e-05
-1.090, -5.441e-05
-1.091, -5.426e-05
-1.092, -5.412e-05
-1.093, -5.399e-05
-1.094, -5.384e-05
-1.095, -5.372e-05
-1.096, -5.359e-05
-1.097, -5.345e-05
-1.098, -5.333e-05
-1.099, -5.319e-05
-1.100, -5.308e-05
-1.101, -5.295e-05
-1.102, -5.281e-05
-1.103, -5.270e-05
-1.104, -5.256e-05
-1.105, -5.245e-05
-1.106, -5.233e-05
-1.107, -5.220e-05
-1.108, -5.209e-05
-1.109, -5.197e-05
-1.110, -5.185e-05
-1.111, -5.174e-05
-1.112, -5.162e-05
-1.113, -5.151e-05
-1.114, -5.139e-05
-1.115, -5.128e-05
-1.116, -5.117e-05
-1.117, -5.106e-05
-1.118, -5.096e-05
-1.119, -5.085e-05
-1.120, -5.074e-05
-1.121, -5.063e-05
-1.122, -5.052e-05
-1.123, -5.043e-05
-1.124, -5.032e-05
-1.125, -5.022e-05
-1.126, -5.012e-05
-1.127, -5.002e-05
-1.128, -4.992e-05
-1.129, -4.982e-05
-1.130, -4.972e-05
-1.131, -4.962e-05
-1.132, -4.952e-05
-1.133, -4.943e-05
-1.134, -4.932e-05
-1.135, -4.924e-05
-1.136, -4.915e-05
-1.137, -4.905e-05
-1.138, -4.896e-05
-1.139, -4.885e-05
-1.140, -4.878e-05
-1.141, -4.868e-05
-1.142, -4.859e-05
-1.143, -4.851e-05
-1.144, -4.841e-05
-1.145, -4.833e-05
-1.146, -4.824e-05
-1.147, -4.815e-05
-1.148, -4.808e-05
-1.149, -4.797e-05
-1.150, -4.790e-05
-1.151, -4.781e-05
-1.152, -4.774e-05
-1.153, -4.766e-05
-1.154, -4.757e-05
-1.155, -4.748e-05
-1.156, -4.740e-05
-1.157, -4.732e-05
-1.158, -4.725e-05
-1.159, -4.716e-05
-1.160, -4.710e-05
-1.161, -4.700e-05
-1.162, -4.693e-05
-1.163, -4.686e-05
-1.164, -4.677e-05
-1.165, -4.670e-05
-1.166, -4.662e-05
-1.167, -4.654e-05
-1.168, -4.647e-05
-1.169, -4.639e-05
-1.170, -4.632e-05
-1.171, -4.625e-05
-1.172, -4.617e-05
-1.173, -4.611e-05
-1.174, -4.603e-05
-1.175, -4.597e-05
-1.176, -4.589e-05
-1.177, -4.581e-05
-1.178, -4.575e-05
-1.179, -4.568e-05
-1.180, -4.562e-05
-1.181, -4.554e-05
-1.182, -4.547e-05
-1.183, -4.541e-05
-1.184, -4.533e-05
-1.185, -4.527e-05
-1.186, -4.521e-05
-1.187, -4.513e-05
-1.188, -4.508e-05
-1.189, -4.501e-05
-1.190, -4.494e-05
-1.191, -4.488e-05
-1.192, -4.482e-05
-1.193, -4.476e-05
-1.194, -4.469e-05
-1.195, -4.463e-05
-1.196, -4.457e-05
-1.197, -4.450e-05
-1.198, -4.445e-05
-1.199, -4.438e-05
-1.200, -4.432e-05
-1.201, -4.426e-05
-1.202, -4.420e-05
-1.203, -4.416e-05
-1.204, -4.408e-05
-1.205, -4.402e-05
-1.206, -4.396e-05
-1.207, -4.390e-05
-1.208, -4.385e-05
-1.209, -4.378e-05
-1.210, -4.374e-05
-1.211, -4.368e-05
-1.212, -4.362e-05
-1.213, -4.357e-05
-1.214, -4.350e-05
-1.215, -4.346e-05
-1.216, -4.339e-05
-1.217, -4.333e-05
-1.218, -4.329e-05
-1.219, -4.323e-05
-1.220, -4.319e-05
-1.221, -4.313e-05
-1.222, -4.307e-05
-1.223, -4.302e-05
-1.224, -4.296e-05
-1.225, -4.291e-05
-1.226, -4.285e-05
-1.227, -4.280e-05
-1.228, -4.275e-05
-1.229, -4.269e-05
-1.230, -4.265e-05
-1.231, -4.260e-05
-1.232, -4.255e-05
-1.233, -4.250e-05
-1.234, -4.245e-05
-1.235, -4.239e-05
-1.236, -4.235e-05
-1.237, -4.230e-05
-1.238, -4.226e-05
-1.239, -4.220e-05
-1.240, -4.216e-05
-1.241, -4.210e-05
-1.242, -4.205e-05
-1.243, -4.201e-05
-1.244, -4.197e-05
-1.245, -4.192e-05
-1.246, -4.187e-05
-1.247, -4.182e-05
-1.248, -4.178e-05
-1.249, -4.173e-05
-1.250, -4.168e-05
-1.251, -4.164e-05
-1.252, -4.159e-05
-1.253, -4.155e-05
-1.254, -4.150e-05
-1.255, -4.146e-05
-1.256, -4.142e-05
-1.257, -4.137e-05
-1.258, -4.133e-05
-1.259, -4.128e-05
-1.260, -4.125e-05
-1.261, -4.120e-05
-1.262, -4.115e-05
-1.263, -4.112e-05
-1.264, -4.107e-05
-1.265, -4.103e-05
-1.266, -4.099e-05
-1.267, -4.094e-05
-1.268, -4.091e-05
-1.269, -4.087e-05
-1.270, -4.083e-05
-1.271, -4.079e-05
-1.272, -4.075e-05
-1.273, -4.071e-05
-1.274, -4.066e-05
-1.275, -4.062e-05
-1.276, -4.059e-05
-1.277, -4.054e-05
-1.278, -4.051e-05
-1.279, -4.046e-05
-1.280, -4.043e-05
-1.281, -4.039e-05
-1.282, -4.035e-05
-1.283, -4.032e-05
-1.284, -4.028e-05
-1.285, -4.024e-05
-1.286, -4.020e-05
-1.287, -4.016e-05
-1.288, -4.013e-05
-1.289, -4.008e-05
-1.290, -4.006e-05
-1.291, -4.001e-05
-1.292, -3.997e-05
-1.293, -3.994e-05
-1.294, -3.990e-05
-1.295, -3.987e-05
-1.296, -3.983e-05
-1.297, -3.980e-05
-1.298, -3.977e-05
-1.299, -3.972e-05
-1.300, -3.969e-05
-1.301, -3.966e-05
-1.302, -3.961e-05
-1.303, -3.959e-05
-1.304, -3.955e-05
-1.305, -3.952e-05
-1.306, -3.948e-05
-1.307, -3.944e-05
-1.308, -3.942e-05
-1.309, -3.938e-05
-1.310, -3.934e-05
-1.311, -3.931e-05
-1.312, -3.928e-05
-1.313, -3.925e-05
-1.314, -3.921e-05
-1.315, -3.918e-05
-1.316, -3.915e-05
-1.317, -3.911e-05
-1.318, -3.907e-05
-1.319, -3.904e-05
-1.320, -3.902e-05
-1.321, -3.898e-05
-1.322, -3.894e-05
-1.323, -3.892e-05
-1.324, -3.888e-05
-1.325, -3.885e-05
-1.326, -3.882e-05
-1.327, -3.878e-05
-1.328, -3.876e-05
-1.329, -3.872e-05
-1.330, -3.870e-05
-1.331, -3.867e-05
-1.332, -3.863e-05
-1.333, -3.861e-05
-1.334, -3.857e-05
-1.335, -3.855e-05
-1.336, -3.852e-05
-1.337, -3.848e-05
-1.338, -3.846e-05
-1.339, -3.842e-05
-1.340, -3.840e-05
-1.341, -3.837e-05
-1.342, -3.833e-05
-1.343, -3.832e-05
-1.344, -3.827e-05
-1.345, -3.825e-05
-1.346, -3.822e-05
-1.347, -3.819e-05
-1.348, -3.817e-05
-1.349, -3.814e-05
-1.350, -3.811e-05
-1.351, -3.809e-05
-1.352, -3.805e-05
-1.353, -3.803e-05
-1.354, -3.799e-05
-1.355, -3.797e-05
-1.356, -3.795e-05
-1.357, -3.792e-05
-1.358, -3.789e-05
-1.359, -3.786e-05
-1.360, -3.784e-05
-1.361, -3.782e-05
-1.362, -3.778e-05
-1.363, -3.776e-05
-1.364, -3.773e-05
-1.365, -3.771e-05
-1.366, -3.767e-05
-1.367, -3.765e-05
-1.368, -3.763e-05
-1.369, -3.759e-05
-1.370, -3.758e-05
-1.371, -3.755e-05
-1.372, -3.752e-05
-1.373, -3.750e-05
-1.374, -3.747e-05
-1.375, -3.745e-05
-1.376, -3.743e-05
-1.377, -3.740e-05
-1.378, -3.739e-05
-1.379, -3.735e-05
-1.380, -3.733e-05
-1.381, -3.730e-05
-1.382, -3.727e-05
-1.383, -3.726e-05
-1.384, -3.722e-05
-1.385, -3.721e-05
-1.386, -3.718e-05
-1.387, -3.716e-05
-1.388, -3.714e-05
-1.389, -3.711e-05
-1.390, -3.709e-05
-1.391, -3.707e-05
-1.392, -3.704e-05
-1.393, -3.703e-05
-1.394, -3.699e-05
-1.395, -3.697e-05
-1.396, -3.696e-05
-1.397, -3.693e-05
-1.398, -3.691e-05
-1.399, -3.689e-05
-1.400, -3.687e-05
-1.401, -3.685e-05
-1.402, -3.682e-05
-1.403, -3.681e-05
-1.404, -3.678e-05
-1.405, -3.676e-05
-1.406, -3.673e-05
-1.407, -3.671e-05
-1.408, -3.671e-05
-1.409, -3.667e-05
-1.410, -3.666e-05
-1.411, -3.663e-05
-1.412, -3.661e-05
-1.413, -3.660e-05
-1.414, -3.657e-05
-1.415, -3.656e-05
-1.416, -3.653e-05
-1.417, -3.651e-05
-1.418, -3.649e-05
-1.419, -3.646e-05
-1.420, -3.645e-05
-1.421, -3.643e-05
-1.422, -3.640e-05
-1.423, -3.639e-05
-1.424, -3.637e-05
-1.425, -3.636e-05
-1.426, -3.633e-05
-1.427, -3.631e-05
-1.428, -3.630e-05
-1.429, -3.627e-05
-1.430, -3.626e-05
-1.431, -3.624e-05
-1.432, -3.622e-05
-1.433, -3.619e-05
-1.434, -3.617e-05
-1.435, -3.616e-05
-1.436, -3.614e-05
-1.437, -3.612e-05
-1.438, -3.611e-05
-1.439, -3.608e-05
-1.440, -3.607e-05
-1.441, -3.605e-05
-1.442, -3.603e-05
-1.443, -3.602e-05
-1.444, -3.600e-05
-1.445, -3.599e-05
-1.446, -3.596e-05
-1.447, -3.594e-05
-1.448, -3.594e-05
-1.449, -3.591e-05
-1.450, -3.590e-05
-1.451, -3.589e-05
-1.452, -3.586e-05
-1.453, -3.586e-05
-1.454, -3.582e-05
-1.455, -3.582e-05
-1.456, -3.579e-05
-1.457, -3.578e-05
-1.458, -3.577e-05
-1.459, -3.574e-05
-1.460, -3.574e-05
-1.461, -3.571e-05
-1.462, -3.570e-05
-1.463, -3.569e-05
-1.464, -3.566e-05
-1.465, -3.566e-05
-1.466, -3.564e-05
-1.467, -3.562e-05
-1.468, -3.561e-05
-1.469, -3.559e-05
-1.470, -3.558e-05
-1.471, -3.556e-05
-1.472, -3.554e-05
-1.473, -3.553e-05
-1.474, -3.551e-05
-1.475, -3.550e-05
-1.476, -3.548e-05
-1.477, -3.547e-05
-1.478, -3.546e-05
-1.479, -3.544e-05
-1.480, -3.543e-05
-1.481, -3.541e-05
-1.482, -3.540e-05
-1.483, -3.539e-05
-1.484, -3.537e-05
-1.485, -3.536e-05
-1.486, -3.534e-05
-1.487, -3.533e-05
-1.488, -3.532e-05
-1.489, -3.530e-05
-1.490, -3.529e-05
-1.491, -3.528e-05
-1.492, -3.527e-05
-1.493, -3.526e-05
-1.494, -3.524e-05
-1.495, -3.524e-05
-1.496, -3.522e-05
-1.497, -3.521e-05
-1.498, -3.520e-05
-1.499, -3.517e-05
-1.500, -3.483e-05
-1.499, -3.461e-05
-1.498, -3.453e-05
-1.497, -3.445e-05
-1.496, -3.437e-05
-1.495, -3.432e-05
-1.494, -3.425e-05
-1.493, -3.421e-05
-1.492, -3.415e-05
-1.491, -3.409e-05
-1.490, -3.405e-05
-1.489, -3.399e-05
-1.488, -3.395e-05
-1.487, -3.390e-05
-1.486, -3.385e-05
-1.485, -3.382e-05
-1.484, -3.377e-05
-1.483, -3.373e-05
-1.482, -3.370e-05
-1.481, -3.365e-05
-1.480, -3.362e-05
-1.479, -3.357e-05
-1.478, -3.354e-05
-1.477, -3.350e-05
-1.476, -3.346e-05
-1.475, -3.343e-05
-1.474, -3.339e-05
-1.473, -3.335e-05
-1.472, -3.333e-05
-1.471, -3.328e-05
-1.470, -3.325e-05
-1.469, -3.322e-05
-1.468, -3.319e-05
-1.467, -3.316e-05
-1.466, -3.313e-05
-1.465, -3.310e-05
-1.464, -3.306e-05
-1.463, -3.303e-05
-1.462, -3.300e-05
-1.461, -3.297e-05
-1.460, -3.294e-05
-1.459, -3.290e-05
-1.458, -3.288e-05
-1.457, -3.285e-05
-1.456, -3.282e-05
-1.455, -3.280e-05
-1.454, -3.276e-05
-1.453, -3.274e-05
-1.452, -3.272e-05
-1.451, -3.268e-05
-1.450, -3.266e-05
-1.449, -3.263e-05
-1.448, -3.261e-05
-1.447, -3.259e-05
-1.446, -3.255e-05
-1.445, -3.254e-05
-1.444, -3.250e-05
-1.443, -3.248e-05
-1.442, -3.246e-05
-1.441, -3.243e-05
-1.440, -3.241e-05
-1.439, -3.237e-05
-1.438, -3.236e-05
-1.437, -3.234e-05
-1.436, -3.230e-05
-1.435, -3.229e-05
-1.434, -3.227e-05
-1.433, -3.224e-05
-1.432, -3.222e-05
-1.431, -3.219e-05
-1.430, -3.217e-05
-1.429, -3.215e-05
-1.428, -3.212e-05
-1.427, -3.210e-05
-1.426, -3.208e-05
-1.425, -3.206e-05
-1.424, -3.203e-05
-1.423, -3.202e-05
-1.422, -3.200e-05
-1.421, -3.198e-05
-1.420, -3.196e-05
-1.419, -3.192e-05
-1.418, -3.191e-05
-1.417, -3.189e-05
-1.416, -3.186e-05
-1.415, -3.185e-05
-1.414, -3.182e-05
-1.413, -3.181e-05
-1.412, -3.179e-05
-1.411, -3.176e-05
-1.410, -3.175e-05
-1.409, -3.172e-05
-1.408, -3.170e-05
-1.407, -3.169e-05
-1.406, -3.166e-05
-1.405, -3.165e-05
-1.404, -3.163e-05
-1.403, -3.161e-05
-1.402, -3.160e-05
-1.401, -3.157e-05
-1.400, -3.156e-05
-1.399, -3.154e-05
-1.398, -3.152e-05
-1.397, -3.151e-05
-1.396, -3.148e-05
-1.395, -3.148e-05
-1.394, -3.144e-05
-1.393, -3.143e-05
-1.392, -3.141e-05
-1.391, -3.139e-05
-1.390, -3.138e-05
-1.389, -3.136e-05
-1.388, -3.134e-05
-1.387, -3.133e-05
-1.386, -3.131e-05
-1.385, -3.129e-05
-1.384, -3.127e-05
-1.383, -3.126e-05
-1.382, -3.124e-05
-1.381, -3.122e-05
-1.380, -3.120e-05
-1.379, -3.118e-05
-1.378, -3.117e-05
-1.377, -3.116e-05
-1.376, -3.114e-05
-1.375, -3.113e-05
-1.374, -3.111e-05
-1.373, -3.109e-05
-1.372, -3.108e-05
-1.371, -3.106e-05
-1.370, -3.106e-05
-1.369, -3.103e-05
-1.368, -3.102e-05
-1.367, -3.100e-05
-1.366, -3.098e-05
-1.365, -3.097e-05
-1.364, -3.095e-05
-1.363, -3.094e-05
-1.362, -3.093e-05
-1.361, -3.090e-05
-1.360, -3.090e-05
-1.359, -3.087e-05
-1.358, -3.086e-05
-1.357, -3.084e-05
-1.356, -3.083e-05
-1.355, -3.083e-05
-1.354, -3.080e-05
-1.353, -3.079e-05
-1.352, -3.078e-05
-1.351, -3.076e-05
-1.350, -3.075e-05
-1.349, -3.074e-05
-1.348, -3.072e-05
-1.347, -3.071e-05
-1.346, -3.069e-05
-1.345, -3.069e-05
-1.344, -3.067e-05
-1.343, -3.065e-05
-1.342, -3.064e-05
-1.341, -3.062e-05
-1.340, -3.062e-05
-1.339, -3.059e-05
-1.338, -3.059e-05
-1.337, -3.058e-05
-1.336, -3.055e-05
-1.335, -3.055e-05
-1.334, -3.053e-05
-1.333, -3.052e-05
-1.332, -3.051e-05
-1.331, -3.048e-05
-1.330, -3.048e-05
-1.329, -3.046e-05
-1.328, -3.045e-05
-1.327, -3.044e-05
-1.326, -3.042e-05
-1.325, -3.042e-05
-1.324, -3.040e-05
-1.323, -3.039e-05
-1.322, -3.038e-05
-1.321, -3.036e-05
-1.320, -3.036e-05
-1.319, -3.034e-05
-1.318, -3.033e-05
-1.317, -3.032e-05
-1.316, -3.030e-05
-1.315, -3.029e-05
-1.314, -3.027e-05
-1.313, -3.026e-05
-1.312, -3.026e-05
-1.311, -3.023e-05
-1.310, -3.023e-05
-1.309, -3.022e-05
-1.308, -3.021e-05
-1.307, -3.019e-05
-1.306, -3.017e-05
-1.305, -3.017e-05
-1.304, -3.015e-05
-1.303, -3.014e-05
-1.302, -3.014e-05
-1.301, -3.012e-05
-1.300, -3.012e-05
-1.299, -3.010e-05
-1.298, -3.009e-05
-1.297, -3.008e-05
-1.296, -3.007e-05
-1.295, -3.006e-05
-1.294, -3.005e-05
-1.293, -3.004e-05
-1.292, -3.003e-05
-1.291, -3.000e-05
-1.290, -3.000e-05
-1.289, -2.999e-05
-1.288, -2.998e-05
-1.287, -2.997e-05
-1.286, -2.995e-05
-1.285, -2.996e-05
-1.284, -2.993e-05
-1.283, -2.993e-05
-1.282, -2.992e-05
-1.281, -2.990e-05
-1.280, -2.990e-05
-1.279, -2.987e-05
-1.278, -2.987e-05
-1.277, -2.987e-05
-1.276, -2.985e-05
-1.275, -2.984e-05
-1.274, -2.983e-05
-1.273, -2.982e-05
-1.272, -2.982e-05
-1.271, -2.980e-05
-1.270, -2.980e-05
-1.269, -2.978e-05
-1.268, -2.977e-05
-1.267, -2.977e-05
-1.266, -2.975e-05
-1.265, -2.975e-05
-1.264, -2.973e-05
-1.263, -2.972e-05
-1.262, -2.971e-05
-1.261, -2.971e-05
-1.260, -2.970e-05
-1.259, -2.968e-05
-1.258, -2.968e-05
-1.257, -2.967e-05
-1.256, -2.966e-05
-1.255, -2.965e-05
-1.254, -2.963e-05
-1.253, -2.963e-05
-1.252, -2.962e-05
-1.251, -2.960e-05
-1.250, -2.961e-05
-1.249, -2.959e-05
-1.248, -2.959e-05
-1.247, -2.958e-05
-1.246, -2.956e-05
-1.245, -2.957e-05
-1.244, -2.955e-05
-1.243, -2.954e-05
-1.242, -2.954e-05
-1.241, -2.952e-05
-1.240, -2.952e-05
-1.239, -2.950e-05
-1.238, -2.949e-05
-1.237, -2.949e-05
-1.236, -2.947e-05
-1.235, -2.947e-05
-1.234, -2.946e-05
-1.233, -2.945e-05
-1.232, -2.945e-05
-1.231, -2.943e-05
-1.230, -2.943e-05
-1.229, -2.944e-05
-1.228, -2.941e-05
-1.227, -2.941e-05
-1.226, -2.939e-05
-1.225, -2.939e-05
-1.224, -2.937e-05
-1.223, -2.936e-05
-1.222, -2.936e-05
-1.221, -2.934e-05
-1.220, -2.935e-05
-1.219, -2.933e-05
-1.218, -2.933e-05
-1.217, -2.932e-05
-1.216, -2.932e-05
-1.215, -2.931e-05
-1.214, -2.929e-05
-1.213, -2.929e-05
-1.212, -2.928e-05
-1.211, -2.926e-05
-1.210, -2.927e-05
-1.209, -2.925e-05
-1.208, -2.925e-05
-1.207, -2.924e-05
-1.206, -2.923e-05
-1.205, -2.923e-05
-1.204, -2.921e-05
-1.203, -2.921e-05
-1.202, -2.920e-05
-1.201, -2.919e-05
-1.200, -2.919e-05
-1.199, -2.917e-05
-1.198, -2.917e-05
-1.197, -2.916e-05
-1.196, -2.915e-05
-1.195, -2.914e-05
-1.194, -2.913e-05
-1.193, -2.913e-05
-1.192, -2.912e-05
-1.191, -2.911e-05
-1.190, -2.911e-05
-1.189, -2.909e-05
-1.188, -2.909e-05
-1.187, -2.908e-05
-1.186, -2.907e-05
-1.185, -2.907e-05
-1.184, -2.906e-05
-1.183, -2.905e-05
-1.182, -2.904e-05
-1.181, -2.903e-05
-1.180, -2.903e-05
-1.179, -2.901e-05
-1.178, -2.901e-05
-1.177, -2.900e-05
-1.176, -2.899e-05
-1.175, -2.899e-05
-1.174, -2.898e-05
-1.173, -2.897e-05
-1.172, -2.896e-05
-1.171, -2.895e-05
-1.170, -2.895e-05
-1.169, -2.894e-05
-1.168, -2.894e-05
-1.167, -2.892e-05
-1.166, -2.891e-05
-1.165, -2.892e-05
-1.164, -2.889e-05
-1.163, -2.889e-05
-1.162, -2.889e-05
-1.161, -2.887e-05
-1.160, -2.887e-05
-1.159, -2.885e-05
-1.158, -2.885e-05
-1.157, -2.884e-05
-1.156, -2.883e-05
-1.155, -2.883e-05
-1.154, -2.881e-05
-1.153, -2.881e-05
-1.152, -2.879e-05
-1.151, -2.879e-05
-1.150, -2.879e-05
-1.149, -2.877e-05
-1.148, -2.876e-05
-1.147, -2.875e-05
-1.146, -2.875e-05
-1.145, -2.875e-05
-1.144, -2.873e-05
-1.143, -2.873e-05
-1.142, -2.871e-05
-1.141, -2.871e-05
-1.140, -2.871e-05
-1.139, -2.869e-05
-1.138, -2.869e-05
-1.137, -2.867e-05
-1.136, -2.866e-05
-1.135, -2.866e-05
-1.134, -2.864e-05
-1.133, -2.864e-05
-1.132, -2.862e-05
-1.131, -2.861e-05
-1.130, -2.861e-05
-1.129, -2.859e-05
-1.128, -2.859e-05
-1.127, -2.857e-05
-1.126, -2.856e-05
-1.125, -2.856e-05
-1.124, -2.854e-05
-1.123, -2.854e-05
-1.122, -2.852e-05
-1.121, -2.851e-05
-1.120, -2.851e-05
-1.119, -2.848e-05
-1.118, -2.849e-05
-1.117, -2.847e-05
-1.116, -2.845e-05
-1.115, -2.845e-05
-1.114, -2.843e-05
-1.113, -2.842e-05
-1.112, -2.841e-05
-1.111, -2.839e-05
-1.110, -2.839e-05
-1.109, -2.837e-05
-1.108, -2.836e-05
-1.107, -2.834e-05
-1.106, -2.832e-05
-1.105, -2.832e-05
-1.104, -2.829e-05
-1.103, -2.828e-05
-1.102, -2.826e-05
-1.101, -2.824e-05
-1.100, -2.823e-05
-1.099, -2.821e-05
-1.098, -2.820e-05
-1.097, -2.818e-05
-1.096, -2.816e-05
-1.095, -2.815e-05
-1.094, -2.813e-05
-1.093, -2.812e-05
-1.092, -2.809e-05
-1.091, -2.807e-05
-1.090, -2.806e-05
-1.089, -2.803e-05
-1.088, -2.803e-05
-1.087, -2.799e-05
-1.086, -2.796e-05
-1.085, -2.795e-05
-1.084, -2.791e-05
-1.083, -2.790e-05
-1.082, -2.787e-05
-1.081, -2.784e-05
-1.080, -2.783e-05
-1.079, -2.779e-05
-1.078, -2.778e-05
-1.077, -2.775e-05
-1.076, -2.771e-05
-1.075, -2.769e-05
-1.074, -2.765e-05
-1.073, -2.763e-05
-1.072, -2.759e-05
-1.071, -2.755e-05
-1.070, -2.753e-05
-1.069, -2.749e-05
-1.068, -2.745e-05
-1.067, -2.741e-05
-1.066, -2.738e-05
-1.065, -2.734e-05
-1.064, -2.729e-05
-1.063, -2.727e-05
-1.062, -2.722e-05
-1.061, -2.718e-05
-1.060, -2.714e-05
-1.059, -2.708e-05
-1.058, -2.704e-05
-1.057, -2.699e-05
-1.056, -2.693e-05
-1.055, -2.689e-05
-1.054, -2.683e-05
-1.053, -2.679e-05
-1.052, -2.672e-05
-1.051, -2.665e-05
-1.050, -2.659e-05
-1.049, -2.653e-05
-1.048, -2.648e-05
-1.047, -2.639e-05
-1.046, -2.633e-05
-1.045, -2.628e-05
-1.044, -2.618e-05
-1.043, -2.614e-05
-1.042, -2.605e-05
-1.041, -2.596e-05
-1.040, -2.591e-05
-1.039, -2.579e-05
-1.038, -2.574e-05
-1.037, -2.566e-05
-1.036, -2.554e-05
-1.035, -2.547e-05
-1.034, -2.536e-05
-1.033, -2.528e-05
-1.032, -2.517e-05
-1.031, -2.505e-05
-1.030, -2.496e-05
-1.029, -2.484e-05
-1.028, -2.473e-05
-1.027, -2.460e-05
-1.026, -2.448e-05
-1.025, -2.436e-05
-1.024, -2.429e-05
-1.023, -2.412e-05
-1.022, -2.397e-05
-1.021, -2.384e-05
-1.020, -2.370e-05
-1.019, -2.351e-05
-1.018, -2.338e-05
-1.017, -2.320e-05
-1.016, -2.304e-05
-1.015, -2.288e-05
-1.014, -2.267e-05
-1.013, -2.253e-05
-1.012, -2.232e-05
-1.011, -2.217e-05
-1.010, -2.197e-05
-1.009, -2.173e-05
-1.008, -2.156e-05
-1.007, -2.131e-05
-1.006, -2.109e-05
-1.005, -2.090e-05
-1.004, -2.061e-05
-1.003, -2.040e-05
-1.002, -2.013e-05
-1.001, -1.987e-05
-1.000, -1.965e-05
-0.999, -1.929e-05
-0.998, -1.903e-05
-0.997, -1.875e-05
-0.996, -1.845e-05
-0.995, -1.816e-05
-0.994, -1.781e-05
-0.993, -1.754e-05
-0.992, -1.718e-05
-0.991, -1.684e-05
-0.990, -1.652e-05
-0.989, -1.612e-05
-0.988, -1.577e-05
-0.987, -1.536e-05
-0.986, -1.504e-05
-0.985, -1.465e-05
-0.984, -1.419e-05
-0.983, -1.381e-05
-0.982, -1.329e-05
-0.981, -1.291e-05
-0.980, -1.247e-05
-0.979, -1.195e-05
-0.978, -1.157e-05
-0.977, -1.102e-05
-0.976, -1.055e-05
-0.975, -1.002e-05
-0.974, -9.470e-06
-0.973, -9.091e-06
-0.972, -8.390e-06
-0.971, -7.849e-06
-0.970, -7.353e-06
-0.969, -6.697e-06
-0.968, -6.188e-06
-0.967, -5.529e-06
-0.966, -4.960e-06
-0.965, -4.418e-06
-0.964, -3.679e-06
-0.963, -3.125e-06
-0.962, -2.404e-06
-0.961, -1.772e-06
-0.960, -1.355e-06
-0.959, -4.237e-07
-0.958, 9.406e-08
-0.957, 8.617e-07
-0.956, 1.566e-06
-0.955, 2.247e-06
-0.954, 3.036e-06
-0.953, 3.612e-06
-0.952, 4.392e-06
-0.951, 5.081e-06
-0.950, 5.808e-06
-0.949, 6.581e-06
-0.948, 7.217e-06
-0.947, 8.290e-06
-0.946, 8.842e-06
-0.945, 9.532e-06
-0.944, 1.030e-05
-0.943, 1.098e-05
-0.942, 1.185e-05
-0.941, 1.239e-05
-0.940, 1.314e-05
-0.939, 1.399e-05
-0.938, 1.460e-05
-0.937, 1.545e-05
-0.936, 1.598e-05
-0.935, 1.670e-05
-0.934, 1.735e-05
-0.933, 1.794e-05
-0.932, 1.885e-05
-0.931, 1.941e-05
-0.930, 2.013e-05
-0.929, 2.092e-05
-0.928, 2.130e-05
-0.927, 2.221e-05
-0.926, 2.279e-05
-0.925, 2.330e-05
-0.924, 2.409e-05
-0.923, 2.453e-05
-0.922, 2.552e-05
-0.921, 2.590e-05
-0.920, 2.639e-05
-0.919, 2.723e-05
-0.918, 2.755e-05
-0.917, 2.821e-05
-0.916, 2.868e-05
-0.915, 2.920e-05
-0.914, 2.983e-05
-0.913, 3.017e-05
-0.912, 3.082e-05
-0.911, 3.128e-05
-0.910, 3.183e-05
-0.909, 3.213e-05
-0.908, 3.255e-05
-0.907, 3.325e-05
-0.906, 3.364e-05
-0.905, 3.413e-05
-0.904, 3.460e-05
-0.903, 3.502e-05
-0.902, 3.560e-05
-0.901, 3.591e-05
-0.900, 3.637e-05
-0.899, 3.691e-05
-0.898, 3.721e-05
-0.897, 3.783e-05
-0.896, 3.835e-05
-0.895, 3.867e-05
-0.894, 3.921e-05
-0.893, 3.937e-05
-0.892, 4.009e-05
-0.891, 4.037e-05
-0.890, 4.081e-05
-0.889, 4.124e-05
-0.888, 4.159e-05
-0.887, 4.223e-05
-0.886, 4.254e-05
-0.885, 4.293e-05
-0.884, 4.348e-05
-0.883, 4.353e-05
-0.882, 4.431e-05
-0.881, 4.463e-05
-0.880, 4.501e-05
-0.879, 4.572e-05
-0.878, 4.590e-05
-0.877, 4.648e-05
-0.876, 4.687e-05
-0.875, 4.738e-05
-0.874, 4.787e-05
-0.873, 4.812e-05
-0.872, 4.875e-05
-0.871, 4.904e-05
-0.870, 4.942e-05
-0.869, 4.993e-05
-0.868, 5.021e-05
-0.867, 5.077e-05
-0.866, 5.108e-05
-0.865, 5.147e-05
-0.864, 5.178e-05
-0.863, 5.209e-05
-0.862, 5.258e-05
-0.861, 5.283e-05
-0.860, 5.310e-05
-0.859, 5.358e-05
-0.858, 5.347e-05
-0.857, 5.398e-05
-0.856, 5.403e-05
-0.855, 5.444e-05
-0.854, 5.468e-05
-0.853, 5.471e-05
-0.852, 5.513e-05
-0.851, 5.514e-05
-0.850, 5.535e-05
-0.849, 5.562e-05
-0.848, 5.547e-05
-0.847, 5.583e-05
-0.846, 5.585e-05
-0.845, 5.610e-05
-0.844, 5.618e-05
-0.843, 5.600e-05
-0.842, 5.621e-05
-0.841, 5.608e-05
-0.840, 5.607e-05
-0.839, 5.612e-05
-0.838, 5.596e-05
-0.837, 5.602e-05
-0.836, 5.587e-05
-0.835, 5.580e-05
-0.834, 5.576e-05
-0.833, 5.556e-05
-0.832, 5.541e-05
-0.831, 5.529e-05
-0.830, 5.515e-05
-0.829, 5.502e-05
-0.828, 5.478e-05
-0.827, 5.469e-05
-0.826, 5.442e-05
-0.825, 5.420e-05
-0.824, 5.404e-05
-0.823, 5.373e-05
-0.822, 5.360e-05
-0.821, 5.321e-05
-0.820, 5.300e-05
-0.819, 5.254e-05
-0.818, 5.229e-05
-0.817, 5.214e-05
-0.816, 5.175e-05
-0.815, 5.153e-05
-0.814, 5.125e-05
-0.813, 5.083e-05
-0.812, 5.060e-05
-0.811, 5.021e-05
-0.810, 4.990e-05
-0.809, 4.961e-05
-0.808, 4.920e-05
-0.807, 4.892e-05
-0.806, 4.849e-05
-0.805, 4.815e-05
-0.804, 4.787e-05
-0.803, 4.745e-05
-0.802, 4.716e-05
-0.801, 4.675e-05
-0.800, 4.637e-05
-0.799, 4.609e-05
-0.798, 4.566e-05
-0.797, 4.535e-05
-0.796, 4.497e-05
-0.795, 4.462e-05
-0.794, 4.432e-05
-0.793, 4.390e-05
-0.792, 4.357e-05
-0.791, 4.320e-05
-0.790, 4.285e-05
-0.789, 4.250e-05
-0.788, 4.212e-05
-0.787, 4.182e-05
-0.786, 4.144e-05
-0.785, 4.109e-05
-0.784, 4.074e-05
-0.783, 4.040e-05
-0.782, 4.008e-05
-0.781, 3.967e-05
-0.780, 3.936e-05
-0.779, 3.906e-05
-0.778, 3.869e-05
-0.777, 3.840e-05
-0.776, 3.805e-05
-0.775, 3.774e-05
-0.774, 3.744e-05
-0.773, 3.709e-05
-0.772, 3.682e-05
-0.771, 3.649e-05
-0.770, 3.618e-05
-0.769, 3.590e-05
-0.768, 3.555e-05
-0.767, 3.530e-05
-0.766, 3.499e-05
-0.765, 3.470e-05
-0.764, 3.443e-05
-0.763, 3.413e-05
-0.762, 3.387e-05
-0.761, 3.358e-05
-0.760, 3.330e-05
-0.759, 3.305e-05
-0.758, 3.276e-05
-0.757, 3.252e-05
-0.756, 3.225e-05
-0.755, 3.198e-05
-0.754, 3.174e-05
-0.753, 3.147e-05
-0.752, 3.124e-05
-0.751, 3.099e-05
-0.750, 3.074e-05
-0.749, 3.051e-05
-0.748, 3.026e-05
-0.747, 3.005e-05
-0.746, 2.981e-05
-0.745, 2.957e-05
-0.744, 2.937e-05
-0.743, 2.915e-05
-0.742, 2.894e-05
-0.741, 2.870e-05
-0.740, 2.848e-05
-0.739, 2.829e-05
-0.738, 2.806e-05
-0.737, 2.787e-05
-0.736, 2.765e-05
-0.735, 2.746e-05
-0.734, 2.727e-05
-0.733, 2.706e-05
-0.732, 2.689e-05
-0.731, 2.669e-05
-0.730, 2.648e-05
-0.729, 2.631e-05
-0.728, 2.612e-05
-0.727, 2.595e-05
-0.726, 2.576e-05
-0.725, 2.558e-05
-0.724, 2.542e-05
-0.723, 2.524e-05
-0.722, 2.508e-05
-0.721, 2.490e-05
-0.720, 2.473e-05
-0.719, 2.457e-05
-0.718, 2.440e-05
-0.717, 2.426e-05
-0.716, 2.409e-05
-0.715, 2.392e-05
-0.714, 2.377e-05
-0.713, 2.361e-05
-0.712, 2.347e-05
-0.711, 2.331e-05
-0.710, 2.315e-05
-0.709, 2.301e-05
-0.708, 2.286e-05
-0.707, 2.273e-05
-0.706, 2.258e-05
-0.705, 2.243e-05
-0.704, 2.229e-05
-0.703, 2.216e-05
-0.702, 2.203e-05
-0.701, 2.189e-05
-0.700, 2.176e-05
-0.699, 2.163e-05
-0.698, 2.149e-05
-0.697, 2.137e-05
-0.696, 2.124e-05
-0.695, 2.111e-05
-0.694, 2.100e-05
-0.693, 2.086e-05
-0.692, 2.075e-05
-0.691, 2.063e-05
-0.690, 2.050e-05
-0.689, 2.039e-05
-0.688, 2.027e-05
-0.687, 2.016e-05
-0.686, 2.004e-05
-0.685, 1.992e-05
-0.684, 1.982e-05
-0.683, 1.970e-05
-0.682, 1.959e-05
-0.681, 1.948e-05
-0.680, 1.937e-05
-0.679, 1.927e-05
-0.678, 1.915e-05
-0.677, 1.905e-05
-0.676, 1.895e-05
-0.675, 1.885e-05
-0.674, 1.875e-05
-0.673, 1.864e-05
-0.672, 1.855e-05
-0.671, 1.845e-05
-0.670, 1.834e-05
-0.669, 1.825e-05
-0.668, 1.815e-05
-0.667, 1.806e-05
-0.666, 1.796e-05
-0.665, 1.787e-05
-0.664, 1.778e-05
-0.663, 1.768e-05
-0.662, 1.760e-05
-0.661, 1.751e-05
-0.660, 1.741e-05
-0.659, 1.733e-05
-0.658, 1.723e-05
-0.657, 1.716e-05
-0.656, 1.707e-05
-0.655, 1.698e-05
-0.654, 1.690e-05
-0.653, 1.680e-05
-0.652, 1.673e-05
-0.651, 1.665e-05
-0.650, 1.656e-05
-0.649, 1.649e-05
-0.648, 1.639e-05
-0.647, 1.632e-05
-0.646, 1.624e-05
-0.645, 1.615e-05
-0.644, 1.609e-05
-0.643, 1.601e-05
-0.642, 1.593e-05
-0.641, 1.586e-05
-0.640, 1.578e-05
-0.639, 1.571e-05
-0.638, 1.562e-05
-0.637, 1.555e-05
-0.636, 1.548e-05
-0.635, 1.540e-05
-0.634, 1.533e-05
-0.633, 1.525e-05
-0.632, 1.519e-05
-0.631, 1.512e-05
-0.630, 1.504e-05
-0.629, 1.498e-05
-0.628, 1.491e-05
-0.627, 1.484e-05
-0.626, 1.477e-05
-0.625, 1.470e-05
-0.624, 1.464e-05
-0.623, 1.457e-05
-0.622, 1.451e-05
-0.621, 1.444e-05
-0.620, 1.437e-05
-0.619, 1.431e-05
-0.618, 1.424e-05
-0.617, 1.418e-05
-0.616, 1.412e-05
-0.615, 1.404e-05
-0.614, 1.399e-05
-0.613, 1.392e-05
-0.612, 1.387e-05
-0.611, 1.381e-05
-0.610, 1.374e-05
-0.609, 1.369e-05
-0.608, 1.362e-05
-0.607, 1.358e-05
-0.606, 1.352e-05
-0.605, 1.345e-05
-0.604, 1.341e-05
-0.603, 1.333e-05
-0.602, 1.328e-05
-0.601, 1.323e-05
-0.600, 1.317e-05
-0.599, 1.312e-05
-0.598, 1.305e-05
-0.597, 1.301e-05
-0.596, 1.295e-05
-0.595, 1.289e-05
-0.594, 1.284e-05
-0.593, 1.278e-05
-0.592, 1.273e-05
-0.591, 1.268e-05
-0.590, 1.262e-05
-0.589, 1.258e-05
-0.588, 1.252e-05
-0.587, 1.247e-05
-0.586, 1.242e-05
-0.585, 1.236e-05
-0.584, 1.232e-05
-0.583, 1.226e-05
-0.582, 1.221e-05
-0.581, 1.216e-05
-0.580, 1.211e-05
-0.579, 1.207e-05
-0.578, 1.201e-05
-0.577, 1.197e-05
-0.576, 1.191e-05
-0.575, 1.187e-05
-0.574, 1.183e-05
-0.573, 1.177e-05
-0.572, 1.173e-05
-0.571, 1.168e-05
-0.570, 1.163e-05
-0.569, 1.159e-05
-0.568, 1.154e-05
-0.567, 1.150e-05
-0.566, 1.145e-05
-0.565, 1.140e-05
-0.564, 1.137e-05
-0.563, 1.131e-05
-0.562, 1.127e-05
-0.561, 1.123e-05
-0.560, 1.118e-05
-0.559, 1.115e-05
-0.558, 1.110e-05
-0.557, 1.106e-05
-0.556, 1.102e-05
-0.555, 1.097e-05
-0.554, 1.093e-05
-0.553, 1.088e-05
-0.552, 1.085e-05
-0.551, 1.080e-05
-0.550, 1.076e-05
-0.549, 1.072e-05
-0.548, 1.068e-05
-0.547, 1.064e-05
-0.546, 1.060e-05
-0.545, 1.056e-05
-0.544, 1.052e-05
-0.543, 1.047e-05
-0.542, 1.044e-05
-0.541, 1.039e-05
-0.540, 1.036e-05
-0.539, 1.033e-05
-0.538, 1.028e-05
-0.537, 1.025e-05
-0.536, 1.021e-05
-0.535, 1.017e-05
-0.534, 1.014e-05
-0.533, 1.009e-05
-0.532, 1.006e-05
-0.531, 1.002e-05
-0.530, 9.977e-06
-0.529, 9.949e-06
-0.528, 9.901e-06
-0.527, 9.876e-06
-0.526, 9.836e-06
-0.525, 9.789e-06
-0.524, 9.767e-06
-0.523, 9.726e-06
-0.522, 9.695e-06
-0.521, 9.654e-06
-0.520, 9.623e-06
-0.519, 9.596e-06
-0.518, 9.549e-06
-0.517, 9.521e-06
-0.516, 9.486e-06
-0.515, 9.449e-06
-0.514, 9.418e-06
-0.513, 9.378e-06
-0.512, 9.360e-06
-0.511, 9.317e-06
-0.510, 9.283e-06
-0.509, 9.254e-06
-0.508, 9.217e-06
-0.507, 9.189e-06
-0.506, 9.151e-06
-0.505, 9.120e-06
-0.504, 9.093e-06
-0.503, 9.052e-06
-0.502, 9.029e-06
-0.501, 8.991e-06
-0.500, 8.959e-06
-0.499, 8.930e-06
-0.498, 8.890e-06
-0.497, 8.869e-06
-0.496, 8.834e-06
-0.495, 8.807e-06
-0.494, 8.780e-06
-0.493, 8.739e-06
-0.492, 8.717e-06
-0.491, 8.685e-06
-0.490, 8.655e-06
-0.489, 8.628e-06
-0.488, 8.590e-06
-0.487, 8.573e-06
-0.486, 8.536e-06
-0.485, 8.507e-06
-0.484, 8.483e-06
-0.483, 8.441e-06
-0.482, 8.421e-06
-0.481, 8.391e-06
-0.480, 8.360e-06
-0.479, 8.339e-06
-0.478, 8.302e-06
-0.477, 8.278e-06
-0.476, 8.249e-06
-0.475, 8.223e-06
-0.474, 8.194e-06
-0.473, 8.161e-06
-0.472, 8.144e-06
-0.471, 8.109e-06
-0.470, 8.087e-06
-0.469, 8.060e-06
-0.468, 8.028e-06
-0.467, 8.011e-06
-0.466, 7.970e-06
-0.465, 7.950e-06
-0.464, 7.928e-06
-0.463, 7.893e-06
-0.462, 7.877e-06
-0.461, 7.840e-06
-0.460, 7.823e-06
-0.459, 7.799e-06
-0.458, 7.762e-06
-0.457, 7.743e-06
-0.456, 7.712e-06
-0.455, 7.688e-06
-0.454, 7.668e-06
-0.453, 7.631e-06
-0.452, 7.614e-06
-0.451, 7.584e-06
-0.450, 7.563e-06
-0.449, 7.541e-06
-0.448, 7.501e-06
-0.447, 7.490e-06
-0.446, 7.461e-06
-0.445, 7.437e-06
-0.444, 7.421e-06
-0.443, 7.388e-06
-0.442, 7.368e-06
-0.441, 7.342e-06
-0.440, 7.320e-06
-0.439, 7.301e-06
-0.438, 7.269e-06
-0.437, 7.251e-06
-0.436, 7.228e-06
-0.435, 7.212e-06
-0.434, 7.185e-06
-0.433, 7.155e-06
-0.432, 7.141e-06
-0.431, 7.113e-06
-0.430, 7.093e-06
-0.429, 7.070e-06
-0.428, 7.042e-06
-0.427, 7.027e-06
-0.426, 6.996e-06
-0.425, 6.978e-06
-0.424, 6.962e-06
-0.423, 6.931e-06
-0.422, 6.915e-06
-0.421, 6.884e-06
-0.420, 6.873e-06
-0.419, 6.855e-06
-0.418, 6.821e-06
-0.417, 6.809e-06
-0.416, 6.783e-06
-0.415, 6.764e-06
-0.414, 6.748e-06
-0.413, 6.716e-06
-0.412, 6.703e-06
-0.411, 6.679e-06
-0.410, 6.639e-06
-0.409, 6.636e-06
-0.408, 6.613e-06
-0.407, 6.599e-06
-0.406, 6.573e-06
-0.405, 6.554e-06
-0.404, 6.541e-06
-0.403, 6.509e-06
-0.402, 6.494e-06
-0.401, 6.474e-06
-0.400, 6.454e-06
-0.399, 6.439e-06
-0.398, 6.411e-06
-0.397, 6.389e-06
-0.396, 6.370e-06
-0.395, 6.359e-06
-0.394, 6.337e-06
-0.393, 6.316e-06
-0.392, 6.300e-06
-0.391, 6.277e-06
-0.390, 6.262e-06
-0.389, 6.246e-06
-0.388, 6.217e-06
-0.387, 6.210e-06
-0.386, 6.182e-06
-0.385, 6.168e-06
-0.384, 6.157e-06
-0.383, 6.127e-06
-0.382, 6.114e-06
-0.381, 6.089e-06
-0.380, 6.075e-06
-0.379, 6.064e-06
-0.378, 6.032e-06
-0.377, 6.021e-06
-0.376, 5.997e-06
-0.375, 5.985e-06
-0.374, 5.967e-06
-0.373, 5.942e-06
-0.372, 5.932e-06
-0.371, 5.903e-06
-0.370, 5.893e-06
-0.369, 5.878e-06
-0.368, 5.855e-06
-0.367, 5.847e-06
-0.366, 5.825e-06
-0.365, 5.804e-06
-0.364, 5.793e-06
-0.363, 5.771e-06
-0.362, 5.756e-06
-0.361, 5.739e-06
-0.360, 5.723e-06
-0.359, 5.709e-06
-0.358, 5.687e-06
-0.357, 5.674e-06
-0.356, 5.654e-06
-0.355, 5.642e-06
-0.354, 5.626e-06
-0.353, 5.606e-06
-0.352, 5.594e-06
-0.351, 5.574e-06
-0.350, 5.558e-06
-0.349, 5.542e-06
-0.348, 5.520e-06
-0.347, 5.510e-06
-0.346, 5.485e-06
-0.345, 5.475e-06
-0.344, 5.466e-06
-0.343, 5.445e-06
-0.342, 5.433e-06
-0.341, 5.408e-06
-0.340, 5.400e-06
-0.339, 5.389e-06
-0.338, 5.364e-06
-0.337, 5.359e-06
-0.336, 5.338e-06
-0.335, 5.324e-06
-0.334, 5.314e-06
-0.333, 5.292e-06
-0.332, 5.282e-06
-0.331, 5.261e-06
-0.330, 5.249e-06
-0.329, 5.235e-06
-0.328, 5.215e-06
-0.327, 5.206e-06
-0.326, 5.188e-06
-0.325, 5.173e-06
-0.324, 5.165e-06
-0.323, 5.143e-06
-0.322, 5.133e-06
-0.321, 5.118e-06
-0.320, 5.095e-06
-0.319, 5.090e-06
-0.318, 5.068e-06
-0.317, 5.055e-06
-0.316, 5.041e-06
-0.315, 5.029e-06
-0.314, 5.016e-06
-0.313, 4.998e-06
-0.312, 4.988e-06
-0.311, 4.975e-06
-0.310, 4.962e-06
-0.309, 4.948e-06
-0.308, 4.931e-06
-0.307, 4.929e-06
-0.306, 4.904e-06
-0.305, 4.892e-06
-0.304, 4.881e-06
-0.303, 4.863e-06
-0.302, 4.857e-06
-0.301, 4.837e-06
-0.300, 4.828e-06
-0.299, 4.818e-06
-0.298, 4.793e-06
-0.297, 4.789e-06
-0.296, 4.774e-06
-0.295, 4.755e-06
-0.294, 4.748e-06
-0.293, 4.730e-06
-0.292, 4.724e-06
-0.291, 4.708e-06
-0.290, 4.695e-06
-0.289, 4.686e-06
-0.288, 4.667e-06
-0.287, 4.659e-06
-0.286, 4.643e-06
-0.285, 4.631e-06
-0.284, 4.623e-06
-0.283, 4.606e-06
-0.282, 4.604e-06
-0.281, 4.581e-06
-0.280, 4.568e-06
-0.279, 4.558e-06
-0.278, 4.542e-06
-0.277, 4.535e-06
-0.276, 4.519e-06
-0.275, 4.510e-06
-0.274, 4.499e-06
-0.273, 4.478e-06
-0.272, 4.474e-06
-0.271, 4.458e-06
-0.270, 4.447e-06
-0.269, 4.432e-06
-0.268, 4.421e-06
-0.267, 4.415e-06
-0.266, 4.399e-06
-0.265, 4.392e-06
-0.264, 4.382e-06
-0.263, 4.365e-06
-0.262, 4.360e-06
-0.261, 4.344e-06
-0.260, 4.335e-06
-0.259, 4.329e-06
-0.258, 4.308e-06
-0.257, 4.303e-06
-0.256, 4.287e-06
-0.255, 4.283e-06
-0.254, 4.275e-06
-0.253, 4.255e-06
-0.252, 4.254e-06
-0.251, 4.241e-06
-0.250, 4.227e-06
-0.249, 4.221e-06
-0.248, 4.201e-06
-0.247, 4.201e-06
-0.246, 4.183e-06
-0.245, 4.175e-06
-0.244, 4.164e-06
-0.243, 4.144e-06
-0.242, 4.145e-06
-0.241, 4.129e-06
-0.240, 4.122e-06
-0.239, 4.113e-06
-0.238, 4.097e-06
-0.237, 4.086e-06
-0.236, 4.073e-06
-0.235, 4.067e-06
-0.234, 4.057e-06
-0.233, 4.041e-06
-0.232, 4.039e-06
-0.231, 4.031e-06
-0.230, 4.023e-06
-0.229, 4.009e-06
-0.228, 3.997e-06
-0.227, 3.994e-06
-0.226, 3.976e-06
-0.225, 3.972e-06
-0.224, 3.961e-06
-0.223, 3.947e-06
-0.222, 3.941e-06
-0.221, 3.927e-06
-0.220, 3.922e-06
-0.219, 3.915e-06
-0.218, 3.890e-06
-0.217, 3.896e-06
-0.216, 3.880e-06
-0.215, 3.874e-06
-0.214, 3.863e-06
-0.213, 3.845e-06
-0.212, 3.849e-06
-0.211, 3.831e-06
-0.210, 3.823e-06
-0.209, 3.813e-06
-0.208, 3.799e-06
-0.207, 3.800e-06
-0.206, 3.782e-06
-0.205, 3.761e-06
-0.204, 3.769e-06
-0.203, 3.752e-06
-0.202, 3.749e-06
-0.201, 3.736e-06
-0.200, 3.732e-06
-0.199, 3.724e-06
-0.198, 3.709e-06
-0.197, 3.707e-06
-0.196, 3.693e-06
-0.195, 3.691e-06
-0.194, 3.679e-06
-0.193, 3.667e-06
-0.192, 3.656e-06
-0.191, 3.650e-06
-0.190, 3.646e-06
-0.189, 3.633e-06
-0.188, 3.626e-06
-0.187, 3.621e-06
-0.186, 3.603e-06
-0.185, 3.600e-06
-0.184, 3.590e-06
-0.183, 3.579e-06
-0.182, 3.577e-06
-0.181, 3.563e-06
-0.180, 3.564e-06
-0.179, 3.556e-06
-0.178, 3.537e-06
-0.177, 3.538e-06
-0.176, 3.525e-06
-0.175, 3.519e-06
-0.174, 3.510e-06
-0.173, 3.498e-06
-0.172, 3.498e-06
-0.171, 3.485e-06
-0.170, 3.477e-06
-0.169, 3.466e-06
-0.168, 3.460e-06
-0.167, 3.452e-06
-0.166, 3.441e-06
-0.165, 3.437e-06
-0.164, 3.432e-06
-0.163, 3.420e-06
-0.162, 3.419e-06
-0.161, 3.405e-06
-0.160, 3.404e-06
-0.159, 3.396e-06
-0.158, 3.383e-06
-0.157, 3.378e-06
-0.156, 3.372e-06
-0.155, 3.371e-06
-0.154, 3.352e-06
-0.153, 3.344e-06
-0.152, 3.347e-06
-0.151, 3.332e-06
-0.150, 3.332e-06
-0.149, 3.320e-06
-0.148, 3.314e-06
-0.147, 3.311e-06
-0.146, 3.301e-06
-0.145, 3.297e-06
-0.144, 3.289e-06
-0.143, 3.279e-06
-0.142, 3.278e-06
-0.141, 3.258e-06
-0.140, 3.266e-06
-0.139, 3.254e-06
-0.138, 3.243e-06
-0.137, 3.244e-06
-0.136, 3.230e-06
-0.135, 3.232e-06
-0.134, 3.219e-06
-0.133, 3.209e-06
-0.132, 3.210e-06
-0.131, 3.199e-06
-0.130, 3.195e-06
-0.129, 3.187e-06
-0.128, 3.188e-06
-0.127, 3.178e-06
-0.126, 3.166e-06
-0.125, 3.161e-06
-0.124, 3.156e-06
-0.123, 3.147e-06
-0.122, 3.144e-06
-0.121, 3.130e-06
-0.120, 3.130e-06
-0.119, 3.117e-06
-0.118, 3.111e-06
-0.117, 3.110e-06
-0.116, 3.097e-06
-0.115, 3.090e-06
-0.114, 3.084e-06
-0.113, 3.078e-06
-0.112, 3.080e-06
-0.111, 3.067e-06
-0.110, 3.067e-06
-0.109, 3.055e-06
-0.108, 3.050e-06
-0.107, 3.051e-06
-0.106, 3.040e-06
-0.105, 3.037e-06
-0.104, 3.031e-06
-0.103, 3.029e-06
-0.102, 3.024e-06
-0.101, 3.011e-06
-0.100, 3.015e-06
-0.099, 3.002e-06
-0.098, 2.994e-06
-0.097, 2.993e-06
-0.096, 2.982e-06
-0.095, 2.982e-06
-0.094, 2.975e-06
-0.093, 2.961e-06
-0.092, 2.965e-06
-0.091, 2.955e-06
-0.090, 2.947e-06
-0.089, 2.939e-06
-0.088, 2.937e-06
-0.087, 2.938e-06
-0.086, 2.924e-06
-0.085, 2.922e-06
-0.084, 2.917e-06
-0.083, 2.909e-06
-0.082, 2.909e-06
-0.081, 2.897e-06
-0.080, 2.896e-06
-0.079, 2.891e-06
-0.078, 2.879e-06
-0.077, 2.891e-06
-0.076, 2.873e-06
-0.075, 2.870e-06
-0.074, 2.860e-06
-0.073, 2.852e-06
-0.072, 2.853e-06
-0.071, 2.844e-06
-0.070, 2.842e-06
-0.069, 2.832e-06
-0.068, 2.826e-06
-0.067, 2.828e-06
-0.066, 2.814e-06
-0.065, 2.817e-06
-0.064, 2.803e-06
-0.063, 2.802e-06
-0.062, 2.799e-06
-0.061, 2.787e-06
-0.060, 2.790e-06
-0.059, 2.785e-06
-0.058, 2.774e-06
-0.057, 2.777e-06
-0.056, 2.762e-06
-0.055, 2.771e-06
-0.054, 2.759e-06
-0.053, 2.746e-06
-0.052, 2.751e-06
-0.051, 2.738e-06
-0.050, 2.738e-06
-0.049, 2.734e-06
-0.048, 2.723e-06
-0.047, 2.724e-06
-0.046, 2.715e-06
-0.045, 2.713e-06
-0.044, 2.709e-06
-0.043, 2.699e-06
-0.042, 2.700e-06
-0.041, 2.692e-06
-0.040, 2.690e-06
-0.039, 2.681e-06
-0.038, 2.673e-06
-0.037, 2.673e-06
-0.036, 2.667e-06
-0.035, 2.665e-06
-0.034, 2.660e-06
-0.033, 2.651e-06
-0.032, 2.651e-06
-0.031, 2.641e-06
-0.030, 2.643e-06
-0.029, 2.633e-06
-0.028, 2.626e-06
-0.027, 2.630e-06
-0.026, 2.622e-06
-0.025, 2.618e-06
-0.024, 2.612e-06
-0.023, 2.606e-06
-0.022, 2.605e-06
-0.021, 2.593e-06
-0.020, 2.595e-06
-0.019, 2.590e-06
-0.018, 2.579e-06
-0.017, 2.584e-06
-0.016, 2.574e-06
-0.015, 2.575e-06
-0.014, 2.566e-06
-0.013, 2.553e-06
-0.012, 2.565e-06
-0.011, 2.554e-06
-0.010, 2.555e-06
-0.009, 2.547e-06
-0.008, 2.539e-06
-0.007, 2.544e-06
-0.006, 2.531e-06
-0.005, 2.532e-06
-0.004, 2.530e-06
-0.003, 2.520e-06
-0.002, 2.522e-06
-0.001, 2.509e-06
-0.000, 2.486e-06
0.001, 2.507e-06
0.002, 2.497e-06
0.003, 2.496e-06
0.004, 2.491e-06
0.005, 2.493e-06
0.006, 2.485e-06
0.007, 2.478e-06
0.008, 2.480e-06
0.009, 2.471e-06
0.010, 2.474e-06
0.011, 2.467e-06
0.012, 2.459e-06
0.013, 2.460e-06
0.014, 2.450e-06
0.015, 2.453e-06
0.016, 2.448e-06
0.017, 2.444e-06
0.018, 2.444e-06
0.019, 2.434e-06
0.020, 2.438e-06
0.021, 2.434e-06
0.022, 2.422e-06
0.023, 2.427e-06
0.024, 2.416e-06
0.025, 2.425e-06
0.026, 2.416e-06
0.027, 2.407e-06
0.028, 2.411e-06
0.029, 2.400e-06
0.030, 2.398e-06
0.031, 2.399e-06
0.032, 2.387e-06
0.033, 2.395e-06
0.034, 2.381e-06
0.035, 2.383e-06
0.036, 2.379e-06
0.037, 2.375e-06
0.038, 2.367e-06
0.039, 2.361e-06
0.040, 2.364e-06
0.041, 2.361e-06
0.042, 2.356e-06
0.043, 2.357e-06
0.044, 2.350e-06
0.045, 2.349e-06
0.046, 2.344e-06
0.047, 2.339e-06
0.048, 2.342e-06
0.049, 2.335e-06
0.050, 2.336e-06
0.051, 2.327e-06
0.052, 2.325e-06
0.053, 2.332e-06
0.054, 2.317e-06
0.055, 2.322e-06
0.056, 2.318e-06
0.057, 2.313e-06
0.058, 2.316e-06
0.059, 2.301e-06
0.060, 2.312e-06
0.061, 2.307e-06
0.062, 2.296e-06
0.063, 2.300e-06
0.064, 2.282e-06
0.065, 2.296e-06
0.066, 2.290e-06
0.067, 2.280e-06
0.068, 2.289e-06
0.069, 2.277e-06
0.070, 2.278e-06
0.071, 2.274e-06
0.072, 2.270e-06
0.073, 2.274e-06
0.074, 2.263e-06
0.075, 2.264e-06
0.076, 2.262e-06
0.077, 2.265e-06
0.078, 2.262e-06
0.079, 2.251e-06
0.080, 2.256e-06
0.081, 2.251e-06
0.082, 2.245e-06
0.083, 2.245e-06
0.084, 2.239e-06
0.085, 2.243e-06
0.086, 2.236e-06
0.087, 2.230e-06
0.088, 2.235e-06
0.089, 2.224e-06
0.090, 2.228e-06
0.091, 2.218e-06
0.092, 2.220e-06
0.093, 2.226e-06
0.094, 2.212e-06
0.095, 2.218e-06
0.096, 2.212e-06
0.097, 2.210e-06
0.098, 2.214e-06
0.099, 2.199e-06
0.100, 2.207e-06
0.101, 2.203e-06
0.102, 2.202e-06
0.103, 2.202e-06
0.104, 2.191e-06
0.105, 2.198e-06
0.106, 2.192e-06
0.107, 2.186e-06
0.108, 2.193e-06
0.109, 2.180e-06
0.110, 2.185e-06
0.111, 2.180e-06
0.112, 2.176e-06
0.113, 2.181e-06
0.114, 2.171e-06
0.115, 2.165e-06
0.116, 2.169e-06
0.117, 2.168e-06
0.118, 2.169e-06
0.119, 2.157e-06
0.120, 2.163e-06
0.121, 2.158e-06
0.122, 2.158e-06
0.123, 2.156e-06
0.124, 2.149e-06
0.125, 2.155e-06
0.126, 2.146e-06
0.127, 2.145e-06
0.128, 2.156e-06
0.129, 2.137e-06
0.130, 2.143e-06
0.131, 2.134e-06
0.132, 2.136e-06
0.133, 2.139e-06
0.134, 2.124e-06
0.135, 2.133e-06
0.136, 2.125e-06
0.137, 2.124e-06
0.138, 2.126e-06
0.139, 2.114e-06
0.140, 2.121e-06
0.141, 2.111e-06
0.142, 2.114e-06
0.143, 2.115e-06
0.144, 2.103e-06
0.145, 2.115e-06
0.146, 2.106e-06
0.147, 2.104e-06
0.148, 2.109e-06
0.149, 2.098e-06
0.150, 2.099e-06
0.151, 2.095e-06
0.152, 2.097e-06
0.153, 2.099e-06
0.154, 2.090e-06
0.155, 2.092e-06
0.156, 2.089e-06
0.157, 2.088e-06
0.158, 2.090e-06
0.159, 2.079e-06
0.160, 2.085e-06
0.161, 2.081e-06
0.162, 2.079e-06
0.163, 2.078e-06
0.164, 2.074e-06
0.165, 2.080e-06
0.166, 2.066e-06
0.167, 2.070e-06
0.168, 2.072e-06
0.169, 2.065e-06
0.170, 2.069e-06
0.171, 2.061e-06
0.172, 2.067e-06
0.173, 2.068e-06
0.174, 2.055e-06
0.175, 2.061e-06
0.176, 2.056e-06
0.177, 2.058e-06
0.178, 2.060e-06
0.179, 2.055e-06
0.180, 2.055e-06
0.181, 2.049e-06
0.182, 2.049e-06
0.183, 2.052e-06
0.184, 2.040e-06
0.185, 2.047e-06
0.186, 2.042e-06
0.187, 2.041e-06
0.188, 2.044e-06
0.189, 2.036e-06
0.190, 2.042e-06
0.191, 2.032e-06
0.192, 2.027e-06
0.193, 2.037e-06
0.194, 2.029e-06
0.195, 2.029e-06
0.196, 2.027e-06
0.197, 2.028e-06
0.198, 2.029e-06
0.199, 2.020e-06
0.200, 2.025e-06
0.201, 2.020e-06
0.202, 2.021e-06
0.203, 2.020e-06
0.204, 2.011e-06
0.205, 2.003e-06
0.206, 2.008e-06
0.207, 2.011e-06
0.208, 2.012e-06
0.209, 2.008e-06
0.210, 2.012e-06
0.211, 2.000e-06
0.212, 2.007e-06
0.213, 2.009e-06
0.214, 1.995e-06
0.215, 2.006e-06
0.216, 1.998e-06
0.217, 1.995e-06
0.218, 2.001e-06
0.219, 1.993e-06
0.220, 1.998e-06
0.221, 1.992e-06
0.222, 1.992e-06
0.223, 1.996e-06
0.224, 1.984e-06
0.225, 1.995e-06
0.226, 1.986e-06
0.227, 1.986e-06
0.228, 1.992e-06
0.229, 1.981e-06
0.230, 1.996e-06
0.231, 1.984e-06
0.232, 1.982e-06
0.233, 1.986e-06
0.234, 1.977e-06
0.235, 1.978e-06
0.236, 1.976e-06
0.237, 1.979e-06
0.238, 1.979e-06
0.239, 1.971e-06
0.240, 1.978e-06
0.241, 1.972e-06
0.242, 1.976e-06
0.243, 1.970e-06
0.244, 1.967e-06
0.245, 1.972e-06
0.246, 1.965e-06
0.247, 1.968e-06
0.248, 1.972e-06
0.249, 1.962e-06
0.250, 1.966e-06
0.251, 1.961e-06
0.252, 1.965e-06
0.253, 1.968e-06
0.254, 1.958e-06
0.255, 1.964e-06
0.256, 1.957e-06
0.257, 1.959e-06
0.258, 1.962e-06
0.259, 1.953e-06
0.260, 1.960e-06
0.261, 1.955e-06
0.262, 1.954e-06
0.263, 1.958e-06
0.264, 1.948e-06
0.265, 1.958e-06
0.266, 1.951e-06
0.267, 1.950e-06
0.268, 1.955e-06
0.269, 1.943e-06
0.270, 1.950e-06
0.271, 1.946e-06
0.272, 1.948e-06
0.273, 1.952e-06
0.274, 1.945e-06
0.275, 1.943e-06
0.276, 1.943e-06
0.277, 1.943e-06
0.278, 1.948e-06
0.279, 1.938e-06
0.280, 1.945e-06
0.281, 1.949e-06
0.282, 1.944e-06
0.283, 1.941e-06
0.284, 1.938e-06
0.285, 1.944e-06
0.286, 1.935e-06
0.287, 1.937e-06
0.288, 1.941e-06
0.289, 1.933e-06
0.290, 1.939e-06
0.291, 1.932e-06
0.292, 1.934e-06
0.293, 1.940e-06
0.294, 1.923e-06
0.295, 1.936e-06
0.296, 1.931e-06
0.297, 1.931e-06
0.298, 1.934e-06
0.299, 1.925e-06
0.300, 1.934e-06
0.301, 1.926e-06
0.302, 1.928e-06
0.303, 1.933e-06
0.304, 1.922e-06
0.305, 1.933e-06
0.306, 1.927e-06
0.307, 1.928e-06
0.308, 1.933e-06
0.309, 1.923e-06
0.310, 1.928e-06
0.311, 1.924e-06
0.312, 1.923e-06
0.313, 1.930e-06
0.314, 1.921e-06
0.315, 1.925e-06
0.316, 1.923e-06
0.317, 1.924e-06
0.318, 1.925e-06
0.319, 1.915e-06
0.320, 1.918e-06
0.321, 1.919e-06
0.322, 1.920e-06
0.323, 1.920e-06
0.324, 1.919e-06
0.325, 1.923e-06
0.326, 1.916e-06
0.327, 1.920e-06
0.328, 1.922e-06
0.329, 1.913e-06
0.330, 1.921e-06
0.331, 1.915e-06
0.332, 1.922e-06
0.333, 1.927e-06
0.334, 1.912e-06
0.335, 1.920e-06
0.336, 1.916e-06
0.337, 1.918e-06
0.338, 1.921e-06
0.339, 1.907e-06
0.340, 1.920e-06
0.341, 1.916e-06
0.342, 1.912e-06
0.343, 1.920e-06
0.344, 1.910e-06
0.345, 1.913e-06
0.346, 1.913e-06
0.347, 1.909e-06
0.348, 1.916e-06
0.349, 1.910e-06
0.350, 1.916e-06
0.351, 1.913e-06
0.352, 1.912e-06
0.353, 1.917e-06
0.354, 1.909e-06
0.355, 1.915e-06
0.356, 1.913e-06
0.357, 1.913e-06
0.358, 1.913e-06
0.359, 1.908e-06
0.360, 1.916e-06
0.361, 1.911e-06
0.362, 1.911e-06
0.363, 1.917e-06
0.364, 1.910e-06
0.365, 1.919e-06
0.366, 1.911e-06
0.367, 1.912e-06
0.368, 1.916e-06
0.369, 1.909e-06
0.370, 1.917e-06
0.371, 1.903e-06
0.372, 1.914e-06
0.373, 1.918e-06
0.374, 1.908e-06
0.375, 1.918e-06
0.376, 1.911e-06
0.377, 1.914e-06
0.378, 1.920e-06
0.379, 1.907e-06
0.380, 1.920e-06
0.381, 1.915e-06
0.382, 1.916e-06
0.383, 1.922e-06
0.384, 1.920e-06
0.385, 1.921e-06
0.386, 1.918e-06
0.387, 1.914e-06
0.388, 1.922e-06
0.389, 1.915e-06
0.390, 1.919e-06
0.391, 1.915e-06
0.392, 1.919e-06
0.393, 1.921e-06
0.394, 1.917e-06
0.395, 1.922e-06
0.396, 1.915e-06
0.397, 1.916e-06
0.398, 1.923e-06
0.399, 1.916e-06
0.400, 1.926e-06
0.401, 1.920e-06
0.402, 1.924e-06
0.403, 1.922e-06
0.404, 1.920e-06
0.405, 1.929e-06
0.406, 1.919e-06
0.407, 1.926e-06
0.408, 1.928e-06
0.409, 1.898e-06
0.410, 1.919e-06
0.411, 1.919e-06
0.412, 1.926e-06
0.413, 1.928e-06
0.414, 1.921e-06
0.415, 1.929e-06
0.416, 1.924e-06
0.417, 1.932e-06
0.418, 1.932e-06
0.419, 1.924e-06
0.420, 1.936e-06
0.421, 1.930e-06
0.422, 1.925e-06
0.423, 1.934e-06
0.424, 1.930e-06
0.425, 1.938e-06
0.426, 1.933e-06
0.427, 1.934e-06
0.428, 1.942e-06
0.429, 1.932e-06
0.430, 1.943e-06
0.431, 1.935e-06
0.432, 1.945e-06
0.433, 1.944e-06
0.434, 1.940e-06
0.435, 1.955e-06
0.436, 1.946e-06
0.437, 1.951e-06
0.438, 1.948e-06
0.439, 1.943e-06
0.440, 1.953e-06
0.441, 1.948e-06
0.442, 1.954e-06
0.443, 1.953e-06
0.444, 1.953e-06
0.445, 1.959e-06
0.446, 1.953e-06
0.447, 1.961e-06
0.448, 1.952e-06
0.449, 1.957e-06
0.450, 1.967e-06
0.451, 1.956e-06
0.452, 1.969e-06
0.453, 1.969e-06
0.454, 1.962e-06
0.455, 1.972e-06
0.456, 1.967e-06
0.457, 1.975e-06
0.458, 1.977e-06
0.459, 1.968e-06
0.460, 1.980e-06
0.461, 1.976e-06
0.462, 1.980e-06
0.463, 1.982e-06
0.464, 1.977e-06
0.465, 1.990e-06
0.466, 1.984e-06
0.467, 1.985e-06
0.468, 1.991e-06
0.469, 1.987e-06
0.470, 1.997e-06
0.471, 1.993e-06
0.472, 1.998e-06
0.473, 1.994e-06
0.474, 1.996e-06
0.475, 2.002e-06
0.476, 2.001e-06
0.477, 2.011e-06
0.478, 2.009e-06
0.479, 2.006e-06
0.480, 2.015e-06
0.481, 2.013e-06
0.482, 2.022e-06
0.483, 2.020e-06
0.484, 2.019e-06
0.485, 2.028e-06
0.486, 2.030e-06
0.487, 2.033e-06
0.488, 2.031e-06
0.489, 2.031e-06
0.490, 2.042e-06
0.491, 2.032e-06
0.492, 2.045e-06
0.493, 2.044e-06
0.494, 2.042e-06
0.495, 2.051e-06
0.496, 2.046e-06
0.497, 2.056e-06
0.498, 2.055e-06
0.499, 2.043e-06
0.500, 2.063e-06
0.501, 2.056e-06
0.502, 2.066e-06
0.503, 2.065e-06
0.504, 2.065e-06
0.505, 2.074e-06
0.506, 2.071e-06
0.507, 2.075e-06
0.508, 2.078e-06
0.509, 2.075e-06
0.510, 2.086e-06
0.511, 2.079e-06
0.512, 2.094e-06
0.513, 2.095e-06
0.514, 2.087e-06
0.515, 2.097e-06
0.516, 2.092e-06
0.517, 2.103e-06
0.518, 2.096e-06
0.519, 2.099e-06
0.520, 2.112e-06
0.521, 2.100e-06
0.522, 2.116e-06
0.523, 2.107e-06
0.524, 2.111e-06
0.525, 2.115e-06
0.526, 2.114e-06
0.527, 2.125e-06
0.528, 2.122e-06
0.529, 2.122e-06
0.530, 2.133e-06
0.531, 2.123e-06
0.532, 2.136e-06
0.533, 2.134e-06
0.534, 2.131e-06
0.535, 2.144e-06
0.536, 2.138e-06
0.537, 2.160e-06
0.538, 2.149e-06
0.539, 2.145e-06
0.540, 2.157e-06
0.541, 2.154e-06
0.542, 2.164e-06
0.543, 2.162e-06
0.544, 2.158e-06
0.545, 2.173e-06
0.546, 2.163e-06
0.547, 2.169e-06
0.548, 2.174e-06
0.549, 2.171e-06
0.550, 2.172e-06
0.551, 2.173e-06
0.552, 2.181e-06
0.553, 2.184e-06
0.554, 2.181e-06
0.555, 2.188e-06
0.556, 2.187e-06
0.557, 2.196e-06
0.558, 2.190e-06
0.559, 2.192e-06
0.560, 2.201e-06
0.561, 2.196e-06
0.562, 2.208e-06
0.563, 2.194e-06
0.564, 2.199e-06
0.565, 2.216e-06
0.566, 2.202e-06
0.567, 2.213e-06
0.568, 2.210e-06
0.569, 2.210e-06
0.570, 2.222e-06
0.571, 2.212e-06
0.572, 2.227e-06
0.573, 2.225e-06
0.574, 2.219e-06
0.575, 2.231e-06
0.576, 2.214e-06
0.577, 2.234e-06
0.578, 2.233e-06
0.579, 2.227e-06
0.580, 2.242e-06
0.581, 2.236e-06
0.582, 2.240e-06
0.583, 2.241e-06
0.584, 2.239e-06
0.585, 2.250e-06
0.586, 2.243e-06
0.587, 2.250e-06
0.588, 2.255e-06
0.589, 2.261e-06
0.590, 2.258e-06
0.591, 2.254e-06
0.592, 2.264e-06
0.593, 2.263e-06
0.594, 2.262e-06
0.595, 2.266e-06
0.596, 2.262e-06
0.597, 2.273e-06
0.598, 2.269e-06
0.599, 2.269e-06
0.600, 2.281e-06
0.601, 2.270e-06
0.602, 2.280e-06
0.603, 2.278e-06
0.604, 2.278e-06
0.605, 2.292e-06
0.606, 2.283e-06
0.607, 2.295e-06
0.608, 2.290e-06
0.609, 2.289e-06
0.610, 2.299e-06
0.611, 2.289e-06
0.612, 2.304e-06
0.613, 2.306e-06
0.614, 2.277e-06
0.615, 2.305e-06
0.616, 2.300e-06
0.617, 2.311e-06
0.618, 2.309e-06
0.619, 2.304e-06
0.620, 2.320e-06
0.621, 2.310e-06
0.622, 2.321e-06
0.623, 2.320e-06
0.624, 2.318e-06
0.625, 2.330e-06
0.626, 2.323e-06
0.627, 2.318e-06
0.628, 2.331e-06
0.629, 2.326e-06
0.630, 2.335e-06
0.631, 2.330e-06
0.632, 2.343e-06
0.633, 2.341e-06
0.634, 2.339e-06
0.635, 2.342e-06
0.636, 2.342e-06
0.637, 2.354e-06
0.638, 2.350e-06
0.639, 2.346e-06
0.640, 2.372e-06
0.641, 2.354e-06
0.642, 2.365e-06
0.643, 2.362e-06
0.644, 2.358e-06
0.645, 2.375e-06
0.646, 2.360e-06
0.647, 2.375e-06
0.648, 2.375e-06
0.649, 2.374e-06
0.650, 2.385e-06
0.651, 2.372e-06
0.652, 2.390e-06
0.653, 2.381e-06
0.654, 2.378e-06
0.655, 2.398e-06
0.656, 2.387e-06
0.657, 2.400e-06
0.658, 2.401e-06
0.659, 2.391e-06
0.660, 2.410e-06
0.661, 2.406e-06
0.662, 2.413e-06
0.663, 2.412e-06
0.664, 2.409e-06
0.665, 2.425e-06
0.666, 2.415e-06
0.667, 2.424e-06
0.668, 2.427e-06
0.669, 2.422e-06
0.670, 2.434e-06
0.671, 2.426e-06
0.672, 2.439e-06
0.673, 2.445e-06
0.674, 2.438e-06
0.675, 2.448e-06
0.676, 2.443e-06
0.677, 2.458e-06
0.678, 2.446e-06
0.679, 2.449e-06
0.680, 2.464e-06
0.681, 2.455e-06
0.682, 2.468e-06
0.683, 2.464e-06
0.684, 2.468e-06
0.685, 2.485e-06
0.686, 2.471e-06
0.687, 2.484e-06
0.688, 2.482e-06
0.689, 2.485e-06
0.690, 2.496e-06
0.691, 2.495e-06
0.692, 2.505e-06
0.693, 2.504e-06
0.694, 2.499e-06
0.695, 2.514e-06
0.696, 2.505e-06
0.697, 2.520e-06
0.698, 2.518e-06
0.699, 2.516e-06
0.700, 2.532e-06
0.701, 2.523e-06
0.702, 2.537e-06
0.703, 2.539e-06
0.704, 2.525e-06
0.705, 2.549e-06
0.706, 2.542e-06
0.707, 2.546e-06
0.708, 2.558e-06
0.709, 2.557e-06
0.710, 2.562e-06
0.711, 2.557e-06
0.712, 2.572e-06
0.713, 2.573e-06
0.714, 2.572e-06
0.715, 2.586e-06
0.716, 2.578e-06
0.717, 2.601e-06
0.718, 2.593e-06
0.719, 2.593e-06
0.720, 2.607e-06
0.721, 2.599e-06
0.722, 2.612e-06
0.723, 2.612e-06
0.724, 2.614e-06
0.725, 2.631e-06
0.726, 2.618e-06
0.727, 2.635e-06
0.728, 2.631e-06
0.729, 2.629e-06
0.730, 2.647e-06
0.731, 2.636e-06
0.732, 2.659e-06
0.733, 2.659e-06
0.734, 2.656e-06
0.735, 2.670e-06
0.736, 2.661e-06
0.737, 2.680e-06
0.738, 2.679e-06
0.739, 2.677e-06
0.740, 2.695e-06
0.741, 2.687e-06
0.742, 2.710e-06
0.743, 2.706e-06
0.744, 2.703e-06
0.745, 2.720e-06
0.746, 2.710e-06
0.747, 2.722e-06
0.748, 2.724e-06
0.749, 2.724e-06
0.750, 2.741e-06
0.751, 2.729e-06
0.752, 2.746e-06
0.753, 2.748e-06
0.754, 2.749e-06
0.755, 2.753e-06
0.756, 2.756e-06
0.757, 2.770e-06
0.758, 2.768e-06
0.759, 2.770e-06
0.760, 2.785e-06
0.761, 2.776e-06
0.762, 2.791e-06
0.763, 2.788e-06
0.764, 2.794e-06
0.765, 2.807e-06
0.766, 2.795e-06
0.767, 2.806e-06
0.768, 2.808e-06
0.769, 2.816e-06
0.770, 2.824e-06
0.771, 2.813e-06
0.772, 2.834e-06
0.773, 2.834e-06
0.774, 2.827e-06
0.775, 2.845e-06
0.776, 2.833e-06
0.777, 2.854e-06
0.778, 2.851e-06
0.779, 2.850e-06
0.780, 2.864e-06
0.781, 2.848e-06
0.782, 2.869e-06
0.783, 2.865e-06
0.784, 2.870e-06
0.785, 2.887e-06
0.786, 2.872e-06
0.787, 2.884e-06
0.788, 2.885e-06
0.789, 2.889e-06
0.790, 2.900e-06
0.791, 2.887e-06
0.792, 2.904e-06
0.793, 2.913e-06
0.794, 2.909e-06
0.795, 2.913e-06
0.796, 2.909e-06
0.797, 2.920e-06
0.798, 2.918e-06
0.799, 2.922e-06
0.800, 2.929e-06
0.801, 2.924e-06
0.802, 2.934e-06
0.803, 2.927e-06
0.804, 2.933e-06
0.805, 2.946e-06
0.806, 2.922e-06
0.807, 2.945e-06
0.808, 2.941e-06
0.809, 2.948e-06
0.810, 2.955e-06
0.811, 2.941e-06
0.812, 2.960e-06
0.813, 2.953e-06
0.814, 2.956e-06
0.815, 2.965e-06
0.816, 2.953e-06
0.817, 2.972e-06
0.818, 2.966e-06
0.819, 2.931e-06
0.820, 2.971e-06
0.821, 2.965e-06
0.822, 2.972e-06
0.823, 2.970e-06
0.824, 2.975e-06
0.825, 2.989e-06
0.826, 2.974e-06
0.827, 2.987e-06
0.828, 2.986e-06
0.829, 2.990e-06
0.830, 2.996e-06
0.831, 2.985e-06
0.832, 2.989e-06
0.833, 2.995e-06
0.834, 2.998e-06
0.835, 3.005e-06
0.836, 2.996e-06
0.837, 3.012e-06
0.838, 3.001e-06
0.839, 3.008e-06
0.840, 3.017e-06
0.841, 3.007e-06
0.842, 3.021e-06
0.843, 3.012e-06
0.844, 3.026e-06
0.845, 3.040e-06
0.846, 3.019e-06
0.847, 3.035e-06
0.848, 3.028e-06
0.849, 3.035e-06
0.850, 3.044e-06
0.851, 3.026e-06
0.852, 3.048e-06
0.853, 3.043e-06
0.854, 3.046e-06
0.855, 3.048e-06
0.856, 3.041e-06
0.857, 3.050e-06
0.858, 3.048e-06
0.859, 3.051e-06
0.860, 3.065e-06
0.861, 3.055e-06
0.862, 3.064e-06
0.863, 3.060e-06
0.864, 3.068e-06
0.865, 3.080e-06
0.866, 3.065e-06
0.867, 3.075e-06
0.868, 3.078e-06
0.869, 3.088e-06
0.870, 3.089e-06
0.871, 3.077e-06
0.872, 3.096e-06
0.873, 3.092e-06
0.874, 3.100e-06
0.875, 3.101e-06
0.876, 3.103e-06
0.877, 3.110e-06
0.878, 3.106e-06
0.879, 3.119e-06
0.880, 3.127e-06
0.881, 3.119e-06
0.882, 3.136e-06
0.883, 3.111e-06
0.884, 3.137e-06
0.885, 3.151e-06
0.886, 3.130e-06
0.887, 3.151e-06
0.888, 3.149e-06
0.889, 3.153e-06
0.890, 3.171e-06
0.891, 3.150e-06
0.892, 3.176e-06
0.893, 3.166e-06
0.894, 3.174e-06
0.895, 3.188e-06
0.896, 3.191e-06
0.897, 3.201e-06
0.898, 3.192e-06
0.899, 3.198e-06
0.900, 3.213e-06
0.901, 3.202e-06
0.902, 3.214e-06
0.903, 3.212e-06
0.904, 3.225e-06
0.905, 3.231e-06
0.906, 3.227e-06
0.907, 3.239e-06
0.908, 3.231e-06
0.909, 3.239e-06
0.910, 3.255e-06
0.911, 3.245e-06
0.912, 3.264e-06
0.913, 3.265e-06
0.914, 3.273e-06
0.915, 3.281e-06
0.916, 3.272e-06
0.917, 3.294e-06
0.918, 3.284e-06
0.919, 3.293e-06
0.920, 3.308e-06
0.921, 3.311e-06
0.922, 3.327e-06
0.923, 3.313e-06
0.924, 3.328e-06
0.925, 3.340e-06
0.926, 3.331e-06
0.927, 3.349e-06
0.928, 3.345e-06
0.929, 3.357e-06
0.930, 3.368e-06
0.931, 3.359e-06
0.932, 3.383e-06
0.933, 3.379e-06
0.934, 3.380e-06
0.935, 3.401e-06
0.936, 3.395e-06
0.937, 3.414e-06
0.938, 3.413e-06
0.939, 3.422e-06
0.940, 3.440e-06
0.941, 3.432e-06
0.942, 3.450e-06
0.943, 3.449e-06
0.944, 3.462e-06
0.945, 3.479e-06
0.946, 3.475e-06
0.947, 3.506e-06
0.948, 3.498e-06
0.949, 3.513e-06
0.950, 3.523e-06
0.951, 3.520e-06
0.952, 3.541e-06
0.953, 3.537e-06
0.954, 3.555e-06
0.955, 3.572e-06
0.956, 3.565e-06
0.957, 3.594e-06
0.958, 3.589e-06
0.959, 3.607e-06
0.960, 3.608e-06
0.961, 3.625e-06
0.962, 3.646e-06
0.963, 3.638e-06
0.964, 3.663e-06
0.965, 3.684e-06
0.966, 3.678e-06
0.967, 3.700e-06
0.968, 3.699e-06
0.969, 3.727e-06
0.970, 3.741e-06
0.971, 3.736e-06
0.972, 3.767e-06
0.973, 3.767e-06
0.974, 3.780e-06
0.975, 3.802e-06
0.976, 3.799e-06
0.977, 3.831e-06
0.978, 3.833e-06
0.979, 3.847e-06
0.980, 3.873e-06
0.981, 3.875e-06
0.982, 3.896e-06
0.983, 3.903e-06
0.984, 3.919e-06
0.985, 3.935e-06
0.986, 3.937e-06
0.987, 3.964e-06
0.988, 3.972e-06
0.989, 3.990e-06
0.990, 4.010e-06
0.991, 4.014e-06
0.992, 4.039e-06
0.993, 4.045e-06
0.994, 4.062e-06
0.995, 4.081e-06
0.996, 4.090e-06
0.997, 4.123e-06
0.998, 4.135e-06
0.999, 4.149e-06
1.000, 4.169e-06
1.001, 4.177e-06
1.002, 4.202e-06
1.003, 4.205e-06
1.004, 4.230e-06
1.005, 4.255e-06
1.006, 4.257e-06
1.007, 4.288e-06
1.008, 4.293e-06
1.009, 4.316e-06
1.010, 4.339e-06
1.011, 4.329e-06
1.012, 4.370e-06
1.013, 4.389e-06
1.014, 4.402e-06
1.015, 4.432e-06
1.016, 4.440e-06
1.017, 4.479e-06
1.018, 4.487e-06
1.019, 4.508e-06
1.020, 4.544e-06
1.021, 4.548e-06
1.022, 4.584e-06
1.023, 4.604e-06
1.024, 4.592e-06
1.025, 4.654e-06
1.026, 4.670e-06
1.027, 4.700e-06
1.028, 4.723e-06
1.029, 4.760e-06
1.030, 4.787e-06
1.031, 4.800e-06
1.032, 4.849e-06
1.033, 4.871e-06
1.034, 4.901e-06
1.035, 4.934e-06
1.036, 4.956e-06
1.037, 4.995e-06
1.038, 5.020e-06
1.039, 5.066e-06
1.040, 5.105e-06
1.041, 5.134e-06
1.042, 5.181e-06
1.043, 5.204e-06
1.044, 5.253e-06
1.045, 5.299e-06
1.046, 5.325e-06
1.047, 5.386e-06
1.048, 5.412e-06
1.049, 5.483e-06
1.050, 5.528e-06
1.051, 5.551e-06
1.052, 5.625e-06
1.053, 5.660e-06
1.054, 5.713e-06
1.055, 5.771e-06
1.056, 5.808e-06
1.057, 5.887e-06
1.058, 5.925e-06
1.059, 5.984e-06
1.060, 6.061e-06
1.061, 6.106e-06
1.062, 6.172e-06
1.063, 6.229e-06
1.064, 6.309e-06
1.065, 6.386e-06
1.066, 6.438e-06
1.067, 6.523e-06
1.068, 6.597e-06
1.069, 6.681e-06
1.070, 6.759e-06
1.071, 6.827e-06
1.072, 6.932e-06
1.073, 7.006e-06
1.074, 7.106e-06
1.075, 7.186e-06
1.076, 7.274e-06
1.077, 7.391e-06
1.078, 7.467e-06
1.079, 7.587e-06
1.080, 7.688e-06
1.081, 7.797e-06
1.082, 7.918e-06
1.083, 8.016e-06
1.084, 8.151e-06
1.085, 8.268e-06
1.086, 8.375e-06
1.087, 8.522e-06
1.088, 8.606e-06
1.089, 8.778e-06
1.090, 8.916e-06
1.091, 9.027e-06
1.092, 9.206e-06
1.093, 9.328e-06
1.094, 9.490e-06
1.095, 9.646e-06
1.096, 9.786e-06
1.097, 9.977e-06
1.098, 1.012e-05
1.099, 1.030e-05
1.100, 1.049e-05
1.101, 1.069e-05
1.102, 1.086e-05
1.103, 1.102e-05
1.104, 1.123e-05
1.105, 1.143e-05
1.106, 1.161e-05
1.107, 1.183e-05
1.108, 1.203e-05
1.109, 1.226e-05
1.110, 1.246e-05
1.111, 1.269e-05
1.112, 1.295e-05
1.113, 1.315e-05
1.114, 1.341e-05
1.115, 1.364e-05
1.116, 1.391e-05
1.117, 1.421e-05
1.118, 1.444e-05
1.119, 1.478e-05
1.120, 1.504e-05
1.121, 1.536e-05
1.122, 1.569e-05
1.123, 1.598e-05
1.124, 1.635e-05
1.125, 1.669e-05
1.126, 1.706e-05
1.127, 1.746e-05
1.128, 1.778e-05
1.129, 1.822e-05
1.130, 1.859e-05
1.131, 1.896e-05
1.132, 1.943e-05
1.133, 1.981e-05
1.134, 2.031e-05
1.135, 2.073e-05
1.136, 2.117e-05
1.137, 2.171e-05
1.138, 2.212e-05
1.139, 2.258e-05
1.140, 2.310e-05
1.141, 2.360e-05
1.142, 2.416e-05
1.143, 2.464e-05
1.144, 2.522e-05
1.145, 2.575e-05
1.146, 2.628e-05
1.147, 2.688e-05
1.148, 2.740e-05
1.149, 2.803e-05
1.150, 2.856e-05
1.151, 2.915e-05
1.152, 2.988e-05
1.153, 3.041e-05
1.154, 3.108e-05
1.155, 3.159e-05
1.156, 3.224e-05
1.157, 3.289e-05
1.158, 3.342e-05
1.159, 3.413e-05
1.160, 3.467e-05
1.161, 3.534e-05
1.162, 3.598e-05
1.163, 3.648e-05
1.164, 3.722e-05
1.165, 3.765e-05
1.166, 3.833e-05
1.167, 3.900e-05
1.168, 3.952e-05
1.169, 4.026e-05
1.170, 4.080e-05
1.171, 4.129e-05
1.172, 4.202e-05
1.173, 4.247e-05
1.174, 4.314e-05
1.175, 4.360e-05
1.176, 4.416e-05
1.177, 4.476e-05
1.178, 4.513e-05
1.179, 4.577e-05
1.180, 4.618e-05
1.181, 4.664e-05
1.182, 4.719e-05
1.183, 4.757e-05
1.184, 4.803e-05
1.185, 4.843e-05
1.186, 4.881e-05
1.187, 4.922e-05
1.188, 4.956e-05
1.189, 5.000e-05
1.190, 5.017e-05
1.191, 5.051e-05
1.192, 5.088e-05
1.193, 5.112e-05
1.194, 5.147e-05
1.195, 5.166e-05
1.196, 5.192e-05
1.197, 5.220e-05
1.198, 5.230e-05
1.199, 5.259e-05
1.200, 5.267e-05
1.201, 5.287e-05
1.202, 5.308e-05
1.203, 5.320e-05
1.204, 5.335e-05
1.205, 5.334e-05
1.206, 5.341e-05
1.207, 5.353e-05
1.208, 5.344e-05
1.209, 5.358e-05
1.210, 5.353e-05
1.211, 5.351e-05
1.212, 5.356e-05
1.213, 5.343e-05
1.214, 5.348e-05
1.215, 5.337e-05
1.216, 5.318e-05
1.217, 5.325e-05
1.218, 5.310e-05
1.219, 5.306e-05
1.220, 5.291e-05
1.221, 5.281e-05
1.222, 5.270e-05
1.223, 5.250e-05
1.224, 5.244e-05
1.225, 5.222e-05
1.226, 5.209e-05
1.227, 5.194e-05
1.228, 5.173e-05
1.229, 5.132e-05
1.230, 5.126e-05
1.231, 5.111e-05
1.232, 5.097e-05
1.233, 5.073e-05
1.234, 5.060e-05
1.235, 5.034e-05
1.236, 5.015e-05
1.237, 4.997e-05
1.238, 4.971e-05
1.239, 4.955e-05
1.240, 4.929e-05
1.241, 4.905e-05
1.242, 4.886e-05
1.243, 4.859e-05
1.244, 4.842e-05
1.245, 4.818e-05
1.246, 4.794e-05
1.247, 4.775e-05
1.248, 4.746e-05
1.249, 4.729e-05
1.250, 4.704e-05
1.251, 4.679e-05
1.252, 4.660e-05
1.253, 4.634e-05
1.254, 4.618e-05
1.255, 4.592e-05
1.256, 4.569e-05
1.257, 4.548e-05
1.258, 4.523e-05
1.259, 4.503e-05
1.260, 4.480e-05
1.261, 4.457e-05
1.262, 4.438e-05
1.263, 4.413e-05
1.264, 4.394e-05
1.265, 4.372e-05
1.266, 4.349e-05
1.267, 4.327e-05
1.268, 4.306e-05
1.269, 4.289e-05
1.270, 4.267e-05
1.271, 4.247e-05
1.272, 4.228e-05
1.273, 4.207e-05
1.274, 4.190e-05
1.275, 4.168e-05
1.276, 4.149e-05
1.277, 4.132e-05
1.278, 4.111e-05
1.279, 4.096e-05
1.280, 4.075e-05
1.281, 4.057e-05
1.282, 4.041e-05
1.283, 4.021e-05
1.284, 4.006e-05
1.285, 3.988e-05
1.286, 3.969e-05
1.287, 3.955e-05
1.288, 3.936e-05
1.289, 3.923e-05
1.290, 3.905e-05
1.291, 3.887e-05
1.292, 3.874e-05
1.293, 3.855e-05
1.294, 3.842e-05
1.295, 3.826e-05
1.296, 3.811e-05
1.297, 3.798e-05
1.298, 3.782e-05
1.299, 3.768e-05
1.300, 3.754e-05
1.301, 3.739e-05
1.302, 3.727e-05
1.303, 3.712e-05
1.304, 3.700e-05
1.305, 3.689e-05
1.306, 3.674e-05
1.307, 3.662e-05
1.308, 3.647e-05
1.309, 3.638e-05
1.310, 3.623e-05
1.311, 3.611e-05
1.312, 3.600e-05
1.313, 3.587e-05
1.314, 3.578e-05
1.315, 3.564e-05
1.316, 3.553e-05
1.317, 3.544e-05
1.318, 3.529e-05
1.319, 3.522e-05
1.320, 3.510e-05
1.321, 3.499e-05
1.322, 3.490e-05
1.323, 3.478e-05
1.324, 3.470e-05
1.325, 3.459e-05
1.326, 3.448e-05
1.327, 3.441e-05
1.328, 3.429e-05
1.329, 3.423e-05
1.330, 3.413e-05
1.331, 3.404e-05
1.332, 3.397e-05
1.333, 3.386e-05
1.334, 3.378e-05
1.335, 3.370e-05
1.336, 3.360e-05
1.337, 3.354e-05
1.338, 3.344e-05
1.339, 3.338e-05
1.340, 3.330e-05
1.341, 3.321e-05
1.342, 3.315e-05
1.343, 3.306e-05
1.344, 3.298e-05
1.345, 3.293e-05
1.346, 3.285e-05
1.347, 3.279e-05
1.348, 3.271e-05
1.349, 3.266e-05
1.350, 3.258e-05
1.351, 3.252e-05
1.352, 3.247e-05
1.353, 3.239e-05
1.354, 3.235e-05
1.355, 3.228e-05
1.356, 3.222e-05
1.357, 3.220e-05
1.358, 3.210e-05
1.359, 3.206e-05
1.360, 3.200e-05
1.361, 3.194e-05
1.362, 3.191e-05
1.363, 3.183e-05
1.364, 3.180e-05
1.365, 3.175e-05
1.366, 3.169e-05
1.367, 3.166e-05
1.368, 3.159e-05
1.369, 3.155e-05
1.370, 3.152e-05
1.371, 3.145e-05
1.372, 3.144e-05
1.373, 3.138e-05
1.374, 3.134e-05
1.375, 3.131e-05
1.376, 3.126e-05
1.377, 3.124e-05
1.378, 3.118e-05
1.379, 3.115e-05
1.380, 3.112e-05
1.381, 3.107e-05
1.382, 3.104e-05
1.383, 3.099e-05
1.384, 3.097e-05
1.385, 3.094e-05
1.386, 3.090e-05
1.387, 3.088e-05
1.388, 3.083e-05
1.389, 3.082e-05
1.390, 3.078e-05
1.391, 3.075e-05
1.392, 3.074e-05
1.393, 3.069e-05
1.394, 3.068e-05
1.395, 3.061e-05
1.396, 3.061e-05
1.397, 3.059e-05
1.398, 3.054e-05
1.399, 3.054e-05
1.400, 3.050e-05
1.401, 3.047e-05
1.402, 3.046e-05
1.403, 3.041e-05
1.404, 3.041e-05
1.405, 3.037e-05
1.406, 3.034e-05
1.407, 3.034e-05
1.408, 3.031e-05
1.409, 3.029e-05
1.410, 3.026e-05
1.411, 3.022e-05
1.412, 3.021e-05
1.413, 3.017e-05
1.414, 3.015e-05
1.415, 3.012e-05
1.416, 3.009e-05
1.417, 3.009e-05
1.418, 3.004e-05
1.419, 3.002e-05
1.420, 3.000e-05
1.421, 2.995e-05
1.422, 2.995e-05
1.423, 2.990e-05
1.424, 2.989e-05
1.425, 2.986e-05
1.426, 2.982e-05
1.427, 2.981e-05
1.428, 2.977e-05
1.429, 2.976e-05
1.430, 2.971e-05
1.431, 2.968e-05
1.432, 2.967e-05
1.433, 2.958e-05
1.434, 2.960e-05
1.435, 2.956e-05
1.436, 2.953e-05
1.437, 2.952e-05
1.438, 2.946e-05
1.439, 2.944e-05
1.440, 2.941e-05
1.441, 2.938e-05
1.442, 2.936e-05
1.443, 2.930e-05
1.444, 2.930e-05
1.445, 2.927e-05
1.446, 2.920e-05
1.447, 2.920e-05
1.448, 2.915e-05
1.449, 2.914e-05
1.450, 2.910e-05
1.451, 2.906e-05
1.452, 2.905e-05
1.453, 2.899e-05
1.454, 2.898e-05
1.455, 2.894e-05
1.456, 2.891e-05
1.457, 2.889e-05
1.458, 2.885e-05
1.459, 2.884e-05
1.460, 2.880e-05
1.461, 2.876e-05
1.462, 2.874e-05
1.463, 2.869e-05
1.464, 2.867e-05
1.465, 2.864e-05
1.466, 2.861e-05
1.467, 2.858e-05
1.468, 2.854e-05
1.469, 2.854e-05
1.470, 2.849e-05
1.471, 2.846e-05
1.472, 2.843e-05
1.473, 2.840e-05
1.474, 2.839e-05
1.475, 2.835e-05
1.476, 2.833e-05
1.477, 2.832e-05
1.478, 2.826e-05
1.479, 2.826e-05
1.480, 2.822e-05
1.481, 2.820e-05
1.482, 2.819e-05
1.483, 2.813e-05
1.484, 2.814e-05
1.485, 2.810e-05
1.486, 2.807e-05
1.487, 2.807e-05
1.488, 2.802e-05
1.489, 2.803e-05
1.490, 2.799e-05
1.491, 2.796e-05
1.492, 2.796e-05
1.493, 2.792e-05
1.494, 2.791e-05
1.495, 2.789e-05
1.496, 2.787e-05
1.497, 2.785e-05
1.498, 2.782e-05
1.499, 2.781e-05
1.500, 2.698e-05
1.499, 2.649e-05
1.498, 2.630e-05
1.497, 2.608e-05
1.496, 2.594e-05
1.495, 2.578e-05
1.494, 2.564e-05
1.493, 2.553e-05
1.492, 2.537e-05
1.491, 2.527e-05
1.490, 2.516e-05
1.489, 2.505e-05
1.488, 2.495e-05
1.487, 2.482e-05
1.486, 2.474e-05
1.485, 2.464e-05
1.484, 2.454e-05
1.483, 2.446e-05
1.482, 2.435e-05
1.481, 2.428e-05
1.480, 2.417e-05
1.479, 2.410e-05
1.478, 2.403e-05
1.477, 2.393e-05
1.476, 2.386e-05
1.475, 2.377e-05
1.474, 2.369e-05
1.473, 2.363e-05
1.472, 2.355e-05
1.471, 2.348e-05
1.470, 2.339e-05
1.469, 2.333e-05
1.468, 2.326e-05
1.467, 2.317e-05
1.466, 2.313e-05
1.465, 2.304e-05
1.464, 2.298e-05
1.463, 2.292e-05
1.462, 2.284e-05
1.461, 2.280e-05
1.460, 2.270e-05
1.459, 2.265e-05
1.458, 2.260e-05
1.457, 2.252e-05
1.456, 2.247e-05
1.455, 2.241e-05
1.454, 2.235e-05
1.453, 2.231e-05
1.452, 2.222e-05
1.451, 2.218e-05
1.450, 2.211e-05
1.449, 2.206e-05
1.448, 2.201e-05
1.447, 2.195e-05
1.446, 2.190e-05
1.445, 2.183e-05
1.444, 2.177e-05
1.443, 2.174e-05
1.442, 2.166e-05
1.441, 2.162e-05
1.440, 2.156e-05
1.439, 2.151e-05
1.438, 2.147e-05
1.437, 2.140e-05
1.436, 2.136e-05
1.435, 2.130e-05
1.434, 2.130e-05
1.433, 2.122e-05
1.432, 2.115e-05
1.431, 2.111e-05
1.430, 2.105e-05
1.429, 2.101e-05
1.428, 2.096e-05
1.427, 2.090e-05
1.426, 2.087e-05
1.425, 2.081e-05
1.424, 2.076e-05
1.423, 2.073e-05
1.422, 2.066e-05
1.421, 2.065e-05
1.420, 2.057e-05
1.419, 2.053e-05
1.418, 2.050e-05
1.417, 2.042e-05
1.416, 2.039e-05
1.415, 2.034e-05
1.414, 2.030e-05
1.413, 2.027e-05
1.412, 2.020e-05
1.411, 2.017e-05
1.410, 2.012e-05
1.409, 2.007e-05
1.408, 2.002e-05
1.407, 1.998e-05
1.406, 1.996e-05
1.405, 1.990e-05
1.404, 1.986e-05
1.403, 1.983e-05
1.402, 1.977e-05
1.401, 1.975e-05
1.400, 1.968e-05
1.399, 1.966e-05
1.398, 1.963e-05
1.397, 1.957e-05
1.396, 1.955e-05
1.395, 1.950e-05
1.394, 1.947e-05
1.393, 1.943e-05
1.392, 1.936e-05
1.391, 1.935e-05
1.390, 1.929e-05
1.389, 1.926e-05
1.388, 1.923e-05
1.387, 1.917e-05
1.386, 1.915e-05
1.385, 1.911e-05
1.384, 1.907e-05
1.383, 1.905e-05
1.382, 1.899e-05
1.381, 1.897e-05
1.380, 1.892e-05
1.379, 1.889e-05
1.378, 1.887e-05
1.377, 1.881e-05
1.376, 1.879e-05
1.375, 1.875e-05
1.374, 1.872e-05
1.373, 1.869e-05
1.372, 1.863e-05
1.371, 1.862e-05
1.370, 1.859e-05
1.369, 1.855e-05
1.368, 1.852e-05
1.367, 1.847e-05
1.366, 1.845e-05
1.365, 1.841e-05
1.364, 1.837e-05
1.363, 1.835e-05
1.362, 1.831e-05
1.361, 1.828e-05
1.360, 1.824e-05
1.359, 1.821e-05
1.358, 1.819e-05
1.357, 1.812e-05
1.356, 1.811e-05
1.355, 1.807e-05
1.354, 1.805e-05
1.353, 1.802e-05
1.352, 1.797e-05
1.351, 1.796e-05
1.350, 1.791e-05
1.349, 1.789e-05
1.348, 1.787e-05
1.347, 1.782e-05
1.346, 1.780e-05
1.345, 1.776e-05
1.344, 1.774e-05
1.343, 1.771e-05
1.342, 1.766e-05
1.341, 1.764e-05
1.340, 1.759e-05
1.339, 1.756e-05
1.338, 1.755e-05
1.337, 1.750e-05
1.336, 1.748e-05
1.335, 1.744e-05
1.334, 1.740e-05
1.333, 1.739e-05
1.332, 1.732e-05
1.331, 1.731e-05
1.330, 1.727e-05
1.329, 1.724e-05
1.328, 1.721e-05
1.327, 1.716e-05
1.326, 1.714e-05
1.325, 1.710e-05
1.324, 1.706e-05
1.323, 1.704e-05
1.322, 1.699e-05
1.321, 1.696e-05
1.320, 1.692e-05
1.319, 1.690e-05
1.318, 1.686e-05
1.317, 1.681e-05
1.316, 1.678e-05
1.315, 1.672e-05
1.314, 1.670e-05
1.313, 1.666e-05
1.312, 1.661e-05
1.311, 1.658e-05
1.310, 1.652e-05
1.309, 1.649e-05
1.308, 1.644e-05
1.307, 1.638e-05
1.306, 1.634e-05
1.305, 1.629e-05
1.304, 1.625e-05
1.303, 1.621e-05
1.302, 1.615e-05
1.301, 1.612e-05
1.300, 1.605e-05
1.299, 1.600e-05
1.298, 1.597e-05
1.297, 1.589e-05
1.296, 1.586e-05
1.295, 1.578e-05
1.294, 1.573e-05
1.293, 1.571e-05
1.292, 1.559e-05
1.291, 1.556e-05
1.290, 1.549e-05
1.289, 1.541e-05
1.288, 1.536e-05
1.287, 1.527e-05
1.286, 1.522e-05
1.285, 1.514e-05
1.284, 1.506e-05
1.283, 1.499e-05
1.282, 1.491e-05
1.281, 1.484e-05
1.280, 1.475e-05
1.279, 1.466e-05
1.278, 1.459e-05
1.277, 1.448e-05
1.276, 1.440e-05
1.275, 1.429e-05
1.274, 1.422e-05
1.273, 1.411e-05
1.272, 1.399e-05
1.271, 1.391e-05
1.270, 1.378e-05
1.269, 1.369e-05
1.268, 1.357e-05
1.267, 1.344e-05
1.266, 1.335e-05
1.265, 1.318e-05
1.264, 1.308e-05
1.263, 1.293e-05
1.262, 1.278e-05
1.261, 1.267e-05
1.260, 1.249e-05
1.259, 1.237e-05
1.258, 1.222e-05
1.257, 1.203e-05
1.256, 1.189e-05
1.255, 1.166e-05
1.254, 1.152e-05
1.253, 1.135e-05
1.252, 1.115e-05
1.251, 1.098e-05
1.250, 1.077e-05
1.249, 1.060e-05
1.248, 1.038e-05
1.247, 1.015e-05
1.246, 9.959e-06
1.245, 9.717e-06
1.244, 9.496e-06
1.243, 9.244e-06
1.242, 9.040e-06
1.241, 8.796e-06
1.240, 8.497e-06
1.239, 8.261e-06
1.238, 7.968e-06
1.237, 7.685e-06
1.236, 7.406e-06
1.235, 7.089e-06
1.234, 6.837e-06
1.233, 6.479e-06
1.232, 6.154e-06
1.231, 5.872e-06
1.230, 5.497e-06
1.229, 5.447e-06
1.228, 4.957e-06
1.227, 4.540e-06
1.226, 4.230e-06
1.225, 3.801e-06
1.224, 3.449e-06
1.223, 3.020e-06
1.222, 2.618e-06
1.221, 2.265e-06
1.220, 1.785e-06
1.219, 1.431e-06
1.218, 9.772e-07
1.217, 5.259e-07
1.216, 2.114e-07
1.215, -3.654e-07
1.214, -7.557e-07
1.213, -1.250e-06
1.212, -1.772e-06
1.211, -2.182e-06
1.210, -2.743e-06
1.209, -3.171e-06
1.208, -3.691e-06
1.207, -4.230e-06
1.206, -4.688e-06
1.205, -5.235e-06
1.204, -5.730e-06
1.203, -6.416e-06
1.202, -6.868e-06
1.201, -7.356e-06
1.200, -7.969e-06
1.199, -8.442e-06
1.198, -9.037e-06
1.197, -9.558e-06
1.196, -1.006e-05
1.195, -1.072e-05
1.194, -1.113e-05
1.193, -1.177e-05
1.192, -1.232e-05
1.191, -1.277e-05
1.190, -1.338e-05
1.189, -1.382e-05
1.188, -1.446e-05
1.187, -1.501e-05
1.186, -1.546e-05
1.185, -1.611e-05
1.184, -1.651e-05
1.183, -1.713e-05
1.182, -1.765e-05
1.181, -1.807e-05
1.180, -1.869e-05
1.179, -1.908e-05
1.178, -1.960e-05
1.177, -2.008e-05
1.176, -2.049e-05
1.175, -2.104e-05
1.174, -2.138e-05
1.173, -2.185e-05
1.172, -2.233e-05
1.171, -2.268e-05
1.170, -2.314e-05
1.169, -2.345e-05
1.168, -2.388e-05
1.167, -2.429e-05
1.166, -2.457e-05
1.165, -2.489e-05
1.164, -2.517e-05
1.163, -2.554e-05
1.162, -2.585e-05
1.161, -2.610e-05
1.160, -2.642e-05
1.159, -2.662e-05
1.158, -2.689e-05
1.157, -2.712e-05
1.156, -2.731e-05
1.155, -2.758e-05
1.154, -2.768e-05
1.153, -2.790e-05
1.152, -2.816e-05
1.151, -2.823e-05
1.150, -2.841e-05
1.149, -2.842e-05
1.148, -2.857e-05
1.147, -2.868e-05
1.146, -2.869e-05
1.145, -2.882e-05
1.144, -2.880e-05
1.143, -2.890e-05
1.142, -2.892e-05
1.141, -2.890e-05
1.140, -2.895e-05
1.139, -2.884e-05
1.138, -2.890e-05
1.137, -2.889e-05
1.136, -2.881e-05
1.135, -2.885e-05
1.134, -2.875e-05
1.133, -2.873e-05
1.132, -2.868e-05
1.131, -2.858e-05
1.130, -2.854e-05
1.129, -2.841e-05
1.128, -2.836e-05
1.127, -2.830e-05
1.126, -2.817e-05
1.125, -2.809e-05
1.124, -2.794e-05
1.123, -2.784e-05
1.122, -2.772e-05
1.121, -2.756e-05
1.120, -2.746e-05
1.119, -2.729e-05
1.118, -2.716e-05
1.117, -2.702e-05
1.116, -2.685e-05
1.115, -2.674e-05
1.114, -2.650e-05
1.113, -2.639e-05
1.112, -2.623e-05
1.111, -2.607e-05
1.110, -2.594e-05
1.109, -2.573e-05
1.108, -2.561e-05
1.107, -2.542e-05
1.106, -2.524e-05
1.105, -2.510e-05
1.104, -2.490e-05
1.103, -2.476e-05
1.102, -2.459e-05
1.101, -2.442e-05
1.100, -2.427e-05
1.099, -2.405e-05
1.098, -2.390e-05
1.097, -2.374e-05
1.096, -2.353e-05
1.095, -2.338e-05
1.094, -2.318e-05
1.093, -2.302e-05
1.092, -2.285e-05
1.091, -2.266e-05
1.090, -2.251e-05
1.089, -2.231e-05
1.088, -2.212e-05
1.087, -2.198e-05
1.086, -2.179e-05
1.085, -2.164e-05
1.084, -2.146e-05
1.083, -2.132e-05
1.082, -2.114e-05
1.081, -2.096e-05
1.080, -2.083e-05
1.079, -2.063e-05
1.078, -2.048e-05
1.077, -2.033e-05
1.076, -2.014e-05
1.075, -2.001e-05
1.074, -1.982e-05
1.073, -1.969e-05
1.072, -1.954e-05
1.071, -1.937e-05
1.070, -1.924e-05
1.069, -1.906e-05
1.068, -1.894e-05
1.067, -1.878e-05
1.066, -1.861e-05
1.065, -1.850e-05
1.064, -1.833e-05
1.063, -1.817e-05
1.062, -1.804e-05
1.061, -1.789e-05
1.060, -1.778e-05
1.059, -1.761e-05
1.058, -1.749e-05
1.057, -1.736e-05
1.056, -1.721e-05
1.055, -1.709e-05
1.054, -1.694e-05
1.053, -1.682e-05
1.052, -1.670e-05
1.051, -1.656e-05
1.050, -1.646e-05
1.049, -1.632e-05
1.048, -1.619e-05
1.047, -1.608e-05
1.046, -1.594e-05
1.045, -1.583e-05
1.044, -1.571e-05
1.043, -1.559e-05
1.042, -1.548e-05
1.041, -1.535e-05
1.040, -1.526e-05
1.039, -1.512e-05
1.038, -1.502e-05
1.037, -1.491e-05
1.036, -1.480e-05
1.035, -1.471e-05
1.034, -1.458e-05
1.033, -1.449e-05
1.032, -1.439e-05
1.031, -1.427e-05
1.030, -1.419e-05
1.029, -1.407e-05
1.028, -1.398e-05
1.027, -1.389e-05
1.026, -1.378e-05
1.025, -1.370e-05
1.024, -1.356e-05
1.023, -1.351e-05
1.022, -1.342e-05
1.021, -1.332e-05
1.020, -1.325e-05
1.019, -1.314e-05
1.018, -1.306e-05
1.017, -1.299e-05
1.016, -1.289e-05
1.015, -1.282e-05
1.014, -1.272e-05
1.013, -1.264e-05
1.012, -1.257e-05
1.011, -1.248e-05
1.010, -1.241e-05
1.009, -1.232e-05
1.008, -1.225e-05
1.007, -1.218e-05
1.006, -1.209e-05
1.005, -1.203e-05
1.004, -1.195e-05
1.003, -1.187e-05
1.002, -1.181e-05
1.001, -1.172e-05
1.000, -1.168e-05
0.999, -1.160e-05
0.998, -1.152e-05
0.997, -1.146e-05
0.996, -1.138e-05
0.995, -1.133e-05
0.994, -1.125e-05
0.993, -1.120e-05
0.992, -1.113e-05
0.991, -1.106e-05
0.990, -1.101e-05
0.989, -1.093e-05
0.988, -1.088e-05
0.987, -1.082e-05
0.986, -1.073e-05
0.985, -1.070e-05
0.984, -1.063e-05
0.983, -1.057e-05
0.982, -1.052e-05
0.981, -1.045e-05
0.980, -1.041e-05
0.979, -1.034e-05
0.978, -1.029e-05
0.977, -1.024e-05
0.976, -1.018e-05
0.975, -1.013e-05
0.974, -1.007e-05
0.973, -1.001e-05
0.972, -9.979e-06
0.971, -9.910e-06
0.970, -9.871e-06
0.969, -9.811e-06
0.968, -9.766e-06
0.967, -9.723e-06
0.966, -9.659e-06
0.965, -9.624e-06
0.964, -9.571e-06
0.963, -9.524e-06
0.962, -9.478e-06
0.961, -9.425e-06
0.960, -9.381e-06
0.959, -9.330e-06
0.958, -9.290e-06
0.957, -9.250e-06
0.956, -9.197e-06
0.955, -9.167e-06
0.954, -9.107e-06
0.953, -9.071e-06
0.952, -9.038e-06
0.951, -8.972e-06
0.950, -8.950e-06
0.949, -8.895e-06
0.948, -8.870e-06
0.947, -8.834e-06
0.946, -8.764e-06
0.945, -8.743e-06
0.944, -8.689e-06
0.943, -8.655e-06
0.942, -8.626e-06
0.941, -8.569e-06
0.940, -8.550e-06
0.939, -8.497e-06
0.938, -8.453e-06
0.937, -8.435e-06
0.936, -8.384e-06
0.935, -8.349e-06
0.934, -8.306e-06
0.933, -8.274e-06
0.932, -8.250e-06
0.931, -8.202e-06
0.930, -8.178e-06
0.929, -8.136e-06
0.928, -8.103e-06
0.927, -8.078e-06
0.926, -8.024e-06
0.925, -8.006e-06
0.924, -7.965e-06
0.923, -7.932e-06
0.922, -7.910e-06
0.921, -7.859e-06
0.920, -7.846e-06
0.919, -7.791e-06
0.918, -7.769e-06
0.917, -7.741e-06
0.916, -7.698e-06
0.915, -7.687e-06
0.914, -7.633e-06
0.913, -7.617e-06
0.912, -7.591e-06
0.911, -7.543e-06
0.910, -7.529e-06
0.909, -7.476e-06
0.908, -7.466e-06
0.907, -7.439e-06
0.906, -7.396e-06
0.905, -7.384e-06
0.904, -7.349e-06
0.903, -7.323e-06
0.902, -7.298e-06
0.901, -7.260e-06
0.900, -7.254e-06
0.899, -7.214e-06
0.898, -7.184e-06
0.897, -7.168e-06
0.896, -7.144e-06
0.895, -7.116e-06
0.894, -7.078e-06
0.893, -7.060e-06
0.892, -7.037e-06
0.891, -6.998e-06
0.890, -6.985e-06
0.889, -6.951e-06
0.888, -6.934e-06
0.887, -6.909e-06
0.886, -6.869e-06
0.885, -6.862e-06
0.884, -6.821e-06
0.883, -6.805e-06
0.882, -6.788e-06
0.881, -6.753e-06
0.880, -6.746e-06
0.879, -6.709e-06
0.878, -6.695e-06
0.877, -6.671e-06
0.876, -6.643e-06
0.875, -6.638e-06
0.874, -6.595e-06
0.873, -6.583e-06
0.872, -6.565e-06
0.871, -6.526e-06
0.870, -6.526e-06
0.869, -6.486e-06
0.868, -6.478e-06
0.867, -6.457e-06
0.866, -6.423e-06
0.865, -6.423e-06
0.864, -6.390e-06
0.863, -6.377e-06
0.862, -6.356e-06
0.861, -6.326e-06
0.860, -6.323e-06
0.859, -6.293e-06
0.858, -6.262e-06
0.857, -6.257e-06
0.856, -6.233e-06
0.855, -6.225e-06
0.854, -6.195e-06
0.853, -6.180e-06
0.852, -6.171e-06
0.851, -6.142e-06
0.850, -6.132e-06
0.849, -6.105e-06
0.848, -6.097e-06
0.847, -6.077e-06
0.846, -6.048e-06
0.845, -6.058e-06
0.844, -6.024e-06
0.843, -6.010e-06
0.842, -5.991e-06
0.841, -5.966e-06
0.840, -5.965e-06
0.839, -5.934e-06
0.838, -5.931e-06
0.837, -5.911e-06
0.836, -5.897e-06
0.835, -5.889e-06
0.834, -5.855e-06
0.833, -5.860e-06
0.832, -5.826e-06
0.831, -5.815e-06
0.830, -5.814e-06
0.829, -5.789e-06
0.828, -5.785e-06
0.827, -5.767e-06
0.826, -5.740e-06
0.825, -5.746e-06
0.824, -5.722e-06
0.823, -5.712e-06
0.822, -5.702e-06
0.821, -5.678e-06
0.820, -5.660e-06
0.819, -5.637e-06
0.818, -5.643e-06
0.817, -5.631e-06
0.816, -5.617e-06
0.815, -5.620e-06
0.814, -5.594e-06
0.813, -5.587e-06
0.812, -5.576e-06
0.811, -5.557e-06
0.810, -5.563e-06
0.809, -5.539e-06
0.808, -5.541e-06
0.807, -5.510e-06
0.806, -5.503e-06
0.805, -5.509e-06
0.804, -5.490e-06
0.803, -5.493e-06
0.802, -5.472e-06
0.801, -5.462e-06
0.800, -5.467e-06
0.799, -5.445e-06
0.798, -5.448e-06
0.797, -5.431e-06
0.796, -5.425e-06
0.795, -5.429e-06
0.794, -5.418e-06
0.793, -5.412e-06
0.792, -5.399e-06
0.791, -5.388e-06
0.790, -5.389e-06
0.789, -5.372e-06
0.788, -5.375e-06
0.787, -5.368e-06
0.786, -5.345e-06
0.785, -5.362e-06
0.784, -5.341e-06
0.783, -5.342e-06
0.782, -5.331e-06
0.781, -5.306e-06
0.780, -5.330e-06
0.779, -5.312e-06
0.778, -5.308e-06
0.777, -5.302e-06
0.776, -5.288e-06
0.775, -5.294e-06
0.774, -5.274e-06
0.773, -5.276e-06
0.772, -5.272e-06
0.771, -5.257e-06
0.770, -5.255e-06
0.769, -5.243e-06
0.768, -5.245e-06
0.767, -5.229e-06
0.766, -5.217e-06
0.765, -5.222e-06
0.764, -5.207e-06
0.763, -5.211e-06
0.762, -5.187e-06
0.761, -5.179e-06
0.760, -5.185e-06
0.759, -5.160e-06
0.758, -5.162e-06
0.757, -5.143e-06
0.756, -5.126e-06
0.755, -5.135e-06
0.754, -5.108e-06
0.753, -5.109e-06
0.752, -5.094e-06
0.751, -5.079e-06
0.750, -5.080e-06
0.749, -5.055e-06
0.748, -5.058e-06
0.747, -5.044e-06
0.746, -5.013e-06
0.745, -5.026e-06
0.744, -5.002e-06
0.743, -5.011e-06
0.742, -4.984e-06
0.741, -4.965e-06
0.740, -4.966e-06
0.739, -4.942e-06
0.738, -4.937e-06
0.737, -4.922e-06
0.736, -4.901e-06
0.735, -4.899e-06
0.734, -4.876e-06
0.733, -4.873e-06
0.732, -4.861e-06
0.731, -4.837e-06
0.730, -4.822e-06
0.729, -4.815e-06
0.728, -4.808e-06
0.727, -4.791e-06
0.726, -4.771e-06
0.725, -4.773e-06
0.724, -4.752e-06
0.723, -4.748e-06
0.722, -4.726e-06
0.721, -4.713e-06
0.720, -4.713e-06
0.719, -4.687e-06
0.718, -4.682e-06
0.717, -4.677e-06
0.716, -4.653e-06
0.715, -4.645e-06
0.714, -4.618e-06
0.713, -4.619e-06
0.712, -4.605e-06
0.711, -4.580e-06
0.710, -4.581e-06
0.709, -4.559e-06
0.708, -4.559e-06
0.707, -4.540e-06
0.706, -4.520e-06
0.705, -4.522e-06
0.704, -4.491e-06
0.703, -4.496e-06
0.702, -4.477e-06
0.701, -4.460e-06
0.700, -4.466e-06
0.699, -4.443e-06
0.698, -4.434e-06
0.697, -4.422e-06
0.696, -4.407e-06
0.695, -4.407e-06
0.694, -4.384e-06
0.693, -4.377e-06
0.692, -4.381e-06
0.691, -4.355e-06
0.690, -4.350e-06
0.689, -4.327e-06
0.688, -4.328e-06
0.687, -4.311e-06
0.686, -4.292e-06
0.685, -4.288e-06
0.684, -4.278e-06
0.683, -4.275e-06
0.682, -4.251e-06
0.681, -4.240e-06
0.680, -4.246e-06
0.679, -4.210e-06
0.678, -4.216e-06
0.677, -4.201e-06
0.676, -4.192e-06
0.675, -4.183e-06
0.674, -4.167e-06
0.673, -4.168e-06
0.672, -4.148e-06
0.671, -4.137e-06
0.670, -4.136e-06
0.669, -4.114e-06
0.668, -4.118e-06
0.667, -4.105e-06
0.666, -4.086e-06
0.665, -4.093e-06
0.664, -4.073e-06
0.663, -4.072e-06
0.662, -4.059e-06
0.661, -4.044e-06
0.660, -4.050e-06
0.659, -4.031e-06
0.658, -4.027e-06
0.657, -4.016e-06
0.656, -4.006e-06
0.655, -4.006e-06
0.654, -3.986e-06
0.653, -3.974e-06
0.652, -3.975e-06
0.651, -3.956e-06
0.650, -3.952e-06
0.649, -3.942e-06
0.648, -3.942e-06
0.647, -3.923e-06
0.646, -3.911e-06
0.645, -3.914e-06
0.644, -3.899e-06
0.643, -3.895e-06
0.642, -3.882e-06
0.641, -3.874e-06
0.640, -3.888e-06
0.639, -3.861e-06
0.638, -3.858e-06
0.637, -3.844e-06
0.636, -3.835e-06
0.635, -3.836e-06
0.634, -3.811e-06
0.633, -3.819e-06
0.632, -3.809e-06
0.631, -3.790e-06
0.630, -3.796e-06
0.629, -3.776e-06
0.628, -3.777e-06
0.627, -3.762e-06
0.626, -3.751e-06
0.625, -3.758e-06
0.624, -3.741e-06
0.623, -3.744e-06
0.622, -3.731e-06
0.621, -3.716e-06
0.620, -3.728e-06
0.619, -3.705e-06
0.618, -3.699e-06
0.617, -3.694e-06
0.616, -3.685e-06
0.615, -3.661e-06
0.614, -3.660e-06
0.613, -3.659e-06
0.612, -3.655e-06
0.611, -3.645e-06
0.610, -3.646e-06
0.609, -3.624e-06
0.608, -3.632e-06
0.607, -3.617e-06
0.606, -3.612e-06
0.605, -3.612e-06
0.604, -3.601e-06
0.603, -3.598e-06
0.602, -3.573e-06
0.601, -3.574e-06
0.600, -3.580e-06
0.599, -3.561e-06
0.598, -3.564e-06
0.597, -3.548e-06
0.596, -3.544e-06
0.595, -3.548e-06
0.594, -3.526e-06
0.593, -3.533e-06
0.592, -3.521e-06
0.591, -3.516e-06
0.590, -3.517e-06
0.589, -3.509e-06
0.588, -3.508e-06
0.587, -3.494e-06
0.586, -3.482e-06
0.585, -3.491e-06
0.584, -3.473e-06
0.583, -3.475e-06
0.582, -3.461e-06
0.581, -3.452e-06
0.580, -3.462e-06
0.579, -3.441e-06
0.578, -3.440e-06
0.577, -3.430e-06
0.576, -3.416e-06
0.575, -3.425e-06
0.574, -3.410e-06
0.573, -3.412e-06
0.572, -3.405e-06
0.571, -3.395e-06
0.570, -3.397e-06
0.569, -3.383e-06
0.568, -3.392e-06
0.567, -3.375e-06
0.566, -3.373e-06
0.565, -3.368e-06
0.564, -3.356e-06
0.563, -3.363e-06
0.562, -3.342e-06
0.561, -3.345e-06
0.560, -3.347e-06
0.559, -3.328e-06
0.558, -3.333e-06
0.557, -3.320e-06
0.556, -3.320e-06
0.555, -3.320e-06
0.554, -3.302e-06
0.553, -3.308e-06
0.552, -3.297e-06
0.551, -3.287e-06
0.550, -3.290e-06
0.549, -3.278e-06
0.548, -3.286e-06
0.547, -3.272e-06
0.546, -3.267e-06
0.545, -3.269e-06
0.544, -3.254e-06
0.543, -3.256e-06
0.542, -3.246e-06
0.541, -3.245e-06
0.540, -3.248e-06
0.539, -3.234e-06
0.538, -3.242e-06
0.537, -3.225e-06
0.536, -3.226e-06
0.535, -3.219e-06
0.534, -3.210e-06
0.533, -3.208e-06
0.532, -3.198e-06
0.531, -3.198e-06
0.530, -3.195e-06
0.529, -3.183e-06
0.528, -3.187e-06
0.527, -3.173e-06
0.526, -3.173e-06
0.525, -3.163e-06
0.524, -3.159e-06
0.523, -3.164e-06
0.522, -3.146e-06
0.521, -3.151e-06
0.520, -3.152e-06
0.519, -3.138e-06
0.518, -3.139e-06
0.517, -3.126e-06
0.516, -3.131e-06
0.515, -3.128e-06
0.514, -3.113e-06
0.513, -3.122e-06
0.512, -3.117e-06
0.511, -3.108e-06
0.510, -3.109e-06
0.509, -3.093e-06
0.508, -3.100e-06
0.507, -3.087e-06
0.506, -3.085e-06
0.505, -3.085e-06
0.504, -3.072e-06
0.503, -3.075e-06
0.502, -3.061e-06
0.501, -3.064e-06
0.500, -3.060e-06
0.499, -3.047e-06
0.498, -3.049e-06
0.497, -3.039e-06
0.496, -3.043e-06
0.495, -3.042e-06
0.494, -3.028e-06
0.493, -3.030e-06
0.492, -3.019e-06
0.491, -3.023e-06
0.490, -3.018e-06
0.489, -3.007e-06
0.488, -3.014e-06
0.487, -3.010e-06
0.486, -3.000e-06
0.485, -3.001e-06
0.484, -2.989e-06
0.483, -2.991e-06
0.482, -2.978e-06
0.481, -2.981e-06
0.480, -2.976e-06
0.479, -2.963e-06
0.478, -2.972e-06
0.477, -2.949e-06
0.476, -2.960e-06
0.475, -2.960e-06
0.474, -2.928e-06
0.473, -2.948e-06
0.472, -2.934e-06
0.471, -2.938e-06
0.470, -2.934e-06
0.469, -2.922e-06
0.468, -2.928e-06
0.467, -2.914e-06
0.466, -2.914e-06
0.465, -2.912e-06
0.464, -2.905e-06
0.463, -2.908e-06
0.462, -2.890e-06
0.461, -2.889e-06
0.460, -2.897e-06
0.459, -2.882e-06
0.458, -2.883e-06
0.457, -2.874e-06
0.456, -2.875e-06
0.455, -2.873e-06
0.454, -2.857e-06
0.453, -2.865e-06
0.452, -2.854e-06
0.451, -2.852e-06
0.450, -2.852e-06
0.449, -2.843e-06
0.448, -2.834e-06
0.447, -2.834e-06
0.446, -2.831e-06
0.445, -2.829e-06
0.444, -2.821e-06
0.443, -2.826e-06
0.442, -2.807e-06
0.441, -2.811e-06
0.440, -2.814e-06
0.439, -2.798e-06
0.438, -2.805e-06
0.437, -2.791e-06
0.436, -2.800e-06
0.435, -2.801e-06
0.434, -2.781e-06
0.433, -2.787e-06
0.432, -2.773e-06
0.431, -2.775e-06
0.430, -2.774e-06
0.429, -2.758e-06
0.428, -2.772e-06
0.427, -2.756e-06
0.426, -2.750e-06
0.425, -2.759e-06
0.424, -2.745e-06
0.423, -2.740e-06
0.422, -2.735e-06
0.421, -2.730e-06
0.420, -2.737e-06
0.419, -2.724e-06
0.418, -2.725e-06
0.417, -2.719e-06
0.416, -2.716e-06
0.415, -2.718e-06
0.414, -2.703e-06
0.413, -2.708e-06
0.412, -2.699e-06
0.411, -2.699e-06
0.410, -2.660e-06
0.409, -2.680e-06
0.408, -2.687e-06
0.407, -2.679e-06
0.406, -2.676e-06
0.405, -2.676e-06
0.404, -2.665e-06
0.403, -2.675e-06
0.402, -2.660e-06
0.401, -2.659e-06
0.400, -2.664e-06
0.399, -2.650e-06
0.398, -2.657e-06
0.397, -2.636e-06
0.396, -2.645e-06
0.395, -2.645e-06
0.394, -2.629e-06
0.393, -2.641e-06
0.392, -2.630e-06
0.391, -2.629e-06
0.390, -2.630e-06
0.389, -2.618e-06
0.388, -2.627e-06
0.387, -2.617e-06
0.386, -2.610e-06
0.385, -2.617e-06
0.384, -2.615e-06
0.383, -2.612e-06
0.382, -2.599e-06
0.381, -2.597e-06
0.380, -2.601e-06
0.379, -2.593e-06
0.378, -2.594e-06
0.377, -2.583e-06
0.376, -2.585e-06
0.375, -2.590e-06
0.374, -2.576e-06
0.373, -2.580e-06
0.372, -2.571e-06
0.371, -2.568e-06
0.370, -2.572e-06
0.369, -2.561e-06
0.368, -2.570e-06
0.367, -2.558e-06
0.366, -2.558e-06
0.365, -2.558e-06
0.364, -2.553e-06
0.363, -2.559e-06
0.362, -2.545e-06
0.361, -2.546e-06
0.360, -2.549e-06
0.359, -2.535e-06
0.358, -2.546e-06
0.357, -2.534e-06
0.356, -2.536e-06
0.355, -2.537e-06
0.354, -2.523e-06
0.353, -2.536e-06
0.352, -2.524e-06
0.351, -2.522e-06
0.350, -2.526e-06
0.349, -2.513e-06
0.348, -2.523e-06
0.347, -2.512e-06
0.346, -2.503e-06
0.345, -2.515e-06
0.344, -2.504e-06
0.343, -2.516e-06
0.342, -2.500e-06
0.341, -2.499e-06
0.340, -2.505e-06
0.339, -2.494e-06
0.338, -2.498e-06
0.337, -2.492e-06
0.336, -2.494e-06
0.335, -2.493e-06
0.334, -2.481e-06
0.333, -2.498e-06
0.332, -2.485e-06
0.331, -2.485e-06
0.330, -2.480e-06
0.329, -2.470e-06
0.328, -2.483e-06
0.327, -2.467e-06
0.326, -2.471e-06
0.325, -2.473e-06
0.324, -2.462e-06
0.323, -2.469e-06
0.322, -2.457e-06
0.321, -2.463e-06
0.320, -2.452e-06
0.319, -2.447e-06
0.318, -2.457e-06
0.317, -2.443e-06
0.316, -2.451e-06
0.315, -2.448e-06
0.314, -2.436e-06
0.313, -2.447e-06
0.312, -2.441e-06
0.311, -2.435e-06
0.310, -2.436e-06
0.309, -2.427e-06
0.308, -2.442e-06
0.307, -2.429e-06
0.306, -2.426e-06
0.305, -2.427e-06
0.304, -2.417e-06
0.303, -2.425e-06
0.302, -2.414e-06
0.301, -2.414e-06
0.300, -2.415e-06
0.299, -2.406e-06
0.298, -2.412e-06
0.297, -2.404e-06
0.296, -2.408e-06
0.295, -2.397e-06
0.294, -2.394e-06
0.293, -2.401e-06
0.292, -2.390e-06
0.291, -2.396e-06
0.290, -2.386e-06
0.289, -2.383e-06
0.288, -2.389e-06
0.287, -2.378e-06
0.286, -2.380e-06
0.285, -2.375e-06
0.284, -2.369e-06
0.283, -2.375e-06
0.282, -2.371e-06
0.281, -2.370e-06
0.280, -2.363e-06
0.279, -2.355e-06
0.278, -2.363e-06
0.277, -2.351e-06
0.276, -2.357e-06
0.275, -2.350e-06
0.274, -2.341e-06
0.273, -2.350e-06
0.272, -2.340e-06
0.271, -2.341e-06
0.270, -2.337e-06
0.269, -2.322e-06
0.268, -2.338e-06
0.267, -2.325e-06
0.266, -2.327e-06
0.265, -2.327e-06
0.264, -2.317e-06
0.263, -2.325e-06
0.262, -2.311e-06
0.261, -2.316e-06
0.260, -2.315e-06
0.259, -2.305e-06
0.258, -2.310e-06
0.257, -2.302e-06
0.256, -2.306e-06
0.255, -2.298e-06
0.254, -2.293e-06
0.253, -2.301e-06
0.252, -2.290e-06
0.251, -2.295e-06
0.250, -2.286e-06
0.249, -2.283e-06
0.248, -2.289e-06
0.247, -2.280e-06
0.246, -2.281e-06
0.245, -2.275e-06
0.244, -2.268e-06
0.243, -2.276e-06
0.242, -2.265e-06
0.241, -2.273e-06
0.240, -2.264e-06
0.239, -2.259e-06
0.238, -2.264e-06
0.237, -2.256e-06
0.236, -2.261e-06
0.235, -2.255e-06
0.234, -2.246e-06
0.233, -2.256e-06
0.232, -2.246e-06
0.231, -2.258e-06
0.230, -2.245e-06
0.229, -2.235e-06
0.228, -2.246e-06
0.227, -2.234e-06
0.226, -2.236e-06
0.225, -2.233e-06
0.224, -2.226e-06
0.223, -2.233e-06
0.222, -2.222e-06
0.221, -2.224e-06
0.220, -2.225e-06
0.219, -2.218e-06
0.218, -2.214e-06
0.217, -2.210e-06
0.216, -2.220e-06
0.215, -2.211e-06
0.214, -2.204e-06
0.213, -2.212e-06
0.212, -2.203e-06
0.211, -2.209e-06
0.210, -2.196e-06
0.209, -2.197e-06
0.208, -2.202e-06
0.207, -2.193e-06
0.206, -2.196e-06
0.205, -2.172e-06
0.204, -2.186e-06
0.203, -2.195e-06
0.202, -2.179e-06
0.201, -2.187e-06
0.200, -2.185e-06
0.199, -2.176e-06
0.198, -2.184e-06
0.197, -2.174e-06
0.196, -2.182e-06
0.195, -2.174e-06
0.194, -2.166e-06
0.193, -2.176e-06
0.192, -2.160e-06
0.191, -2.169e-06
0.190, -2.166e-06
0.189, -2.160e-06
0.188, -2.169e-06
0.187, -2.158e-06
0.186, -2.159e-06
0.185, -2.159e-06
0.184, -2.153e-06
0.183, -2.160e-06
0.182, -2.151e-06
0.181, -2.153e-06
0.180, -2.156e-06
0.179, -2.150e-06
0.178, -2.149e-06
0.177, -2.145e-06
0.176, -2.149e-06
0.175, -2.142e-06
0.174, -2.138e-06
0.173, -2.142e-06
0.172, -2.138e-06
0.171, -2.140e-06
0.170, -2.133e-06
0.169, -2.131e-06
0.168, -2.136e-06
0.167, -2.123e-06
0.166, -2.131e-06
0.165, -2.126e-06
0.164, -2.124e-06
0.163, -2.129e-06
0.162, -2.118e-06
0.161, -2.124e-06
0.160, -2.121e-06
0.159, -2.114e-06
0.158, -2.122e-06
0.157, -2.109e-06
0.156, -2.116e-06
0.155, -2.113e-06
0.154, -2.106e-06
0.153, -2.113e-06
0.152, -2.106e-06
0.151, -2.107e-06
0.150, -2.103e-06
0.149, -2.098e-06
0.148, -2.107e-06
0.147, -2.100e-06
0.146, -2.098e-06
0.145, -2.098e-06
0.144, -2.089e-06
0.143, -2.099e-06
0.142, -2.089e-06
0.141, -2.088e-06
0.140, -2.092e-06
0.139, -2.084e-06
0.138, -2.088e-06
0.137, -2.083e-06
0.136, -2.087e-06
0.135, -2.083e-06
0.134, -2.076e-06
0.133, -2.082e-06
0.132, -2.076e-06
0.131, -2.078e-06
0.130, -2.077e-06
0.129, -2.071e-06
0.128, -2.087e-06
0.127, -2.070e-06
0.126, -2.070e-06
0.125, -2.067e-06
0.124, -2.069e-06
0.123, -2.072e-06
0.122, -2.059e-06
0.121, -2.063e-06
0.120, -2.065e-06
0.119, -2.059e-06
0.118, -2.062e-06
0.117, -2.055e-06
0.116, -2.055e-06
0.115, -2.052e-06
0.114, -2.047e-06
0.113, -2.059e-06
0.112, -2.047e-06
0.111, -2.051e-06
0.110, -2.046e-06
0.109, -2.043e-06
0.108, -2.050e-06
0.107, -2.037e-06
0.106, -2.043e-06
0.105, -2.044e-06
0.104, -2.037e-06
0.103, -2.049e-06
0.102, -2.036e-06
0.101, -2.038e-06
0.100, -2.036e-06
0.099, -2.032e-06
0.098, -2.035e-06
0.097, -2.027e-06
0.096, -2.031e-06
0.095, -2.029e-06
0.094, -2.025e-06
0.093, -2.028e-06
0.092, -2.025e-06
0.091, -2.026e-06
0.090, -2.013e-06
0.089, -2.018e-06
0.088, -2.025e-06
0.087, -2.016e-06
0.086, -2.018e-06
0.085, -2.011e-06
0.084, -2.011e-06
0.083, -2.017e-06
0.082, -2.008e-06
0.081, -2.011e-06
0.080, -2.009e-06
0.079, -2.006e-06
0.078, -2.011e-06
0.077, -2.010e-06
0.076, -2.007e-06
0.075, -2.005e-06
0.074, -1.998e-06
0.073, -2.005e-06
0.072, -1.998e-06
0.071, -2.000e-06
0.070, -1.996e-06
0.069, -1.992e-06
0.068, -1.999e-06
0.067, -1.991e-06
0.066, -1.994e-06
0.065, -1.988e-06
0.064, -1.983e-06
0.063, -1.990e-06
0.062, -1.983e-06
0.061, -1.988e-06
0.060, -1.985e-06
0.059, -1.984e-06
0.058, -1.984e-06
0.057, -1.981e-06
0.056, -1.982e-06
0.055, -1.978e-06
0.054, -1.977e-06
0.053, -1.978e-06
0.052, -1.973e-06
0.051, -1.979e-06
0.050, -1.970e-06
0.049, -1.974e-06
0.048, -1.972e-06
0.047, -1.968e-06
0.046, -1.974e-06
0.045, -1.965e-06
0.044, -1.970e-06
0.043, -1.970e-06
0.042, -1.959e-06
0.041, -1.969e-06
0.040, -1.963e-06
0.039, -1.958e-06
0.038, -1.963e-06
0.037, -1.955e-06
0.036, -1.964e-06
0.035, -1.959e-06
0.034, -1.958e-06
0.033, -1.960e-06
0.032, -1.956e-06
0.031, -1.957e-06
0.030, -1.952e-06
0.029, -1.954e-06
0.028, -1.958e-06
0.027, -1.953e-06
0.026, -1.958e-06
0.025, -1.951e-06
0.024, -1.953e-06
0.023, -1.952e-06
0.022, -1.947e-06
0.021, -1.953e-06
0.020, -1.945e-06
0.019, -1.946e-06
0.018, -1.948e-06
0.017, -1.943e-06
0.016, -1.949e-06
0.015, -1.938e-06
0.014, -1.943e-06
0.013, -1.937e-06
0.012, -1.938e-06
0.011, -1.947e-06
0.010, -1.933e-06
0.009, -1.941e-06
0.008, -1.942e-06
0.007, -1.931e-06
0.006, -1.939e-06
0.005, -1.933e-06
0.004, -1.938e-06
0.003, -1.939e-06
0.002, -1.930e-06
0.001, -1.935e-06
0.000, -1.906e-06
-0.001, -1.931e-06
-0.002, -1.933e-06
-0.003, -1.928e-06
-0.004, -1.934e-06
-0.005, -1.926e-06
-0.006, -1.926e-06
-0.007, -1.931e-06
-0.008, -1.924e-06
-0.009, -1.933e-06
-0.010, -1.925e-06
-0.011, -1.924e-06
-0.012, -1.926e-06
-0.013, -1.922e-06
-0.014, -1.926e-06
-0.015, -1.921e-06
-0.016, -1.925e-06
-0.017, -1.927e-06
-0.018, -1.917e-06
-0.019, -1.924e-06
-0.020, -1.921e-06
-0.021, -1.924e-06
-0.022, -1.924e-06
-0.023, -1.917e-06
-0.024, -1.925e-06
-0.025, -1.924e-06
-0.026, -1.920e-06
-0.027, -1.923e-06
-0.028, -1.918e-06
-0.029, -1.923e-06
-0.030, -1.913e-06
-0.031, -1.917e-06
-0.032, -1.922e-06
-0.033, -1.912e-06
-0.034, -1.923e-06
-0.035, -1.914e-06
-0.036, -1.916e-06
-0.037, -1.923e-06
-0.038, -1.905e-06
-0.039, -1.920e-06
-0.040, -1.913e-06
-0.041, -1.913e-06
-0.042, -1.917e-06
-0.043, -1.909e-06
-0.044, -1.918e-06
-0.045, -1.913e-06
-0.046, -1.912e-06
-0.047, -1.918e-06
-0.048, -1.912e-06
-0.049, -1.919e-06
-0.050, -1.910e-06
-0.051, -1.912e-06
-0.052, -1.917e-06
-0.053, -1.912e-06
-0.054, -1.913e-06
-0.055, -1.912e-06
-0.056, -1.914e-06
-0.057, -1.916e-06
-0.058, -1.908e-06
-0.059, -1.915e-06
-0.060, -1.915e-06
-0.061, -1.912e-06
-0.062, -1.914e-06
-0.063, -1.912e-06
-0.064, -1.911e-06
-0.065, -1.909e-06
-0.066, -1.911e-06
-0.067, -1.916e-06
-0.068, -1.910e-06
-0.069, -1.918e-06
-0.070, -1.906e-06
-0.071, -1.913e-06
-0.072, -1.917e-06
-0.073, -1.908e-06
-0.074, -1.917e-06
-0.075, -1.909e-06
-0.076, -1.917e-06
-0.077, -1.921e-06
-0.078, -1.907e-06
-0.079, -1.918e-06
-0.080, -1.913e-06
-0.081, -1.913e-06
-0.082, -1.917e-06
-0.083, -1.909e-06
-0.084, -1.918e-06
-0.085, -1.915e-06
-0.086, -1.910e-06
-0.087, -1.917e-06
-0.088, -1.913e-06
-0.089, -1.915e-06
-0.090, -1.909e-06
-0.091, -1.912e-06
-0.092, -1.919e-06
-0.093, -1.911e-06
-0.094, -1.914e-06
-0.095, -1.912e-06
-0.096, -1.914e-06
-0.097, -1.918e-06
-0.098, -1.910e-06
-0.099, -1.918e-06
-0.100, -1.911e-06
-0.101, -1.916e-06
-0.102, -1.923e-06
-0.103, -1.913e-06
-0.104, -1.921e-06
-0.105, -1.912e-06
-0.106, -1.914e-06
-0.107, -1.916e-06
-0.108, -1.912e-06
-0.109, -1.920e-06
-0.110, -1.913e-06
-0.111, -1.917e-06
-0.112, -1.919e-06
-0.113, -1.910e-06
-0.114, -1.921e-06
-0.115, -1.906e-06
-0.116, -1.915e-06
-0.117, -1.918e-06
-0.118, -1.908e-06
-0.119, -1.924e-06
-0.120, -1.912e-06
-0.121, -1.917e-06
-0.122, -1.918e-06
-0.123, -1.911e-06
-0.124, -1.923e-06
-0.125, -1.914e-06
-0.126, -1.914e-06
-0.127, -1.920e-06
-0.128, -1.919e-06
-0.129, -1.922e-06
-0.130, -1.914e-06
-0.131, -1.916e-06
-0.132, -1.920e-06
-0.133, -1.911e-06
-0.134, -1.919e-06
-0.135, -1.914e-06
-0.136, -1.918e-06
-0.137, -1.917e-06
-0.138, -1.913e-06
-0.139, -1.921e-06
-0.140, -1.912e-06
-0.141, -1.917e-06
-0.142, -1.918e-06
-0.143, -1.912e-06
-0.144, -1.924e-06
-0.145, -1.916e-06
-0.146, -1.918e-06
-0.147, -1.918e-06
-0.148, -1.917e-06
-0.149, -1.925e-06
-0.150, -1.914e-06
-0.151, -1.922e-06
-0.152, -1.921e-06
-0.153, -1.915e-06
-0.154, -1.923e-06
-0.155, -1.918e-06
-0.156, -1.923e-06
-0.157, -1.921e-06
-0.158, -1.913e-06
-0.159, -1.927e-06
-0.160, -1.920e-06
-0.161, -1.925e-06
-0.162, -1.922e-06
-0.163, -1.918e-06
-0.164, -1.927e-06
-0.165, -1.921e-06
-0.166, -1.917e-06
-0.167, -1.922e-06
-0.168, -1.921e-06
-0.169, -1.928e-06
-0.170, -1.919e-06
-0.171, -1.924e-06
-0.172, -1.926e-06
-0.173, -1.922e-06
-0.174, -1.929e-06
-0.175, -1.923e-06
-0.176, -1.929e-06
-0.177, -1.927e-06
-0.178, -1.922e-06
-0.179, -1.939e-06
-0.180, -1.926e-06
-0.181, -1.930e-06
-0.182, -1.926e-06
-0.183, -1.925e-06
-0.184, -1.935e-06
-0.185, -1.925e-06
-0.186, -1.931e-06
-0.187, -1.927e-06
-0.188, -1.927e-06
-0.189, -1.937e-06
-0.190, -1.924e-06
-0.191, -1.935e-06
-0.192, -1.926e-06
-0.193, -1.927e-06
-0.194, -1.932e-06
-0.195, -1.927e-06
-0.196, -1.936e-06
-0.197, -1.933e-06
-0.198, -1.927e-06
-0.199, -1.937e-06
-0.200, -1.929e-06
-0.201, -1.935e-06
-0.202, -1.934e-06
-0.203, -1.928e-06
-0.204, -1.928e-06
-0.205, -1.924e-06
-0.206, -1.933e-06
-0.207, -1.934e-06
-0.208, -1.931e-06
-0.209, -1.941e-06
-0.210, -1.930e-06
-0.211, -1.935e-06
-0.212, -1.934e-06
-0.213, -1.931e-06
-0.214, -1.937e-06
-0.215, -1.935e-06
-0.216, -1.939e-06
-0.217, -1.931e-06
-0.218, -1.931e-06
-0.219, -1.938e-06
-0.220, -1.935e-06
-0.221, -1.942e-06
-0.222, -1.933e-06
-0.223, -1.935e-06
-0.224, -1.942e-06
-0.225, -1.936e-06
-0.226, -1.940e-06
-0.227, -1.937e-06
-0.228, -1.937e-06
-0.229, -1.945e-06
-0.230, -1.941e-06
-0.231, -1.943e-06
-0.232, -1.942e-06
-0.233, -1.936e-06
-0.234, -1.945e-06
-0.235, -1.937e-06
-0.236, -1.947e-06
-0.237, -1.941e-06
-0.238, -1.938e-06
-0.239, -1.946e-06
-0.240, -1.940e-06
-0.241, -1.944e-06
-0.242, -1.944e-06
-0.243, -1.934e-06
-0.244, -1.947e-06
-0.245, -1.941e-06
-0.246, -1.945e-06
-0.247, -1.945e-06
-0.248, -1.941e-06
-0.249, -1.951e-06
-0.250, -1.941e-06
-0.251, -1.949e-06
-0.252, -1.947e-06
-0.253, -1.944e-06
-0.254, -1.949e-06
-0.255, -1.945e-06
-0.256, -1.949e-06
-0.257, -1.949e-06
-0.258, -1.945e-06
-0.259, -1.949e-06
-0.260, -1.946e-06
-0.261, -1.954e-06
-0.262, -1.948e-06
-0.263, -1.945e-06
-0.264, -1.955e-06
-0.265, -1.949e-06
-0.266, -1.955e-06
-0.267, -1.950e-06
-0.268, -1.948e-06
-0.269, -1.954e-06
-0.270, -1.949e-06
-0.271, -1.956e-06
-0.272, -1.954e-06
-0.273, -1.954e-06
-0.274, -1.957e-06
-0.275, -1.956e-06
-0.276, -1.960e-06
-0.277, -1.957e-06
-0.278, -1.952e-06
-0.279, -1.961e-06
-0.280, -1.960e-06
-0.281, -1.968e-06
-0.282, -1.960e-06
-0.283, -1.956e-06
-0.284, -1.967e-06
-0.285, -1.959e-06
-0.286, -1.964e-06
-0.287, -1.964e-06
-0.288, -1.962e-06
-0.289, -1.968e-06
-0.290, -1.962e-06
-0.291, -1.967e-06
-0.292, -1.967e-06
-0.293, -1.966e-06
-0.294, -1.962e-06
-0.295, -1.965e-06
-0.296, -1.970e-06
-0.297, -1.969e-06
-0.298, -1.967e-06
-0.299, -1.973e-06
-0.300, -1.970e-06
-0.301, -1.976e-06
-0.302, -1.970e-06
-0.303, -1.971e-06
-0.304, -1.976e-06
-0.305, -1.972e-06
-0.306, -1.978e-06
-0.307, -1.984e-06
-0.308, -1.976e-06
-0.309, -1.985e-06
-0.310, -1.974e-06
-0.311, -1.982e-06
-0.312, -1.984e-06
-0.313, -1.977e-06
-0.314, -1.987e-06
-0.315, -1.979e-06
-0.316, -1.988e-06
-0.317, -1.987e-06
-0.318, -1.983e-06
-0.319, -1.991e-06
-0.320, -1.979e-06
-0.321, -1.991e-06
-0.322, -1.991e-06
-0.323, -1.986e-06
-0.324, -1.998e-06
-0.325, -1.987e-06
-0.326, -1.993e-06
-0.327, -1.993e-06
-0.328, -1.997e-06
-0.329, -2.001e-06
-0.330, -1.993e-06
-0.331, -1.998e-06
-0.332, -2.008e-06
-0.333, -2.000e-06
-0.334, -2.004e-06
-0.335, -2.000e-06
-0.336, -2.009e-06
-0.337, -2.006e-06
-0.338, -2.004e-06
-0.339, -2.009e-06
-0.340, -2.007e-06
-0.341, -2.014e-06
-0.342, -2.011e-06
-0.343, -2.008e-06
-0.344, -2.018e-06
-0.345, -2.008e-06
-0.346, -2.016e-06
-0.347, -2.013e-06
-0.348, -2.018e-06
-0.349, -2.025e-06
-0.350, -2.016e-06
-0.351, -2.022e-06
-0.352, -2.022e-06
-0.353, -2.021e-06
-0.354, -2.029e-06
-0.355, -2.024e-06
-0.356, -2.032e-06
-0.357, -2.028e-06
-0.358, -2.024e-06
-0.359, -2.036e-06
-0.360, -2.028e-06
-0.361, -2.039e-06
-0.362, -2.035e-06
-0.363, -2.033e-06
-0.364, -2.044e-06
-0.365, -2.038e-06
-0.366, -2.042e-06
-0.367, -2.041e-06
-0.368, -2.040e-06
-0.369, -2.051e-06
-0.370, -2.045e-06
-0.371, -2.045e-06
-0.372, -2.050e-06
-0.373, -2.053e-06
-0.374, -2.055e-06
-0.375, -2.051e-06
-0.376, -2.061e-06
-0.377, -2.058e-06
-0.378, -2.059e-06
-0.379, -2.065e-06
-0.380, -2.064e-06
-0.381, -2.071e-06
-0.382, -2.063e-06
-0.383, -2.068e-06
-0.384, -2.086e-06
-0.385, -2.072e-06
-0.386, -2.078e-06
-0.387, -2.075e-06
-0.388, -2.082e-06
-0.389, -2.086e-06
-0.390, -2.077e-06
-0.391, -2.091e-06
-0.392, -2.090e-06
-0.393, -2.088e-06
-0.394, -2.094e-06
-0.395, -2.091e-06
-0.396, -2.099e-06
-0.397, -2.095e-06
-0.398, -2.098e-06
-0.399, -2.108e-06
-0.400, -2.105e-06
-0.401, -2.114e-06
-0.402, -2.107e-06
-0.403, -2.114e-06
-0.404, -2.121e-06
-0.405, -2.118e-06
-0.406, -2.123e-06
-0.407, -2.122e-06
-0.408, -2.128e-06
-0.409, -2.112e-06
-0.410, -2.120e-06
-0.411, -2.135e-06
-0.412, -2.133e-06
-0.413, -2.140e-06
-0.414, -2.142e-06
-0.415, -2.144e-06
-0.416, -2.149e-06
-0.417, -2.148e-06
-0.418, -2.157e-06
-0.419, -2.160e-06
-0.420, -2.156e-06
-0.421, -2.166e-06
-0.422, -2.153e-06
-0.423, -2.169e-06
-0.424, -2.174e-06
-0.425, -2.172e-06
-0.426, -2.181e-06
-0.427, -2.174e-06
-0.428, -2.183e-06
-0.429, -2.190e-06
-0.430, -2.183e-06
-0.431, -2.196e-06
-0.432, -2.192e-06
-0.433, -2.199e-06
-0.434, -2.203e-06
-0.435, -2.203e-06
-0.436, -2.213e-06
-0.437, -2.208e-06
-0.438, -2.212e-06
-0.439, -2.220e-06
-0.440, -2.217e-06
-0.441, -2.225e-06
-0.442, -2.217e-06
-0.443, -2.227e-06
-0.444, -2.239e-06
-0.445, -2.229e-06
-0.446, -2.237e-06
-0.447, -2.238e-06
-0.448, -2.237e-06
-0.449, -2.253e-06
-0.450, -2.241e-06
-0.451, -2.254e-06
-0.452, -2.250e-06
-0.453, -2.258e-06
-0.454, -2.258e-06
-0.455, -2.261e-06
-0.456, -2.270e-06
-0.457, -2.262e-06
-0.458, -2.273e-06
-0.459, -2.274e-06
-0.460, -2.273e-06
-0.461, -2.281e-06
-0.462, -2.275e-06
-0.463, -2.285e-06
-0.464, -2.290e-06
-0.465, -2.286e-06
-0.466, -2.295e-06
-0.467, -2.287e-06
-0.468, -2.297e-06
-0.469, -2.303e-06
-0.470, -2.294e-06
-0.471, -2.308e-06
-0.472, -2.303e-06
-0.473, -2.303e-06
-0.474, -2.312e-06
-0.475, -2.307e-06
-0.476, -2.316e-06
-0.477, -2.314e-06
-0.478, -2.318e-06
-0.479, -2.324e-06
-0.480, -2.320e-06
-0.481, -2.330e-06
-0.482, -2.324e-06
-0.483, -2.329e-06
-0.484, -2.337e-06
-0.485, -2.331e-06
-0.486, -2.347e-06
-0.487, -2.338e-06
-0.488, -2.343e-06
-0.489, -2.348e-06
-0.490, -2.345e-06
-0.491, -2.350e-06
-0.492, -2.351e-06
-0.493, -2.356e-06
-0.494, -2.358e-06
-0.495, -2.354e-06
-0.496, -2.367e-06
-0.497, -2.358e-06
-0.498, -2.362e-06
-0.499, -2.363e-06
-0.500, -2.366e-06
-0.501, -2.376e-06
-0.502, -2.367e-06
-0.503, -2.377e-06
-0.504, -2.382e-06
-0.505, -2.376e-06
-0.506, -2.386e-06
-0.507, -2.385e-06
-0.508, -2.387e-06
-0.509, -2.393e-06
-0.510, -2.386e-06
-0.511, -2.396e-06
-0.512, -2.401e-06
-0.513, -2.401e-06
-0.514, -2.407e-06
-0.515, -2.398e-06
-0.516, -2.412e-06
-0.517, -2.409e-06
-0.518, -2.406e-06
-0.519, -2.417e-06
-0.520, -2.414e-06
-0.521, -2.419e-06
-0.522, -2.416e-06
-0.523, -2.420e-06
-0.524, -2.425e-06
-0.525, -2.423e-06
-0.526, -2.430e-06
-0.527, -2.427e-06
-0.528, -2.432e-06
-0.529, -2.437e-06
-0.530, -2.434e-06
-0.531, -2.444e-06
-0.532, -2.441e-06
-0.533, -2.444e-06
-0.534, -2.450e-06
-0.535, -2.447e-06
-0.536, -2.463e-06
-0.537, -2.457e-06
-0.538, -2.461e-06
-0.539, -2.465e-06
-0.540, -2.462e-06
-0.541, -2.473e-06
-0.542, -2.465e-06
-0.543, -2.472e-06
-0.544, -2.480e-06
-0.545, -2.472e-06
-0.546, -2.487e-06
-0.547, -2.479e-06
-0.548, -2.489e-06
-0.549, -2.495e-06
-0.550, -2.480e-06
-0.551, -2.499e-06
-0.552, -2.495e-06
-0.553, -2.503e-06
-0.554, -2.504e-06
-0.555, -2.500e-06
-0.556, -2.514e-06
-0.557, -2.512e-06
-0.558, -2.513e-06
-0.559, -2.526e-06
-0.560, -2.521e-06
-0.561, -2.529e-06
-0.562, -2.528e-06
-0.563, -2.528e-06
-0.564, -2.540e-06
-0.565, -2.535e-06
-0.566, -2.545e-06
-0.567, -2.544e-06
-0.568, -2.550e-06
-0.569, -2.552e-06
-0.570, -2.552e-06
-0.571, -2.563e-06
-0.572, -2.560e-06
-0.573, -2.568e-06
-0.574, -2.569e-06
-0.575, -2.570e-06
-0.576, -2.577e-06
-0.577, -2.576e-06
-0.578, -2.581e-06
-0.579, -2.590e-06
-0.580, -2.588e-06
-0.581, -2.602e-06
-0.582, -2.597e-06
-0.583, -2.604e-06
-0.584, -2.609e-06
-0.585, -2.607e-06
-0.586, -2.623e-06
-0.587, -2.617e-06
-0.588, -2.632e-06
-0.589, -2.636e-06
-0.590, -2.625e-06
-0.591, -2.644e-06
-0.592, -2.639e-06
-0.593, -2.647e-06
-0.594, -2.654e-06
-0.595, -2.647e-06
-0.596, -2.664e-06
-0.597, -2.661e-06
-0.598, -2.662e-06
-0.599, -2.674e-06
-0.600, -2.672e-06
-0.601, -2.678e-06
-0.602, -2.675e-06
-0.603, -2.689e-06
-0.604, -2.693e-06
-0.605, -2.691e-06
-0.606, -2.700e-06
-0.607, -2.699e-06
-0.608, -2.708e-06
-0.609, -2.713e-06
-0.610, -2.710e-06
-0.611, -2.722e-06
-0.612, -2.721e-06
-0.613, -2.730e-06
-0.614, -2.712e-06
-0.615, -2.727e-06
-0.616, -2.743e-06
-0.617, -2.735e-06
-0.618, -2.742e-06
-0.619, -2.745e-06
-0.620, -2.751e-06
-0.621, -2.759e-06
-0.622, -2.754e-06
-0.623, -2.764e-06
-0.624, -2.767e-06
-0.625, -2.762e-06
-0.626, -2.776e-06
-0.627, -2.764e-06
-0.628, -2.780e-06
-0.629, -2.780e-06
-0.630, -2.779e-06
-0.631, -2.789e-06
-0.632, -2.788e-06
-0.633, -2.793e-06
-0.634, -2.795e-06
-0.635, -2.792e-06
-0.636, -2.806e-06
-0.637, -2.800e-06
-0.638, -2.808e-06
-0.639, -2.807e-06
-0.640, -2.821e-06
-0.641, -2.823e-06
-0.642, -2.814e-06
-0.643, -2.822e-06
-0.644, -2.828e-06
-0.645, -2.826e-06
-0.646, -2.836e-06
-0.647, -2.832e-06
-0.648, -2.841e-06
-0.649, -2.842e-06
-0.650, -2.841e-06
-0.651, -2.853e-06
-0.652, -2.848e-06
-0.653, -2.857e-06
-0.654, -2.856e-06
-0.655, -2.859e-06
-0.656, -2.874e-06
-0.657, -2.869e-06
-0.658, -2.879e-06
-0.659, -2.879e-06
-0.660, -2.880e-06
-0.661, -2.895e-06
-0.662, -2.887e-06
-0.663, -2.903e-06
-0.664, -2.902e-06
-0.665, -2.904e-06
-0.666, -2.915e-06
-0.667, -2.912e-06
-0.668, -2.929e-06
-0.669, -2.927e-06
-0.670, -2.929e-06
-0.671, -2.945e-06
-0.672, -2.941e-06
-0.673, -2.955e-06
-0.674, -2.954e-06
-0.675, -2.958e-06
-0.676, -2.976e-06
-0.677, -2.974e-06
-0.678, -2.977e-06
-0.679, -2.992e-06
-0.680, -2.995e-06
-0.681, -3.012e-06
-0.682, -3.010e-06
-0.683, -3.026e-06
-0.684, -3.029e-06
-0.685, -3.036e-06
-0.686, -3.048e-06
-0.687, -3.052e-06
-0.688, -3.066e-06
-0.689, -3.073e-06
-0.690, -3.082e-06
-0.691, -3.106e-06
-0.692, -3.106e-06
-0.693, -3.121e-06
-0.694, -3.125e-06
-0.695, -3.135e-06
-0.696, -3.159e-06
-0.697, -3.164e-06
-0.698, -3.182e-06
-0.699, -3.190e-06
-0.700, -3.204e-06
-0.701, -3.226e-06
-0.702, -3.231e-06
-0.703, -3.260e-06
-0.704, -3.257e-06
-0.705, -3.279e-06
-0.706, -3.305e-06
-0.707, -3.312e-06
-0.708, -3.343e-06
-0.709, -3.354e-06
-0.710, -3.369e-06
-0.711, -3.403e-06
-0.712, -3.413e-06
-0.713, -3.444e-06
-0.714, -3.458e-06
-0.715, -3.480e-06
-0.716, -3.520e-06
-0.717, -3.534e-06
-0.718, -3.565e-06
-0.719, -3.585e-06
-0.720, -3.612e-06
-0.721, -3.647e-06
-0.722, -3.672e-06
-0.723, -3.708e-06
-0.724, -3.740e-06
-0.725, -3.769e-06
-0.726, -3.804e-06
-0.727, -3.832e-06
-0.728, -3.881e-06
-0.729, -3.900e-06
-0.730, -3.941e-06
-0.731, -3.994e-06
-0.732, -4.028e-06
-0.733, -4.075e-06
-0.734, -4.109e-06
-0.735, -4.150e-06
-0.736, -4.216e-06
-0.737, -4.252e-06
-0.738, -4.314e-06
-0.739, -4.357e-06
-0.740, -4.416e-06
-0.741, -4.484e-06
-0.742, -4.535e-06
-0.743, -4.609e-06
-0.744, -4.660e-06
-0.745, -4.727e-06
-0.746, -4.798e-06
-0.747, -4.856e-06
-0.748, -4.947e-06
-0.749, -5.011e-06
-0.750, -5.082e-06
-0.751, -5.182e-06
-0.752, -5.252e-06
-0.753, -5.350e-06
-0.754, -5.429e-06
-0.755, -5.499e-06
-0.756, -5.620e-06
-0.757, -5.707e-06
-0.758, -5.813e-06
-0.759, -5.921e-06
-0.760, -6.024e-06
-0.761, -6.150e-06
-0.762, -6.238e-06
-0.763, -6.379e-06
-0.764, -6.498e-06
-0.765, -6.626e-06
-0.766, -6.773e-06
-0.767, -6.892e-06
-0.768, -7.046e-06
-0.769, -7.183e-06
-0.770, -7.330e-06
-0.771, -7.498e-06
-0.772, -7.657e-06
-0.773, -7.838e-06
-0.774, -7.994e-06
-0.775, -8.180e-06
-0.776, -8.389e-06
-0.777, -8.553e-06
-0.778, -8.780e-06
-0.779, -8.963e-06
-0.780, -9.167e-06
-0.781, -9.374e-06
-0.782, -9.585e-06
-0.783, -9.842e-06
-0.784, -1.006e-05
-0.785, -1.035e-05
-0.786, -1.060e-05
-0.787, -1.081e-05
-0.788, -1.115e-05
-0.789, -1.141e-05
-0.790, -1.169e-05
-0.791, -1.202e-05
-0.792, -1.227e-05
-0.793, -1.269e-05
-0.794, -1.296e-05
-0.795, -1.330e-05
-0.796, -1.367e-05
-0.797, -1.398e-05
-0.798, -1.441e-05
-0.799, -1.470e-05
-0.800, -1.512e-05
-0.801, -1.555e-05
-0.802, -1.589e-05
-0.803, -1.639e-05
-0.804, -1.678e-05
-0.805, -1.723e-05
-0.806, -1.762e-05
-0.807, -1.805e-05
-0.808, -1.861e-05
-0.809, -1.902e-05
-0.810, -1.958e-05
-0.811, -2.010e-05
-0.812, -2.058e-05
-0.813, -2.118e-05
-0.814, -2.164e-05
-0.815, -2.222e-05
-0.816, -2.281e-05
-0.817, -2.333e-05
-0.818, -2.400e-05
-0.819, -2.429e-05
-0.820, -2.512e-05
-0.821, -2.571e-05
-0.822, -2.627e-05
-0.823, -2.704e-05
-0.824, -2.760e-05
-0.825, -2.836e-05
-0.826, -2.901e-05
-0.827, -2.961e-05
-0.828, -3.043e-05
-0.829, -3.103e-05
-0.830, -3.179e-05
-0.831, -3.252e-05
-0.832, -3.295e-05
-0.833, -3.399e-05
-0.834, -3.454e-05
-0.835, -3.531e-05
-0.836, -3.614e-05
-0.837, -3.678e-05
-0.838, -3.759e-05
-0.839, -3.824e-05
-0.840, -3.906e-05
-0.841, -3.982e-05
-0.842, -4.054e-05
-0.843, -4.133e-05
-0.844, -4.206e-05
-0.845, -4.307e-05
-0.846, -4.365e-05
-0.847, -4.434e-05
-0.848, -4.525e-05
-0.849, -4.579e-05
-0.850, -4.662e-05
-0.851, -4.725e-05
-0.852, -4.797e-05
-0.853, -4.885e-05
-0.854, -4.934e-05
-0.855, -5.021e-05
-0.856, -5.087e-05
-0.857, -5.135e-05
-0.858, -5.214e-05
-0.859, -5.262e-05
-0.860, -5.351e-05
-0.861, -5.417e-05
-0.862, -5.468e-05
-0.863, -5.553e-05
-0.864, -5.582e-05
-0.865, -5.663e-05
-0.866, -5.727e-05
-0.867, -5.770e-05
-0.868, -5.847e-05
-0.869, -5.885e-05
-0.870, -5.951e-05
-0.871, -6.001e-05
-0.872, -6.044e-05
-0.873, -6.119e-05
-0.874, -6.151e-05
-0.875, -6.214e-05
-0.876, -6.267e-05
-0.877, -6.300e-05
-0.878, -6.372e-05
-0.879, -6.393e-05
-0.880, -6.450e-05
-0.881, -6.506e-05
-0.882, -6.536e-05
-0.883, -6.572e-05
-0.884, -6.616e-05
-0.885, -6.678e-05
-0.886, -6.712e-05
-0.887, -6.751e-05
-0.888, -6.813e-05
-0.889, -6.835e-05
-0.890, -6.896e-05
-0.891, -6.922e-05
-0.892, -6.963e-05
-0.893, -7.024e-05
-0.894, -7.049e-05
-0.895, -7.104e-05
-0.896, -7.163e-05
-0.897, -7.184e-05
-0.898, -7.241e-05
-0.899, -7.259e-05
-0.900, -7.319e-05
-0.901, -7.355e-05
-0.902, -7.384e-05
-0.903, -7.448e-05
-0.904, -7.465e-05
-0.905, -7.524e-05
-0.906, -7.562e-05
-0.907, -7.589e-05
-0.908, -7.646e-05
-0.909, -7.652e-05
-0.910, -7.719e-05
-0.911, -7.764e-05
-0.912, -7.790e-05
-0.913, -7.859e-05
-0.914, -7.873e-05
-0.915, -7.918e-05
-0.916, -7.962e-05
-0.917, -7.995e-05
-0.918, -8.050e-05
-0.919, -8.070e-05
-0.920, -8.121e-05
-0.921, -8.172e-05
-0.922, -8.203e-05
-0.923, -8.239e-05
-0.924, -8.262e-05
-0.925, -8.311e-05
-0.926, -8.340e-05
-0.927, -8.360e-05
-0.928, -8.403e-05
-0.929, -8.415e-05
-0.930, -8.463e-05
-0.931, -8.473e-05
-0.932, -8.504e-05
-0.933, -8.543e-05
-0.934, -8.528e-05
-0.935, -8.572e-05
-0.936, -8.592e-05
-0.937, -8.603e-05
-0.938, -8.644e-05
-0.939, -8.640e-05
-0.940, -8.668e-05
-0.941, -8.678e-05
-0.942, -8.683e-05
-0.943, -8.704e-05
-0.944, -8.694e-05
-0.945, -8.722e-05
-0.946, -8.723e-05
-0.947, -8.735e-05
-0.948, -8.745e-05
-0.949, -8.729e-05
-0.950, -8.735e-05
-0.951, -8.732e-05
-0.952, -8.717e-05
-0.953, -8.731e-05
-0.954, -8.706e-05
-0.955, -8.705e-05
-0.956, -8.695e-05
-0.957, -8.683e-05
-0.958, -8.677e-05
-0.959, -8.657e-05
-0.960, -8.632e-05
-0.961, -8.623e-05
-0.962, -8.596e-05
-0.963, -8.592e-05
-0.964, -8.565e-05
-0.965, -8.552e-05
-0.966, -8.524e-05
-0.967, -8.499e-05
-0.968, -8.485e-05
-0.969, -8.452e-05
-0.970, -8.433e-05
-0.971, -8.403e-05
-0.972, -8.370e-05
-0.973, -8.353e-05
-0.974, -8.314e-05
-0.975, -8.294e-05
-0.976, -8.264e-05
-0.977, -8.232e-05
-0.978, -8.207e-05
-0.979, -8.166e-05
-0.980, -8.147e-05
-0.981, -8.113e-05
-0.982, -8.074e-05
-0.983, -8.050e-05
-0.984, -8.012e-05
-0.985, -7.981e-05
-0.986, -7.947e-05
-0.987, -7.911e-05
-0.988, -7.888e-05
-0.989, -7.846e-05
-0.990, -7.816e-05
-0.991, -7.782e-05
-0.992, -7.744e-05
-0.993, -7.719e-05
-0.994, -7.677e-05
-0.995, -7.646e-05
-0.996, -7.614e-05
-0.997, -7.577e-05
-0.998, -7.555e-05
-0.999, -7.513e-05
-1.000, -7.483e-05
-1.001, -7.450e-05
-1.002, -7.413e-05
-1.003, -7.383e-05
-1.004, -7.346e-05
-1.005, -7.318e-05
-1.006, -7.284e-05
-1.007, -7.249e-05
-1.008, -7.220e-05
-1.009, -7.186e-05
-1.010, -7.157e-05
-1.011, -7.120e-05
-1.012, -7.090e-05
-1.013, -7.064e-05
-1.014, -7.028e-05
-1.015, -7.001e-05
-1.016, -6.970e-05
-1.017, -6.939e-05
-1.018, -6.913e-05
-1.019, -6.879e-05
-1.020, -6.854e-05
-1.021, -6.825e-05
-1.022, -6.793e-05
-1.023, -6.768e-05
-1.024, -6.729e-05
-1.025, -6.708e-05
-1.026, -6.683e-05
-1.027, -6.653e-05
-1.028, -6.631e-05
-1.029, -6.603e-05
-1.030, -6.577e-05
-1.031, -6.552e-05
-1.032, -6.524e-05
-1.033, -6.501e-05
-1.034, -6.474e-05
-1.035, -6.449e-05
-1.036, -6.425e-05
-1.037, -6.399e-05
-1.038, -6.377e-05
-1.039, -6.352e-05
-1.040, -6.330e-05
-1.041, -6.306e-05
-1.042, -6.281e-05
-1.043, -6.261e-05
-1.044, -6.237e-05
-1.045, -6.215e-05
-1.046, -6.192e-05
-1.047, -6.170e-05
-1.048, -6.150e-05
-1.049, -6.128e-05
-1.050, -6.106e-05
-1.051, -6.085e-05
-1.052, -6.064e-05
-1.053, -6.045e-05
-1.054, -6.023e-05
-1.055, -6.004e-05
-1.056, -5.984e-05
-1.057, -5.964e-05
-1.058, -5.946e-05
-1.059, -5.925e-05
-1.060, -5.907e-05
-1.061, -5.888e-05
-1.062, -5.867e-05
-1.063, -5.851e-05
-1.064, -5.832e-05
-1.065, -5.814e-05
-1.066, -5.796e-05
-1.067, -5.779e-05
-1.068, -5.762e-05
-1.069, -5.744e-05
-1.070, -5.727e-05
-1.071, -5.710e-05
-1.072, -5.693e-05
-1.073, -5.677e-05
-1.074, -5.661e-05
-1.075, -5.644e-05
-1.076, -5.629e-05
-1.077, -5.612e-05
-1.078, -5.598e-05
-1.079, -5.581e-05
-1.080, -5.566e-05
-1.081, -5.551e-05
-1.082, -5.535e-05
-1.083, -5.521e-05
-1.084, -5.506e-05
-1.085, -5.492e-05
-1.086, -5.477e-05
-1.087, -5.462e-05
-1.088, -5.448e-05
-1.089, -5.433e-05
-1.090, -5.420e-05
-1.091, -5.406e-05
-1.092, -5.392e-05
-1.093, -5.380e-05
-1.094, -5.365e-05
-1.095, -5.353e-05
-1.096, -5.340e-05
-1.097, -5.326e-05
-1.098, -5.314e-05
-1.099, -5.301e-05
-1.100, -5.289e-05
-1.101, -5.276e-05
-1.102, -5.263e-05
-1.103, -5.252e-05
-1.104, -5.239e-05
-1.105, -5.227e-05
-1.106, -5.216e-05
-1.107, -5.203e-05
-1.108, -5.193e-05
-1.109, -5.180e-05
-1.110, -5.169e-05
-1.111, -5.157e-05
-1.112, -5.146e-05
-1.113, -5.135e-05
-1.114, -5.123e-05
-1.115, -5.112e-05
-1.116, -5.102e-05
-1.117, -5.090e-05
-1.118, -5.081e-05
-1.119, -5.070e-05
-1.120, -5.060e-05
-1.121, -5.049e-05
-1.122, -5.038e-05
-1.123, -5.029e-05
-1.124, -5.018e-05
-1.125, -5.008e-05
-1.126, -4.998e-05
-1.127, -4.988e-05
-1.128, -4.978e-05
-1.129, -4.968e-05
-1.130, -4.959e-05
-1.131, -4.949e-05
-1.132, -4.939e-05
-1.133, -4.930e-05
-1.134, -4.920e-05
-1.135, -4.912e-05
-1.136, -4.902e-05
-1.137, -4.892e-05
-1.138, -4.884e-05
-1.139, -4.873e-05
-1.140, -4.866e-05
-1.141, -4.857e-05
-1.142, -4.847e-05
-1.143, -4.840e-05
-1.144, -4.830e-05
-1.145, -4.822e-05
-1.146, -4.813e-05
-1.147, -4.804e-05
-1.148, -4.797e-05
-1.149, -4.787e-05
-1.150, -4.780e-05
-1.151, -4.771e-05
-1.152, -4.764e-05
-1.153, -4.756e-05
-1.154, -4.746e-05
-1.155, -4.739e-05
-1.156, -4.731e-05
-1.157, -4.722e-05
-1.158, -4.715e-05
-1.159, -4.707e-05
-1.160, -4.700e-05
-1.161, -4.692e-05
-1.162, -4.684e-05
-1.163, -4.676e-05
-1.164, -4.668e-05
-1.165, -4.662e-05
-1.166, -4.653e-05
-1.167, -4.646e-05
-1.168, -4.640e-05
-1.169, -4.631e-05
-1.170, -4.625e-05
-1.171, -4.617e-05
-1.172, -4.609e-05
-1.173, -4.603e-05
-1.174, -4.596e-05
-1.175, -4.590e-05
-1.176, -4.582e-05
-1.177, -4.575e-05
-1.178, -4.569e-05
-1.179, -4.561e-05
-1.180, -4.555e-05
-1.181, -4.548e-05
-1.182, -4.540e-05
-1.183, -4.535e-05
-1.184, -4.527e-05
-1.185, -4.522e-05
-1.186, -4.515e-05
-1.187, -4.508e-05
-1.188, -4.502e-05
-1.189, -4.495e-05
-1.190, -4.489e-05
-1.191, -4.483e-05
-1.192, -4.477e-05
-1.193, -4.471e-05
-1.194, -4.464e-05
-1.195, -4.458e-05
-1.196, -4.451e-05
-1.197, -4.446e-05
-1.198, -4.440e-05
-1.199, -4.434e-05
-1.200, -4.428e-05
-1.201, -4.422e-05
-1.202, -4.416e-05
-1.203, -4.411e-05
-1.204, -4.404e-05
-1.205, -4.399e-05
-1.206, -4.392e-05
-1.207, -4.386e-05
-1.208, -4.382e-05
-1.209, -4.375e-05
-1.210, -4.370e-05
-1.211, -4.365e-05
-1.212, -4.358e-05
-1.213, -4.353e-05
-1.214, -4.347e-05
-1.215, -4.343e-05
-1.216, -4.336e-05
-1.217, -4.331e-05
-1.218, -4.326e-05
-1.219, -4.320e-05
-1.220, -4.315e-05
-1.221, -4.310e-05
-1.222, -4.304e-05
-1.223, -4.300e-05
-1.224, -4.294e-05
-1.225, -4.289e-05
-1.226, -4.283e-05
-1.227, -4.278e-05
-1.228, -4.273e-05
-1.229, -4.267e-05
-1.230, -4.262e-05
-1.231, -4.258e-05
-1.232, -4.252e-05
-1.233, -4.248e-05
-1.234, -4.242e-05
-1.235, -4.238e-05
-1.236, -4.233e-05
-1.237, -4.229e-05
-1.238, -4.225e-05
-1.239, -4.219e-05
-1.240, -4.215e-05
-1.241, -4.209e-05
-1.242, -4.205e-05
-1.243, -4.201e-05
-1.244, -4.195e-05
-1.245, -4.191e-05
-1.246, -4.186e-05
-1.247, -4.181e-05
-1.248, -4.177e-05
-1.249, -4.173e-05
-1.250, -4.168e-05
-1.251, -4.164e-05
-1.252, -4.159e-05
-1.253, -4.155e-05
-1.254, -4.151e-05
-1.255, -4.147e-05
-1.256, -4.142e-05
-1.257, -4.137e-05
-1.258, -4.133e-05
-1.259, -4.128e-05
-1.260, -4.125e-05
-1.261, -4.120e-05
-1.262, -4.115e-05
-1.263, -4.112e-05
-1.264, -4.107e-05
-1.265, -4.104e-05
-1.266, -4.100e-05
-1.267, -4.094e-05
-1.268, -4.092e-05
-1.269, -4.087e-05
-1.270, -4.083e-05
-1.271, -4.080e-05
-1.272, -4.075e-05
-1.273, -4.072e-05
-1.274, -4.067e-05
-1.275, -4.064e-05
-1.276, -4.060e-05
-1.277, -4.055e-05
-1.278, -4.052e-05
-1.279, -4.048e-05
-1.280, -4.044e-05
-1.281, -4.040e-05
-1.282, -4.036e-05
-1.283, -4.033e-05
-1.284, -4.029e-05
-1.285, -4.026e-05
-1.286, -4.021e-05
-1.287, -4.017e-05
-1.288, -4.014e-05
-1.289, -4.010e-05
-1.290, -4.007e-05
-1.291, -4.003e-05
-1.292, -3.999e-05
-1.293, -3.996e-05
-1.294, -3.992e-05
-1.295, -3.989e-05
-1.296, -3.986e-05
-1.297, -3.981e-05
-1.298, -3.979e-05
-1.299, -3.974e-05
-1.300, -3.972e-05
-1.301, -3.968e-05
-1.302, -3.964e-05
-1.303, -3.961e-05
-1.304, -3.958e-05
-1.305, -3.955e-05
-1.306, -3.951e-05
-1.307, -3.947e-05
-1.308, -3.945e-05
-1.309, -3.941e-05
-1.310, -3.937e-05
-1.311, -3.934e-05
-1.312, -3.931e-05
-1.313, -3.928e-05
-1.314, -3.924e-05
-1.315, -3.921e-05
-1.316, -3.918e-05
-1.317, -3.914e-05
-1.318, -3.911e-05
-1.319, -3.908e-05
-1.320, -3.905e-05
-1.321, -3.901e-05
-1.322, -3.897e-05
-1.323, -3.895e-05
-1.324, -3.891e-05
-1.325, -3.889e-05
-1.326, -3.885e-05
-1.327, -3.882e-05
-1.328, -3.880e-05
-1.329, -3.876e-05
-1.330, -3.873e-05
-1.331, -3.870e-05
-1.332, -3.867e-05
-1.333, -3.864e-05
-1.334, -3.861e-05
-1.335, -3.858e-05
-1.336, -3.855e-05
-1.337, -3.852e-05
-1.338, -3.849e-05
-1.339, -3.845e-05
-1.340, -3.844e-05
-1.341, -3.841e-05
-1.342, -3.837e-05
-1.343, -3.836e-05
-1.344, -3.831e-05
-1.345, -3.830e-05
-1.346, -3.826e-05
-1.347, -3.823e-05
-1.348, -3.821e-05
-1.349, -3.818e-05
-1.350, -3.815e-05
-1.351, -3.812e-05
-1.352, -3.810e-05
-1.353, -3.807e-05
-1.354, -3.804e-05
-1.355, -3.802e-05
-1.356, -3.799e-05
-1.357, -3.797e-05
-1.358, -3.794e-05
-1.359, -3.791e-05
-1.360, -3.789e-05
-1.361, -3.786e-05
-1.362, -3.783e-05
-1.363, -3.781e-05
-1.364, -3.778e-05
-1.365, -3.775e-05
-1.366, -3.772e-05
-1.367, -3.770e-05
-1.368, -3.768e-05
-1.369, -3.764e-05
-1.370, -3.763e-05
-1.371, -3.760e-05
-1.372, -3.757e-05
-1.373, -3.755e-05
-1.374, -3.752e-05
-1.375, -3.750e-05
-1.376, -3.747e-05
-1.377, -3.745e-05
-1.378, -3.742e-05
-1.379, -3.739e-05
-1.380, -3.738e-05
-1.381, -3.736e-05
-1.382, -3.733e-05
-1.383, -3.731e-05
-1.384, -3.728e-05
-1.385, -3.726e-05
-1.386, -3.723e-05
-1.387, -3.721e-05
-1.388, -3.719e-05
-1.389, -3.716e-05
-1.390, -3.714e-05
-1.391, -3.712e-05
-1.392, -3.710e-05
-1.393, -3.708e-05
-1.394, -3.705e-05
-1.395, -3.703e-05
-1.396, -3.701e-05
-1.397, -3.699e-05
-1.398, -3.697e-05
-1.399, -3.694e-05
-1.400, -3.693e-05
-1.401, -3.690e-05
-1.402, -3.688e-05
-1.403, -3.686e-05
-1.404, -3.683e-05
-1.405, -3.681e-05
-1.406, -3.678e-05
-1.407, -3.677e-05
-1.408, -3.676e-05
-1.409, -3.673e-05
-1.410, -3.671e-05
-1.411, -3.668e-05
-1.412, -3.666e-05
-1.413, -3.665e-05
-1.414, -3.662e-05
-1.415, -3.661e-05
-1.416, -3.658e-05
-1.417, -3.656e-05
-1.418, -3.654e-05
-1.419, -3.651e-05
-1.420, -3.650e-05
-1.421, -3.648e-05
-1.422, -3.646e-05
-1.423, -3.645e-05
-1.424, -3.642e-05
-1.425, -3.641e-05
-1.426, -3.638e-05
-1.427, -3.637e-05
-1.428, -3.635e-05
-1.429, -3.633e-05
-1.430, -3.631e-05
-1.431, -3.628e-05
-1.432, -3.627e-05
-1.433, -3.624e-05
-1.434, -3.622e-05
-1.435, -3.621e-05
-1.436, -3.619e-05
-1.437, -3.618e-05
-1.438, -3.616e-05
-1.439, -3.614e-05
-1.440, -3.613e-05
-1.441, -3.610e-05
-1.442, -3.608e-05
-1.443, -3.607e-05
-1.444, -3.604e-05
-1.445, -3.604e-05
-1.446, -3.600e-05
-1.447, -3.599e-05
-1.448, -3.599e-05
-1.449, -3.596e-05
-1.450, -3.595e-05
-1.451, -3.592e-05
-1.452, -3.592e-05
-1.453, -3.590e-05
-1.454, -3.587e-05
-1.455, -3.587e-05
-1.456, -3.584e-05
-1.457, -3.583e-05
-1.458, -3.581e-05
-1.459, -3.580e-05
-1.460, -3.579e-05
-1.461, -3.576e-05
-1.462, -3.575e-05
-1.463, -3.573e-05
-1.464, -3.571e-05
-1.465, -3.571e-05
-1.466, -3.568e-05
-1.467, -3.567e-05
-1.468, -3.566e-05
-1.469, -3.564e-05
-1.470, -3.562e-05
-1.471, -3.560e-05
-1.472, -3.559e-05
-1.473, -3.558e-05
-1.474, -3.556e-05
-1.475, -3.555e-05
-1.476, -3.553e-05
-1.477, -3.552e-05
-1.478, -3.551e-05
-1.479, -3.549e-05
-1.480, -3.548e-05
-1.481, -3.545e-05
-1.482, -3.544e-05
-1.483, -3.543e-05
-1.484, -3.541e-05
-1.485, -3.541e-05
-1.486, -3.538e-05
-1.487, -3.538e-05
-1.488, -3.537e-05
-1.489, -3.534e-05
-1.490, -3.533e-05
-1.491, -3.531e-05
-1.492, -3.531e-05
-1.493, -3.530e-05
-1.494, -3.528e-05
-1.495, -3.528e-05
-1.496, -3.526e-05
-1.497, -3.524e-05
-1.498, -3.524e-05
-1.499, -3.522e-05
-1.500, -3.488e-05
-1.499, -3.466e-05
-1.498, -3.458e-05
-1.497, -3.451e-05
-1.496, -3.443e-05
-1.495, -3.437e-05
-1.494, -3.431e-05
-1.493, -3.426e-05
-1.492, -3.421e-05
-1.491, -3.414e-05
-1.490, -3.411e-05
-1.489, -3.405e-05
-1.488, -3.401e-05
-1.487, -3.396e-05
-1.486, -3.392e-05
-1.485, -3.388e-05
-1.484, -3.383e-05
-1.483, -3.379e-05
-1.482, -3.376e-05
-1.481, -3.371e-05
-1.480, -3.367e-05
-1.479, -3.363e-05
-1.478, -3.359e-05
-1.477, -3.357e-05
-1.476, -3.352e-05
-1.475, -3.349e-05
-1.474, -3.344e-05
-1.473, -3.342e-05
-1.472, -3.339e-05
-1.471, -3.334e-05
-1.470, -3.332e-05
-1.469, -3.328e-05
-1.468, -3.325e-05
-1.467, -3.322e-05
-1.466, -3.318e-05
-1.465, -3.316e-05
-1.464, -3.312e-05
-1.463, -3.309e-05
-1.462, -3.307e-05
-1.461, -3.303e-05
-1.460, -3.300e-05
-1.459, -3.296e-05
-1.458, -3.294e-05
-1.457, -3.291e-05
-1.456, -3.288e-05
-1.455, -3.286e-05
-1.454, -3.282e-05
-1.453, -3.280e-05
-1.452, -3.277e-05
-1.451, -3.274e-05
-1.450, -3.272e-05
-1.449, -3.269e-05
-1.448, -3.266e-05
-1.447, -3.264e-05
-1.446, -3.261e-05
-1.445, -3.259e-05
-1.444, -3.255e-05
-1.443, -3.253e-05
-1.442, -3.251e-05
-1.441, -3.248e-05
-1.440, -3.246e-05
-1.439, -3.243e-05
-1.438, -3.240e-05
-1.437, -3.239e-05
-1.436, -3.235e-05
-1.435, -3.234e-05
-1.434, -3.232e-05
-1.433, -3.229e-05
-1.432, -3.227e-05
-1.431, -3.224e-05
-1.430, -3.222e-05
-1.429, -3.219e-05
-1.428, -3.216e-05
-1.427, -3.215e-05
-1.426, -3.212e-05
-1.425, -3.211e-05
-1.424, -3.207e-05
-1.423, -3.205e-05
-1.422, -3.204e-05
-1.421, -3.202e-05
-1.420, -3.200e-05
-1.419, -3.197e-05
-1.418, -3.195e-05
-1.417, -3.193e-05
-1.416, -3.190e-05
-1.415, -3.188e-05
-1.414, -3.186e-05
-1.413, -3.184e-05
-1.412, -3.182e-05
-1.411, -3.179e-05
-1.410, -3.179e-05
-1.409, -3.176e-05
-1.408, -3.173e-05
-1.407, -3.172e-05
-1.406, -3.169e-05
-1.405, -3.168e-05
-1.404, -3.166e-05
-1.403, -3.164e-05
-1.402, -3.163e-05
-1.401, -3.160e-05
-1.400, -3.158e-05
-1.399, -3.156e-05
-1.398, -3.154e-05
-1.397, -3.153e-05
-1.396, -3.150e-05
-1.395, -3.149e-05
-1.394, -3.146e-05
-1.393, -3.145e-05
-1.392, -3.143e-05
-1.391, -3.140e-05
-1.390, -3.139e-05
-1.389, -3.138e-05
-1.388, -3.135e-05
-1.387, -3.134e-05
-1.386, -3.132e-05
-1.385, -3.131e-05
-1.384, -3.128e-05
-1.383, -3.126e-05
-1.382, -3.125e-05
-1.381, -3.123e-05
-1.380, -3.121e-05
-1.379, -3.119e-05
-1.378, -3.117e-05
-1.377, -3.116e-05
-1.376, -3.113e-05
-1.375, -3.113e-05
-1.374, -3.110e-05
-1.373, -3.109e-05
-1.372, -3.107e-05
-1.371, -3.105e-05
-1.370, -3.105e-05
-1.369, -3.102e-05
-1.368, -3.101e-05
-1.367, -3.099e-05
-1.366, -3.096e-05
-1.365, -3.096e-05
-1.364, -3.093e-05
-1.363, -3.092e-05
-1.362, -3.091e-05
-1.361, -3.088e-05
-1.360, -3.088e-05
-1.359, -3.086e-05
-1.358, -3.084e-05
-1.357, -3.082e-05
-1.356, -3.080e-05
-1.355, -3.080e-05
-1.354, -3.078e-05
-1.353, -3.077e-05
-1.352, -3.075e-05
-1.351, -3.073e-05
-1.350, -3.072e-05
-1.349, -3.070e-05
-1.348, -3.068e-05
-1.347, -3.067e-05
-1.346, -3.065e-05
-1.345, -3.065e-05
-1.344, -3.063e-05
-1.343, -3.061e-05
-1.342, -3.060e-05
-1.341, -3.058e-05
-1.340, -3.057e-05
-1.339, -3.055e-05
-1.338, -3.054e-05
-1.337, -3.052e-05
-1.336, -3.050e-05
-1.335, -3.049e-05
-1.334, -3.047e-05
-1.333, -3.046e-05
-1.332, -3.045e-05
-1.331, -3.042e-05
-1.330, -3.043e-05
-1.329, -3.040e-05
-1.328, -3.039e-05
-1.327, -3.037e-05
-1.326, -3.035e-05
-1.325, -3.035e-05
-1.324, -3.033e-05
-1.323, -3.032e-05
-1.322, -3.031e-05
-1.321, -3.029e-05
-1.320, -3.028e-05
-1.319, -3.026e-05
-1.318, -3.025e-05
-1.317, -3.024e-05
-1.316, -3.021e-05
-1.315, -3.021e-05
-1.314, -3.018e-05
-1.313, -3.017e-05
-1.312, -3.017e-05
-1.311, -3.014e-05
-1.310, -3.014e-05
-1.309, -3.012e-05
-1.308, -3.011e-05
-1.307, -3.009e-05
-1.306, -3.007e-05
-1.305, -3.007e-05
-1.304, -3.005e-05
-1.303, -3.004e-05
-1.302, -3.003e-05
-1.301, -3.001e-05
-1.300, -3.001e-05
-1.299, -2.998e-05
-1.298, -2.998e-05
-1.297, -2.996e-05
-1.296, -2.994e-05
-1.295, -2.994e-05
-1.294, -2.992e-05
-1.293, -2.992e-05
-1.292, -2.990e-05
-1.291, -2.988e-05
-1.290, -2.988e-05
-1.289, -2.985e-05
-1.288, -2.985e-05
-1.287, -2.984e-05
-1.286, -2.982e-05
-1.285, -2.982e-05
-1.284, -2.980e-05
-1.283, -2.979e-05
-1.282, -2.977e-05
-1.281, -2.975e-05
-1.280, -2.975e-05
-1.279, -2.973e-05
-1.278, -2.973e-05
-1.277, -2.972e-05
-1.276, -2.970e-05
-1.275, -2.969e-05
-1.274, -2.967e-05
-1.273, -2.966e-05
-1.272, -2.965e-05
-1.271, -2.963e-05
-1.270, -2.963e-05
-1.269, -2.961e-05
-1.268, -2.961e-05
-1.267, -2.960e-05
-1.266, -2.958e-05
-1.265, -2.957e-05
-1.264, -2.956e-05
-1.263, -2.955e-05
-1.262, -2.953e-05
-1.261, -2.952e-05
-1.260, -2.952e-05
-1.259, -2.949e-05
-1.258, -2.949e-05
-1.257, -2.947e-05
-1.256, -2.947e-05
-1.255, -2.945e-05
-1.254, -2.944e-05
-1.253, -2.944e-05
-1.252, -2.942e-05
-1.251, -2.940e-05
-1.250, -2.940e-05
-1.249, -2.938e-05
-1.248, -2.938e-05
-1.247, -2.936e-05
-1.246, -2.935e-05
-1.245, -2.935e-05
-1.244, -2.933e-05
-1.243, -2.932e-05
-1.242, -2.932e-05
-1.241, -2.929e-05
-1.240, -2.930e-05
-1.239, -2.928e-05
-1.238, -2.927e-05
-1.237, -2.926e-05
-1.236, -2.925e-05
-1.235, -2.924e-05
-1.234, -2.922e-05
-1.233, -2.922e-05
-1.232, -2.921e-05
-1.231, -2.920e-05
-1.230, -2.919e-05
-1.229, -2.920e-05
-1.228, -2.917e-05
-1.227, -2.916e-05
-1.226, -2.914e-05
-1.225, -2.914e-05
-1.224, -2.912e-05
-1.223, -2.911e-05
-1.222, -2.910e-05
-1.221, -2.909e-05
-1.220, -2.909e-05
-1.219, -2.907e-05
-1.218, -2.907e-05
-1.217, -2.905e-05
-1.216, -2.905e-05
-1.215, -2.904e-05
-1.214, -2.902e-05
-1.213, -2.902e-05
-1.212, -2.900e-05
-1.211, -2.898e-05
-1.210, -2.898e-05
-1.209, -2.897e-05
-1.208, -2.896e-05
-1.207, -2.895e-05
-1.206, -2.893e-05
-1.205, -2.893e-05
-1.204, -2.891e-05
-1.203, -2.890e-05
-1.202, -2.889e-05
-1.201, -2.888e-05
-1.200, -2.888e-05
-1.199, -2.886e-05
-1.198, -2.886e-05
-1.197, -2.885e-05
-1.196, -2.883e-05
-1.195, -2.883e-05
-1.194, -2.882e-05
-1.193, -2.881e-05
-1.192, -2.879e-05
-1.191, -2.879e-05
-1.190, -2.878e-05
-1.189, -2.876e-05
-1.188, -2.876e-05
-1.187, -2.874e-05
-1.186, -2.874e-05
-1.185, -2.873e-05
-1.184, -2.871e-05
-1.183, -2.871e-05
-1.182, -2.870e-05
-1.181, -2.869e-05
-1.180, -2.868e-05
-1.179, -2.866e-05
-1.178, -2.866e-05
-1.177, -2.865e-05
-1.176, -2.863e-05
-1.175, -2.863e-05
-1.174, -2.861e-05
-1.173, -2.861e-05
-1.172, -2.860e-05
-1.171, -2.858e-05
-1.170, -2.859e-05
-1.169, -2.857e-05
-1.168, -2.857e-05
-1.167, -2.855e-05
-1.166, -2.853e-05
-1.165, -2.854e-05
-1.164, -2.852e-05
-1.163, -2.851e-05
-1.162, -2.850e-05
-1.161, -2.849e-05
-1.160, -2.848e-05
-1.159, -2.847e-05
-1.158, -2.847e-05
-1.157, -2.845e-05
-1.156, -2.843e-05
-1.155, -2.843e-05
-1.154, -2.842e-05
-1.153, -2.841e-05
-1.152, -2.839e-05
-1.151, -2.838e-05
-1.150, -2.838e-05
-1.149, -2.837e-05
-1.148, -2.836e-05
-1.147, -2.835e-05
-1.146, -2.833e-05
-1.145, -2.833e-05
-1.144, -2.831e-05
-1.143, -2.831e-05
-1.142, -2.829e-05
-1.141, -2.828e-05
-1.140, -2.828e-05
-1.139, -2.826e-05
-1.138, -2.826e-05
-1.137, -2.824e-05
-1.136, -2.823e-05
-1.135, -2.822e-05
-1.134, -2.820e-05
-1.133, -2.820e-05
-1.132, -2.818e-05
-1.131, -2.817e-05
-1.130, -2.816e-05
-1.129, -2.815e-05
-1.128, -2.814e-05
-1.127, -2.812e-05
-1.126, -2.811e-05
-1.125, -2.811e-05
-1.124, -2.809e-05
-1.123, -2.809e-05
-1.122, -2.807e-05
-1.121, -2.805e-05
-1.120, -2.804e-05
-1.119, -2.802e-05
-1.118, -2.802e-05
-1.117, -2.800e-05
-1.116, -2.798e-05
-1.115, -2.798e-05
-1.114, -2.796e-05
-1.113, -2.795e-05
-1.112, -2.793e-05
-1.111, -2.792e-05
-1.110, -2.791e-05
-1.109, -2.789e-05
-1.108, -2.788e-05
-1.107, -2.786e-05
-1.106, -2.785e-05
-1.105, -2.783e-05
-1.104, -2.781e-05
-1.103, -2.780e-05
-1.102, -2.778e-05
-1.101, -2.776e-05
-1.100, -2.775e-05
-1.099, -2.772e-05
-1.098, -2.772e-05
-1.097, -2.769e-05
-1.096, -2.767e-05
-1.095, -2.766e-05
-1.094, -2.763e-05
-1.093, -2.762e-05
-1.092, -2.759e-05
-1.091, -2.757e-05
-1.090, -2.756e-05
-1.089, -2.753e-05
-1.088, -2.752e-05
-1.087, -2.749e-05
-1.086, -2.746e-05
-1.085, -2.745e-05
-1.084, -2.741e-05
-1.083, -2.740e-05
-1.082, -2.737e-05
-1.081, -2.733e-05
-1.080, -2.732e-05
-1.079, -2.728e-05
-1.078, -2.726e-05
-1.077, -2.723e-05
-1.076, -2.719e-05
-1.075, -2.718e-05
-1.074, -2.714e-05
-1.073, -2.712e-05
-1.072, -2.708e-05
-1.071, -2.703e-05
-1.070, -2.702e-05
-1.069, -2.697e-05
-1.068, -2.694e-05
-1.067, -2.690e-05
-1.066, -2.687e-05
-1.065, -2.683e-05
-1.064, -2.678e-05
-1.063, -2.675e-05
-1.062, -2.671e-05
-1.061, -2.666e-05
-1.060, -2.662e-05
-1.059, -2.655e-05
-1.058, -2.653e-05
-1.057, -2.646e-05
-1.056, -2.643e-05
-1.055, -2.638e-05
-1.054, -2.631e-05
-1.053, -2.627e-05
-1.052, -2.620e-05
-1.051, -2.614e-05
-1.050, -2.608e-05
-1.049, -2.601e-05
-1.048, -2.597e-05
-1.047, -2.590e-05
-1.046, -2.584e-05
-1.045, -2.578e-05
-1.044, -2.569e-05
-1.043, -2.563e-05
-1.042, -2.554e-05
-1.041, -2.546e-05
-1.040, -2.540e-05
-1.039, -2.530e-05
-1.038, -2.525e-05
-1.037, -2.516e-05
-1.036, -2.507e-05
-1.035, -2.498e-05
-1.034, -2.487e-05
-1.033, -2.478e-05
-1.032, -2.468e-05
-1.031, -2.457e-05
-1.030, -2.447e-05
-1.029, -2.435e-05
-1.028, -2.426e-05
-1.027, -2.411e-05
-1.026, -2.402e-05
-1.025, -2.390e-05
-1.024, -2.383e-05
-1.023, -2.366e-05
-1.022, -2.351e-05
-1.021, -2.338e-05
-1.020, -2.324e-05
-1.019, -2.305e-05
-1.018, -2.295e-05
-1.017, -2.276e-05
-1.016, -2.261e-05
-1.015, -2.243e-05
-1.014, -2.225e-05
-1.013, -2.211e-05
-1.012, -2.188e-05
-1.011, -2.177e-05
-1.010, -2.157e-05
-1.009, -2.133e-05
-1.008, -2.118e-05
-1.007, -2.090e-05
-1.006, -2.071e-05
-1.005, -2.052e-05
-1.004, -2.025e-05
-1.003, -2.003e-05
-1.002, -1.975e-05
-1.001, -1.952e-05
-1.000, -1.931e-05
-0.999, -1.894e-05
-0.998, -1.870e-05
-0.997, -1.841e-05
-0.996, -1.813e-05
-0.995, -1.785e-05
-0.994, -1.750e-05
-0.993, -1.726e-05
-0.992, -1.688e-05
-0.991, -1.654e-05
-0.990, -1.622e-05
-0.989, -1.588e-05
-0.988, -1.552e-05
-0.987, -1.507e-05
-0.986, -1.484e-05
-0.985, -1.439e-05
-0.984, -1.397e-05
-0.983, -1.356e-05
-0.982, -1.312e-05
-0.981, -1.274e-05
-0.980, -1.228e-05
-0.979, -1.176e-05
-0.978, -1.140e-05
-0.977, -1.080e-05
-0.976, -1.041e-05
-0.975, -9.871e-06
-0.974, -9.305e-06
-0.973, -8.950e-06
-0.972, -8.252e-06
-0.971, -7.770e-06
-0.970, -7.247e-06
-0.969, -6.624e-06
-0.968, -6.146e-06
-0.967, -5.422e-06
-0.966, -4.912e-06
-0.965, -4.349e-06
-0.964, -3.668e-06
-0.963, -3.130e-06
-0.962, -2.360e-06
-0.961, -1.798e-06
-0.960, -1.255e-06
-0.959, -4.357e-07
-0.958, 1.231e-07
-0.957, 8.696e-07
-0.956, 1.475e-06
-0.955, 2.238e-06
-0.954, 2.965e-06
-0.953, 3.518e-06
-0.952, 4.372e-06
-0.951, 5.060e-06
-0.950, 5.790e-06
-0.949, 6.554e-06
-0.948, 7.193e-06
-0.947, 8.281e-06
-0.946, 8.774e-06
-0.945, 9.528e-06
-0.944, 1.024e-05
-0.943, 1.091e-05
-0.942, 1.180e-05
-0.941, 1.231e-05
-0.940, 1.312e-05
-0.939, 1.398e-05
-0.938, 1.449e-05
-0.937, 1.541e-05
-0.936, 1.598e-05
-0.935, 1.670e-05
-0.934, 1.739e-05
-0.933, 1.794e-05
-0.932, 1.889e-05
-0.931, 1.947e-05
-0.930, 2.015e-05
-0.929, 2.095e-05
-0.928, 2.127e-05
-0.927, 2.235e-05
-0.926, 2.278e-05
-0.925, 2.345e-05
-0.924, 2.422e-05
-0.923, 2.462e-05
-0.922, 2.554e-05
-0.921, 2.605e-05
-0.920, 2.656e-05
-0.919, 2.728e-05
-0.918, 2.762e-05
-0.917, 2.840e-05
-0.916, 2.886e-05
-0.915, 2.944e-05
-0.914, 3.003e-05
-0.913, 3.033e-05
-0.912, 3.099e-05
-0.911, 3.152e-05
-0.910, 3.200e-05
-0.909, 3.240e-05
-0.908, 3.282e-05
-0.907, 3.345e-05
-0.906, 3.386e-05
-0.905, 3.441e-05
-0.904, 3.489e-05
-0.903, 3.520e-05
-0.902, 3.588e-05
-0.901, 3.611e-05
-0.900, 3.666e-05
-0.899, 3.713e-05
-0.898, 3.743e-05
-0.897, 3.807e-05
-0.896, 3.852e-05
-0.895, 3.905e-05
-0.894, 3.948e-05
-0.893, 3.964e-05
-0.892, 4.037e-05
-0.891, 4.056e-05
-0.890, 4.109e-05
-0.889, 4.156e-05
-0.888, 4.176e-05
-0.887, 4.251e-05
-0.886, 4.278e-05
-0.885, 4.320e-05
-0.884, 4.373e-05
-0.883, 4.375e-05
-0.882, 4.457e-05
-0.881, 4.488e-05
-0.880, 4.532e-05
-0.879, 4.591e-05
-0.878, 4.621e-05
-0.877, 4.676e-05
-0.876, 4.704e-05
-0.875, 4.765e-05
-0.874, 4.810e-05
-0.873, 4.837e-05
-0.872, 4.899e-05
-0.871, 4.924e-05
-0.870, 4.970e-05
-0.869, 5.023e-05
-0.868, 5.045e-05
-0.867, 5.107e-05
-0.866, 5.134e-05
-0.865, 5.182e-05
-0.864, 5.205e-05
-0.863, 5.245e-05
-0.862, 5.301e-05
-0.861, 5.309e-05
-0.860, 5.360e-05
-0.859, 5.392e-05
-0.858, 5.391e-05
-0.857, 5.441e-05
-0.856, 5.447e-05
-0.855, 5.493e-05
-0.854, 5.524e-05
-0.853, 5.522e-05
-0.852, 5.568e-05
-0.851, 5.571e-05
-0.850, 5.602e-05
-0.849, 5.620e-05
-0.848, 5.615e-05
-0.847, 5.644e-05
-0.846, 5.641e-05
-0.845, 5.677e-05
-0.844, 5.683e-05
-0.843, 5.674e-05
-0.842, 5.697e-05
-0.841, 5.674e-05
-0.840, 5.684e-05
-0.839, 5.696e-05
-0.838, 5.674e-05
-0.837, 5.685e-05
-0.836, 5.669e-05
-0.835, 5.670e-05
-0.834, 5.659e-05
-0.833, 5.639e-05
-0.832, 5.624e-05
-0.831, 5.614e-05
-0.830, 5.608e-05
-0.829, 5.589e-05
-0.828, 5.569e-05
-0.827, 5.564e-05
-0.826, 5.530e-05
-0.825, 5.520e-05
-0.824, 5.497e-05
-0.823, 5.469e-05
-0.822, 5.456e-05
-0.821, 5.419e-05
-0.820, 5.402e-05
-0.819, 5.352e-05
-0.818, 5.330e-05
-0.817, 5.315e-05
-0.816, 5.277e-05
-0.815, 5.258e-05
-0.814, 5.230e-05
-0.813, 5.189e-05
-0.812, 5.164e-05
-0.811, 5.127e-05
-0.810, 5.099e-05
-0.809, 5.068e-05
-0.808, 5.025e-05
-0.807, 4.997e-05
-0.806, 4.955e-05
-0.805, 4.922e-05
-0.804, 4.895e-05
-0.803, 4.854e-05
-0.802, 4.823e-05
-0.801, 4.785e-05
-0.800, 4.749e-05
-0.799, 4.717e-05
-0.798, 4.675e-05
-0.797, 4.643e-05
-0.796, 4.604e-05
-0.795, 4.570e-05
-0.794, 4.541e-05
-0.793, 4.499e-05
-0.792, 4.466e-05
-0.791, 4.428e-05
-0.790, 4.394e-05
-0.789, 4.357e-05
-0.788, 4.320e-05
-0.787, 4.287e-05
-0.786, 4.250e-05
-0.785, 4.215e-05
-0.784, 4.181e-05
-0.783, 4.145e-05
-0.782, 4.113e-05
-0.781, 4.071e-05
-0.780, 4.041e-05
-0.779, 4.010e-05
-0.778, 3.973e-05
-0.777, 3.944e-05
-0.776, 3.909e-05
-0.775, 3.878e-05
-0.774, 3.845e-05
-0.773, 3.809e-05
-0.772, 3.782e-05
-0.771, 3.748e-05
-0.770, 3.718e-05
-0.769, 3.689e-05
-0.768, 3.655e-05
-0.767, 3.628e-05
-0.766, 3.598e-05
-0.765, 3.568e-05
-0.764, 3.540e-05
-0.763, 3.510e-05
-0.762, 3.483e-05
-0.761, 3.453e-05
-0.760, 3.426e-05
-0.759, 3.400e-05
-0.758, 3.370e-05
-0.757, 3.345e-05
-0.756, 3.318e-05
-0.755, 3.290e-05
-0.754, 3.267e-05
-0.753, 3.239e-05
-0.752, 3.216e-05
-0.751, 3.190e-05
-0.750, 3.166e-05
-0.749, 3.142e-05
-0.748, 3.117e-05
-0.747, 3.094e-05
-0.746, 3.069e-05
-0.745, 3.046e-05
-0.744, 3.025e-05
-0.743, 3.002e-05
-0.742, 2.981e-05
-0.741, 2.957e-05
-0.740, 2.936e-05
-0.739, 2.914e-05
-0.738, 2.892e-05
-0.737, 2.872e-05
-0.736, 2.850e-05
-0.735, 2.831e-05
-0.734, 2.811e-05
-0.733, 2.789e-05
-0.732, 2.771e-05
-0.731, 2.751e-05
-0.730, 2.731e-05
-0.729, 2.713e-05
-0.728, 2.694e-05
-0.727, 2.677e-05
-0.726, 2.658e-05
-0.725, 2.639e-05
-0.724, 2.623e-05
-0.723, 2.603e-05
-0.722, 2.587e-05
-0.721, 2.569e-05
-0.720, 2.552e-05
-0.719, 2.536e-05
-0.718, 2.518e-05
-0.717, 2.504e-05
-0.716, 2.486e-05
-0.715, 2.471e-05
-0.714, 2.455e-05
-0.713, 2.438e-05
-0.712, 2.424e-05
-0.711, 2.407e-05
-0.710, 2.393e-05
-0.709, 2.378e-05
-0.708, 2.362e-05
-0.707, 2.348e-05
-0.706, 2.333e-05
-0.705, 2.318e-05
-0.704, 2.304e-05
-0.703, 2.290e-05
-0.702, 2.277e-05
-0.701, 2.262e-05
-0.700, 2.249e-05
-0.699, 2.236e-05
-0.698, 2.222e-05
-0.697, 2.210e-05
-0.696, 2.196e-05
-0.695, 2.183e-05
-0.694, 2.171e-05
-0.693, 2.157e-05
-0.692, 2.146e-05
-0.691, 2.134e-05
-0.690, 2.121e-05
-0.689, 2.110e-05
-0.688, 2.096e-05
-0.687, 2.086e-05
-0.686, 2.074e-05
-0.685, 2.061e-05
-0.684, 2.051e-05
-0.683, 2.039e-05
-0.682, 2.028e-05
-0.681, 2.016e-05
-0.680, 2.005e-05
-0.679, 1.994e-05
-0.678, 1.983e-05
-0.677, 1.973e-05
-0.676, 1.962e-05
-0.675, 1.952e-05
-0.674, 1.942e-05
-0.673, 1.931e-05
-0.672, 1.921e-05
-0.671, 1.910e-05
-0.670, 1.901e-05
-0.669, 1.891e-05
-0.668, 1.881e-05
-0.667, 1.871e-05
-0.666, 1.861e-05
-0.665, 1.852e-05
-0.664, 1.842e-05
-0.663, 1.833e-05
-0.662, 1.824e-05
-0.661, 1.814e-05
-0.660, 1.805e-05
-0.659, 1.797e-05
-0.658, 1.786e-05
-0.657, 1.778e-05
-0.656, 1.769e-05
-0.655, 1.761e-05
-0.654, 1.752e-05
-0.653, 1.742e-05
-0.652, 1.735e-05
-0.651, 1.726e-05
-0.650, 1.718e-05
-0.649, 1.710e-05
-0.648, 1.701e-05
-0.647, 1.694e-05
-0.646, 1.685e-05
-0.645, 1.677e-05
-0.644, 1.670e-05
-0.643, 1.661e-05
-0.642, 1.653e-05
-0.641, 1.645e-05
-0.640, 1.638e-05
-0.639, 1.630e-05
-0.638, 1.622e-05
-0.637, 1.615e-05
-0.636, 1.607e-05
-0.635, 1.600e-05
-0.634, 1.592e-05
-0.633, 1.585e-05
-0.632, 1.578e-05
-0.631, 1.570e-05
-0.630, 1.564e-05
-0.629, 1.557e-05
-0.628, 1.548e-05
-0.627, 1.541e-05
-0.626, 1.534e-05
-0.625, 1.527e-05
-0.624, 1.521e-05
-0.623, 1.513e-05
-0.622, 1.508e-05
-0.621, 1.500e-05
-0.620, 1.494e-05
-0.619, 1.488e-05
-0.618, 1.480e-05
-0.617, 1.474e-05
-0.616, 1.467e-05
-0.615, 1.460e-05
-0.614, 1.455e-05
-0.613, 1.447e-05
-0.612, 1.442e-05
-0.611, 1.435e-05
-0.610, 1.429e-05
-0.609, 1.423e-05
-0.608, 1.417e-05
-0.607, 1.412e-05
-0.606, 1.405e-05
-0.605, 1.399e-05
-0.604, 1.394e-05
-0.603, 1.387e-05
-0.602, 1.381e-05
-0.601, 1.375e-05
-0.600, 1.370e-05
-0.599, 1.364e-05
-0.598, 1.358e-05
-0.597, 1.353e-05
-0.596, 1.347e-05
-0.595, 1.342e-05
-0.594, 1.336e-05
-0.593, 1.330e-05
-0.592, 1.325e-05
-0.591, 1.319e-05
-0.590, 1.314e-05
-0.589, 1.310e-05
-0.588, 1.303e-05
-0.587, 1.298e-05
-0.586, 1.292e-05
-0.585, 1.287e-05
-0.584, 1.282e-05
-0.583, 1.276e-05
-0.582, 1.272e-05
-0.581, 1.266e-05
-0.580, 1.261e-05
-0.579, 1.256e-05
-0.578, 1.250e-05
-0.577, 1.246e-05
-0.576, 1.240e-05
-0.575, 1.236e-05
-0.574, 1.231e-05
-0.573, 1.225e-05
-0.572, 1.222e-05
-0.571, 1.216e-05
-0.570, 1.211e-05
-0.569, 1.207e-05
-0.568, 1.202e-05
-0.567, 1.198e-05
-0.566, 1.193e-05
-0.565, 1.188e-05
-0.564, 1.184e-05
-0.563, 1.178e-05
-0.562, 1.174e-05
-0.561, 1.169e-05
-0.560, 1.165e-05
-0.559, 1.161e-05
-0.558, 1.155e-05
-0.557, 1.152e-05
-0.556, 1.147e-05
-0.555, 1.143e-05
-0.554, 1.139e-05
-0.553, 1.134e-05
-0.552, 1.130e-05
-0.551, 1.125e-05
-0.550, 1.121e-05
-0.549, 1.118e-05
-0.548, 1.113e-05
-0.547, 1.109e-05
-0.546, 1.105e-05
-0.545, 1.101e-05
-0.544, 1.097e-05
-0.543, 1.092e-05
-0.542, 1.088e-05
-0.541, 1.084e-05
-0.540, 1.080e-05
-0.539, 1.077e-05
-0.538, 1.072e-05
-0.537, 1.069e-05
-0.536, 1.064e-05
-0.535, 1.060e-05
-0.534, 1.057e-05
-0.533, 1.052e-05
-0.532, 1.049e-05
-0.531, 1.045e-05
-0.530, 1.041e-05
-0.529, 1.037e-05
-0.528, 1.033e-05
-0.527, 1.030e-05
-0.526, 1.026e-05
-0.525, 1.021e-05
-0.524, 1.019e-05
-0.523, 1.014e-05
-0.522, 1.011e-05
-0.521, 1.007e-05
-0.520, 1.004e-05
-0.519, 1.000e-05
-0.518, 9.959e-06
-0.517, 9.932e-06
-0.516, 9.890e-06
-0.515, 9.861e-06
-0.514, 9.827e-06
-0.513, 9.783e-06
-0.512, 9.764e-06
-0.511, 9.719e-06
-0.510, 9.685e-06
-0.509, 9.653e-06
-0.508, 9.614e-06
-0.507, 9.589e-06
-0.506, 9.549e-06
-0.505, 9.517e-06
-0.504, 9.489e-06
-0.503, 9.446e-06
-0.502, 9.418e-06
-0.501, 9.382e-06
-0.500, 9.354e-06
-0.499, 9.316e-06
-0.498, 9.279e-06
-0.497, 9.259e-06
-0.496, 9.219e-06
-0.495, 9.189e-06
-0.494, 9.161e-06
-0.493, 9.120e-06
-0.492, 9.100e-06
-0.491, 9.067e-06
-0.490, 9.029e-06
-0.489, 9.006e-06
-0.488, 8.969e-06
-0.487, 8.948e-06
-0.486, 8.908e-06
-0.485, 8.880e-06
-0.484, 8.850e-06
-0.483, 8.820e-06
-0.482, 8.791e-06
-0.481, 8.761e-06
-0.480, 8.731e-06
-0.479, 8.703e-06
-0.478, 8.667e-06
-0.477, 8.643e-06
-0.476, 8.614e-06
-0.475, 8.584e-06
-0.474, 8.551e-06
-0.473, 8.519e-06
-0.472, 8.500e-06
-0.471, 8.465e-06
-0.470, 8.440e-06
-0.469, 8.413e-06
-0.468, 8.381e-06
-0.467, 8.358e-06
-0.466, 8.325e-06
-0.465, 8.300e-06
-0.464, 8.276e-06
-0.463, 8.243e-06
-0.462, 8.223e-06
-0.461, 8.187e-06
-0.460, 8.168e-06
-0.459, 8.141e-06
-0.458, 8.110e-06
-0.457, 8.091e-06
-0.456, 8.056e-06
-0.455, 8.035e-06
-0.454, 8.006e-06
-0.453, 7.972e-06
-0.452, 7.957e-06
-0.451, 7.925e-06
-0.450, 7.903e-06
-0.449, 7.881e-06
-0.448, 7.841e-06
-0.447, 7.828e-06
-0.446, 7.799e-06
-0.445, 7.774e-06
-0.444, 7.750e-06
-0.443, 7.715e-06
-0.442, 7.694e-06
-0.441, 7.669e-06
-0.440, 7.648e-06
-0.439, 7.621e-06
-0.438, 7.592e-06
-0.437, 7.573e-06
-0.436, 7.548e-06
-0.435, 7.531e-06
-0.434, 7.499e-06
-0.433, 7.469e-06
-0.432, 7.450e-06
-0.431, 7.426e-06
-0.430, 7.402e-06
-0.429, 7.378e-06
-0.428, 7.352e-06
-0.427, 7.335e-06
-0.426, 7.306e-06
-0.425, 7.288e-06
-0.424, 7.265e-06
-0.423, 7.234e-06
-0.422, 7.220e-06
-0.421, 7.191e-06
-0.420, 7.173e-06
-0.419, 7.153e-06
-0.418, 7.122e-06
-0.417, 7.108e-06
-0.416, 7.082e-06
-0.415, 7.065e-06
-0.414, 7.040e-06
-0.413, 7.010e-06
-0.412, 6.998e-06
-0.411, 6.969e-06
-0.410, 6.930e-06
-0.409, 6.924e-06
-0.408, 6.902e-06
-0.407, 6.889e-06
-0.406, 6.861e-06
-0.405, 6.843e-06
-0.404, 6.825e-06
-0.403, 6.797e-06
-0.402, 6.784e-06
-0.401, 6.756e-06
-0.400, 6.741e-06
-0.399, 6.718e-06
-0.398, 6.695e-06
-0.397, 6.671e-06
-0.396, 6.655e-06
-0.395, 6.637e-06
-0.394, 6.616e-06
-0.393, 6.594e-06
-0.392, 6.578e-06
-0.391, 6.550e-06
-0.390, 6.536e-06
-0.389, 6.509e-06
-0.388, 6.489e-06
-0.387, 6.477e-06
-0.386, 6.451e-06
-0.385, 6.436e-06
-0.384, 6.423e-06
-0.383, 6.392e-06
-0.382, 6.382e-06
-0.381, 6.353e-06
-0.380, 6.341e-06
-0.379, 6.321e-06
-0.378, 6.295e-06
-0.377, 6.283e-06
-0.376, 6.260e-06
-0.375, 6.247e-06
-0.374, 6.223e-06
-0.373, 6.202e-06
-0.372, 6.191e-06
-0.371, 6.162e-06
-0.370, 6.154e-06
-0.369, 6.132e-06
-0.368, 6.110e-06
-0.367, 6.099e-06
-0.366, 6.076e-06
-0.365, 6.061e-06
-0.364, 6.038e-06
-0.363, 6.020e-06
-0.362, 6.006e-06
-0.361, 5.981e-06
-0.360, 5.970e-06
-0.359, 5.950e-06
-0.358, 5.930e-06
-0.357, 5.917e-06
-0.356, 5.896e-06
-0.355, 5.886e-06
-0.354, 5.861e-06
-0.353, 5.846e-06
-0.352, 5.830e-06
-0.351, 5.811e-06
-0.350, 5.800e-06
-0.349, 5.776e-06
-0.348, 5.757e-06
-0.347, 5.749e-06
-0.346, 5.720e-06
-0.345, 5.716e-06
-0.344, 5.696e-06
-0.343, 5.676e-06
-0.342, 5.668e-06
-0.341, 5.640e-06
-0.340, 5.635e-06
-0.339, 5.612e-06
-0.338, 5.594e-06
-0.337, 5.584e-06
-0.336, 5.560e-06
-0.335, 5.553e-06
-0.334, 5.530e-06
-0.333, 5.520e-06
-0.332, 5.502e-06
-0.331, 5.481e-06
-0.330, 5.473e-06
-0.329, 5.454e-06
-0.328, 5.435e-06
-0.327, 5.428e-06
-0.326, 5.402e-06
-0.325, 5.391e-06
-0.324, 5.376e-06
-0.323, 5.360e-06
-0.322, 5.350e-06
-0.321, 5.328e-06
-0.320, 5.311e-06
-0.319, 5.298e-06
-0.318, 5.283e-06
-0.317, 5.269e-06
-0.316, 5.254e-06
-0.315, 5.243e-06
-0.314, 5.225e-06
-0.313, 5.207e-06
-0.312, 5.199e-06
-0.311, 5.181e-06
-0.310, 5.170e-06
-0.309, 5.150e-06
-0.308, 5.137e-06
-0.307, 5.132e-06
-0.306, 5.104e-06
-0.305, 5.098e-06
-0.304, 5.080e-06
-0.303, 5.062e-06
-0.302, 5.052e-06
-0.301, 5.031e-06
-0.300, 5.029e-06
-0.299, 5.008e-06
-0.298, 4.992e-06
-0.297, 4.985e-06
-0.296, 4.966e-06
-0.295, 4.951e-06
-0.294, 4.940e-06
-0.293, 4.921e-06
-0.292, 4.914e-06
-0.291, 4.897e-06
-0.290, 4.889e-06
-0.289, 4.871e-06
-0.288, 4.855e-06
-0.287, 4.851e-06
-0.286, 4.831e-06
-0.285, 4.820e-06
-0.284, 4.806e-06
-0.283, 4.790e-06
-0.282, 4.788e-06
-0.281, 4.767e-06
-0.280, 4.755e-06
-0.279, 4.742e-06
-0.278, 4.726e-06
-0.277, 4.716e-06
-0.276, 4.701e-06
-0.275, 4.696e-06
-0.274, 4.676e-06
-0.273, 4.659e-06
-0.272, 4.656e-06
-0.271, 4.636e-06
-0.270, 4.628e-06
-0.269, 4.607e-06
-0.268, 4.597e-06
-0.267, 4.593e-06
-0.266, 4.571e-06
-0.265, 4.563e-06
-0.264, 4.550e-06
-0.263, 4.536e-06
-0.262, 4.528e-06
-0.261, 4.507e-06
-0.260, 4.507e-06
-0.259, 4.491e-06
-0.258, 4.470e-06
-0.257, 4.470e-06
-0.256, 4.444e-06
-0.255, 4.442e-06
-0.254, 4.433e-06
-0.253, 4.411e-06
-0.252, 4.409e-06
-0.251, 4.395e-06
-0.250, 4.383e-06
-0.249, 4.371e-06
-0.248, 4.358e-06
-0.247, 4.358e-06
-0.246, 4.335e-06
-0.245, 4.325e-06
-0.244, 4.320e-06
-0.243, 4.299e-06
-0.242, 4.296e-06
-0.241, 4.282e-06
-0.240, 4.278e-06
-0.239, 4.265e-06
-0.238, 4.251e-06
-0.237, 4.244e-06
-0.236, 4.228e-06
-0.235, 4.228e-06
-0.234, 4.209e-06
-0.233, 4.194e-06
-0.232, 4.193e-06
-0.231, 4.181e-06
-0.230, 4.172e-06
-0.229, 4.157e-06
-0.228, 4.144e-06
-0.227, 4.142e-06
-0.226, 4.118e-06
-0.225, 4.116e-06
-0.224, 4.102e-06
-0.223, 4.089e-06
-0.222, 4.083e-06
-0.221, 4.062e-06
-0.220, 4.064e-06
-0.219, 4.052e-06
-0.218, 4.033e-06
-0.217, 4.035e-06
-0.216, 4.017e-06
-0.215, 4.013e-06
-0.214, 4.001e-06
-0.213, 3.989e-06
-0.212, 3.987e-06
-0.211, 3.967e-06
-0.210, 3.964e-06
-0.209, 3.952e-06
-0.208, 3.937e-06
-0.207, 3.940e-06
-0.206, 3.918e-06
-0.205, 3.897e-06
-0.204, 3.902e-06
-0.203, 3.891e-06
-0.202, 3.886e-06
-0.201, 3.872e-06
-0.200, 3.868e-06
-0.199, 3.856e-06
-0.198, 3.840e-06
-0.197, 3.836e-06
-0.196, 3.822e-06
-0.195, 3.818e-06
-0.194, 3.805e-06
-0.193, 3.792e-06
-0.192, 3.784e-06
-0.191, 3.773e-06
-0.190, 3.770e-06
-0.189, 3.757e-06
-0.188, 3.750e-06
-0.187, 3.748e-06
-0.186, 3.725e-06
-0.185, 3.727e-06
-0.184, 3.714e-06
-0.183, 3.704e-06
-0.182, 3.700e-06
-0.181, 3.679e-06
-0.180, 3.687e-06
-0.179, 3.677e-06
-0.178, 3.657e-06
-0.177, 3.661e-06
-0.176, 3.640e-06
-0.175, 3.640e-06
-0.174, 3.625e-06
-0.173, 3.615e-06
-0.172, 3.615e-06
-0.171, 3.595e-06
-0.170, 3.595e-06
-0.169, 3.580e-06
-0.168, 3.570e-06
-0.167, 3.567e-06
-0.166, 3.552e-06
-0.165, 3.550e-06
-0.164, 3.540e-06
-0.163, 3.532e-06
-0.162, 3.527e-06
-0.161, 3.515e-06
-0.160, 3.510e-06
-0.159, 3.501e-06
-0.158, 3.491e-06
-0.157, 3.482e-06
-0.156, 3.470e-06
-0.155, 3.472e-06
-0.154, 3.454e-06
-0.153, 3.447e-06
-0.152, 3.449e-06
-0.151, 3.432e-06
-0.150, 3.433e-06
-0.149, 3.422e-06
-0.148, 3.413e-06
-0.147, 3.412e-06
-0.146, 3.394e-06
-0.145, 3.393e-06
-0.144, 3.384e-06
-0.143, 3.376e-06
-0.142, 3.373e-06
-0.141, 3.350e-06
-0.140, 3.357e-06
-0.139, 3.346e-06
-0.138, 3.338e-06
-0.137, 3.336e-06
-0.136, 3.322e-06
-0.135, 3.324e-06
-0.134, 3.312e-06
-0.133, 3.303e-06
-0.132, 3.305e-06
-0.131, 3.291e-06
-0.130, 3.288e-06
-0.129, 3.277e-06
-0.128, 3.281e-06
-0.127, 3.272e-06
-0.126, 3.257e-06
-0.125, 3.253e-06
-0.124, 3.243e-06
-0.123, 3.241e-06
-0.122, 3.233e-06
-0.121, 3.222e-06
-0.120, 3.220e-06
-0.119, 3.210e-06
-0.118, 3.203e-06
-0.117, 3.201e-06
-0.116, 3.185e-06
-0.115, 3.183e-06
-0.114, 3.176e-06
-0.113, 3.172e-06
-0.112, 3.166e-06
-0.111, 3.152e-06
-0.110, 3.156e-06
-0.109, 3.139e-06
-0.108, 3.138e-06
-0.107, 3.135e-06
-0.106, 3.115e-06
-0.105, 3.119e-06
-0.104, 3.106e-06
-0.103, 3.109e-06
-0.102, 3.103e-06
-0.101, 3.083e-06
-0.100, 3.088e-06
-0.099, 3.075e-06
-0.098, 3.072e-06
-0.097, 3.068e-06
-0.096, 3.056e-06
-0.095, 3.059e-06
-0.094, 3.048e-06
-0.093, 3.045e-06
-0.092, 3.042e-06
-0.091, 3.032e-06
-0.090, 3.023e-06
-0.089, 3.016e-06
-0.088, 3.014e-06
-0.087, 3.012e-06
-0.086, 2.996e-06
-0.085, 2.998e-06
-0.084, 2.991e-06
-0.083, 2.983e-06
-0.082, 2.981e-06
-0.081, 2.965e-06
-0.080, 2.969e-06
-0.079, 2.959e-06
-0.078, 2.956e-06
-0.077, 2.956e-06
-0.076, 2.941e-06
-0.075, 2.942e-06
-0.074, 2.927e-06
-0.073, 2.927e-06
-0.072, 2.923e-06
-0.071, 2.911e-06
-0.070, 2.911e-06
-0.069, 2.901e-06
-0.068, 2.901e-06
-0.067, 2.895e-06
-0.066, 2.880e-06
-0.065, 2.884e-06
-0.064, 2.864e-06
-0.063, 2.868e-06
-0.062, 2.867e-06
-0.061, 2.851e-06
-0.060, 2.856e-06
-0.059, 2.843e-06
-0.058, 2.838e-06
-0.057, 2.840e-06
-0.056, 2.825e-06
-0.055, 2.827e-06
-0.054, 2.818e-06
-0.053, 2.815e-06
-0.052, 2.812e-06
-0.051, 2.798e-06
-0.050, 2.798e-06
-0.049, 2.788e-06
-0.048, 2.788e-06
-0.047, 2.788e-06
-0.046, 2.773e-06
-0.045, 2.771e-06
-0.044, 2.765e-06
-0.043, 2.763e-06
-0.042, 2.758e-06
-0.041, 2.747e-06
-0.040, 2.747e-06
-0.039, 2.733e-06
-0.038, 2.733e-06
-0.037, 2.727e-06
-0.036, 2.720e-06
-0.035, 2.723e-06
-0.034, 2.712e-06
-0.033, 2.708e-06
-0.032, 2.707e-06
-0.031, 2.696e-06
-0.030, 2.698e-06
-0.029, 2.684e-06
-0.028, 2.685e-06
-0.027, 2.685e-06
-0.026, 2.676e-06
-0.025, 2.671e-06
-0.024, 2.663e-06
-0.023, 2.658e-06
-0.022, 2.659e-06
-0.021, 2.644e-06
-0.020, 2.647e-06
-0.019, 2.639e-06
-0.018, 2.630e-06
-0.017, 2.636e-06
-0.016, 2.619e-06
-0.015, 2.624e-06
-0.014, 2.611e-06
-0.013, 2.602e-06
-0.012, 2.608e-06
-0.011, 2.597e-06
-0.010, 2.597e-06
-0.009, 2.589e-06
-0.008, 2.586e-06
-0.007, 2.585e-06
-0.006, 2.576e-06
-0.005, 2.575e-06
-0.004, 2.568e-06
-0.003, 2.566e-06
-0.002, 2.566e-06
-0.001, 2.552e-06
-0.000, 2.531e-06
0.001, 2.546e-06
0.002, 2.542e-06
0.003, 2.539e-06
0.004, 2.532e-06
0.005, 2.535e-06
0.006, 2.522e-06
0.007, 2.522e-06
0.008, 2.521e-06
0.009, 2.513e-06
0.010, 2.512e-06
0.011, 2.501e-06
0.012, 2.501e-06
0.013, 2.498e-06
0.014, 2.487e-06
0.015, 2.492e-06
0.016, 2.482e-06
0.017, 2.482e-06
0.018, 2.483e-06
0.019, 2.466e-06
0.020, 2.472e-06
0.021, 2.466e-06
0.022, 2.460e-06
0.023, 2.461e-06
0.024, 2.452e-06
0.025, 2.462e-06
0.026, 2.447e-06
0.027, 2.443e-06
0.028, 2.444e-06
0.029, 2.435e-06
0.030, 2.436e-06
0.031, 2.428e-06
0.032, 2.423e-06
0.033, 2.428e-06
0.034, 2.413e-06
0.035, 2.416e-06
0.036, 2.413e-06
0.037, 2.408e-06
0.038, 2.403e-06
0.039, 2.396e-06
0.040, 2.399e-06
0.041, 2.391e-06
0.042, 2.390e-06
0.043, 2.389e-06
0.044, 2.378e-06
0.045, 2.382e-06
0.046, 2.371e-06
0.047, 2.371e-06
0.048, 2.373e-06
0.049, 2.361e-06
0.050, 2.364e-06
0.051, 2.351e-06
0.052, 2.356e-06
0.053, 2.353e-06
0.054, 2.344e-06
0.055, 2.347e-06
0.056, 2.339e-06
0.057, 2.338e-06
0.058, 2.340e-06
0.059, 2.328e-06
0.060, 2.335e-06
0.061, 2.327e-06
0.062, 2.321e-06
0.063, 2.326e-06
0.064, 2.307e-06
0.065, 2.319e-06
0.066, 2.310e-06
0.067, 2.305e-06
0.068, 2.310e-06
0.069, 2.300e-06
0.070, 2.303e-06
0.071, 2.296e-06
0.072, 2.293e-06
0.073, 2.297e-06
0.074, 2.287e-06
0.075, 2.287e-06
0.076, 2.286e-06
0.077, 2.286e-06
0.078, 2.284e-06
0.079, 2.271e-06
0.080, 2.276e-06
0.081, 2.268e-06
0.082, 2.269e-06
0.083, 2.268e-06
0.084, 2.259e-06
0.085, 2.263e-06
0.086, 2.253e-06
0.087, 2.252e-06
0.088, 2.253e-06
0.089, 2.241e-06
0.090, 2.246e-06
0.091, 2.237e-06
0.092, 2.240e-06
0.093, 2.240e-06
0.094, 2.229e-06
0.095, 2.234e-06
0.096, 2.225e-06
0.097, 2.227e-06
0.098, 2.227e-06
0.099, 2.214e-06
0.100, 2.222e-06
0.101, 2.218e-06
0.102, 2.222e-06
0.103, 2.215e-06
0.104, 2.205e-06
0.105, 2.213e-06
0.106, 2.204e-06
0.107, 2.203e-06
0.108, 2.204e-06
0.109, 2.195e-06
0.110, 2.199e-06
0.111, 2.192e-06
0.112, 2.192e-06
0.113, 2.193e-06
0.114, 2.184e-06
0.115, 2.180e-06
0.116, 2.180e-06
0.117, 2.184e-06
0.118, 2.177e-06
0.119, 2.172e-06
0.120, 2.178e-06
0.121, 2.166e-06
0.122, 2.174e-06
0.123, 2.164e-06
0.124, 2.160e-06
0.125, 2.165e-06
0.126, 2.156e-06
0.127, 2.158e-06
0.128, 2.166e-06
0.129, 2.152e-06
0.130, 2.155e-06
0.131, 2.140e-06
0.132, 2.150e-06
0.133, 2.146e-06
0.134, 2.135e-06
0.135, 2.141e-06
0.136, 2.132e-06
0.137, 2.137e-06
0.138, 2.132e-06
0.139, 2.123e-06
0.140, 2.131e-06
0.141, 2.116e-06
0.142, 2.124e-06
0.143, 2.122e-06
0.144, 2.113e-06
0.145, 2.121e-06
0.146, 2.110e-06
0.147, 2.112e-06
0.148, 2.109e-06
0.149, 2.103e-06
0.150, 2.106e-06
0.151, 2.101e-06
0.152, 2.105e-06
0.153, 2.098e-06
0.154, 2.096e-06
0.155, 2.097e-06
0.156, 2.092e-06
0.157, 2.096e-06
0.158, 2.090e-06
0.159, 2.086e-06
0.160, 2.090e-06
0.161, 2.081e-06
0.162, 2.087e-06
0.163, 2.082e-06
0.164, 2.080e-06
0.165, 2.082e-06
0.166, 2.066e-06
0.167, 2.077e-06
0.168, 2.072e-06
0.169, 2.069e-06
0.170, 2.074e-06
0.171, 2.061e-06
0.172, 2.070e-06
0.173, 2.065e-06
0.174, 2.060e-06
0.175, 2.063e-06
0.176, 2.055e-06
0.177, 2.061e-06
0.178, 2.058e-06
0.179, 2.057e-06
0.180, 2.059e-06
0.181, 2.052e-06
0.182, 2.053e-06
0.183, 2.047e-06
0.184, 2.043e-06
0.185, 2.051e-06
0.186, 2.041e-06
0.187, 2.043e-06
0.188, 2.041e-06
0.189, 2.038e-06
0.190, 2.039e-06
0.191, 2.032e-06
0.192, 2.033e-06
0.193, 2.033e-06
0.194, 2.027e-06
0.195, 2.030e-06
0.196, 2.024e-06
0.197, 2.032e-06
0.198, 2.022e-06
0.199, 2.019e-06
0.200, 2.024e-06
0.201, 2.017e-06
0.202, 2.021e-06
0.203, 2.014e-06
0.204, 2.007e-06
0.205, 2.004e-06
0.206, 2.003e-06
0.207, 2.012e-06
0.208, 2.008e-06
0.209, 2.002e-06
0.210, 2.012e-06
0.211, 1.999e-06
0.212, 2.007e-06
0.213, 2.001e-06
0.214, 1.995e-06
0.215, 2.001e-06
0.216, 1.993e-06
0.217, 1.995e-06
0.218, 1.991e-06
0.219, 1.982e-06
0.220, 1.995e-06
0.221, 1.986e-06
0.222, 1.990e-06
0.223, 1.984e-06
0.224, 1.982e-06
0.225, 1.989e-06
0.226, 1.982e-06
0.227, 1.986e-06
0.228, 1.982e-06
0.229, 1.978e-06
0.230, 1.988e-06
0.231, 1.973e-06
0.232, 1.983e-06
0.233, 1.976e-06
0.234, 1.969e-06
0.235, 1.976e-06
0.236, 1.970e-06
0.237, 1.976e-06
0.238, 1.968e-06
0.239, 1.968e-06
0.240, 1.970e-06
0.241, 1.966e-06
0.242, 1.969e-06
0.243, 1.957e-06
0.244, 1.961e-06
0.245, 1.967e-06
0.246, 1.955e-06
0.247, 1.965e-06
0.248, 1.958e-06
0.249, 1.955e-06
0.250, 1.963e-06
0.251, 1.951e-06
0.252, 1.961e-06
0.253, 1.955e-06
0.254, 1.949e-06
0.255, 1.956e-06
0.256, 1.945e-06
0.257, 1.954e-06
0.258, 1.951e-06
0.259, 1.944e-06
0.260, 1.953e-06
0.261, 1.943e-06
0.262, 1.949e-06
0.263, 1.945e-06
0.264, 1.942e-06
0.265, 1.946e-06
0.266, 1.940e-06
0.267, 1.943e-06
0.268, 1.939e-06
0.269, 1.932e-06
0.270, 1.941e-06
0.271, 1.934e-06
0.272, 1.939e-06
0.273, 1.937e-06
0.274, 1.932e-06
0.275, 1.936e-06
0.276, 1.931e-06
0.277, 1.937e-06
0.278, 1.932e-06
0.279, 1.929e-06
0.280, 1.933e-06
0.281, 1.933e-06
0.282, 1.937e-06
0.283, 1.929e-06
0.284, 1.928e-06
0.285, 1.933e-06
0.286, 1.923e-06
0.287, 1.929e-06
0.288, 1.926e-06
0.289, 1.923e-06
0.290, 1.928e-06
0.291, 1.919e-06
0.292, 1.927e-06
0.293, 1.924e-06
0.294, 1.909e-06
0.295, 1.922e-06
0.296, 1.915e-06
0.297, 1.922e-06
0.298, 1.919e-06
0.299, 1.913e-06
0.300, 1.924e-06
0.301, 1.915e-06
0.302, 1.917e-06
0.303, 1.916e-06
0.304, 1.911e-06
0.305, 1.919e-06
0.306, 1.909e-06
0.307, 1.919e-06
0.308, 1.917e-06
0.309, 1.909e-06
0.310, 1.916e-06
0.311, 1.907e-06
0.312, 1.915e-06
0.313, 1.912e-06
0.314, 1.906e-06
0.315, 1.911e-06
0.316, 1.907e-06
0.317, 1.912e-06
0.318, 1.909e-06
0.319, 1.901e-06
0.320, 1.905e-06
0.321, 1.904e-06
0.322, 1.908e-06
0.323, 1.903e-06
0.324, 1.901e-06
0.325, 1.909e-06
0.326, 1.900e-06
0.327, 1.904e-06
0.328, 1.904e-06
0.329, 1.900e-06
0.330, 1.907e-06
0.331, 1.894e-06
0.332, 1.907e-06
0.333, 1.909e-06
0.334, 1.898e-06
0.335, 1.904e-06
0.336, 1.896e-06
0.337, 1.903e-06
0.338, 1.901e-06
0.339, 1.895e-06
0.340, 1.903e-06
0.341, 1.895e-06
0.342, 1.900e-06
0.343, 1.898e-06
0.344, 1.895e-06
0.345, 1.896e-06
0.346, 1.891e-06
0.347, 1.896e-06
0.348, 1.897e-06
0.349, 1.892e-06
0.350, 1.897e-06
0.351, 1.888e-06
0.352, 1.895e-06
0.353, 1.899e-06
0.354, 1.890e-06
0.355, 1.898e-06
0.356, 1.890e-06
0.357, 1.896e-06
0.358, 1.891e-06
0.359, 1.889e-06
0.360, 1.896e-06
0.361, 1.890e-06
0.362, 1.894e-06
0.363, 1.890e-06
0.364, 1.891e-06
0.365, 1.898e-06
0.366, 1.886e-06
0.367, 1.895e-06
0.368, 1.890e-06
0.369, 1.890e-06
0.370, 1.900e-06
0.371, 1.879e-06
0.372, 1.891e-06
0.373, 1.894e-06
0.374, 1.886e-06
0.375, 1.897e-06
0.376, 1.884e-06
0.377, 1.897e-06
0.378, 1.893e-06
0.379, 1.886e-06
0.380, 1.897e-06
0.381, 1.890e-06
0.382, 1.893e-06
0.383, 1.893e-06
0.384, 1.896e-06
0.385, 1.898e-06
0.386, 1.890e-06
0.387, 1.891e-06
0.388, 1.895e-06
0.389, 1.895e-06
0.390, 1.897e-06
0.391, 1.889e-06
0.392, 1.894e-06
0.393, 1.896e-06
0.394, 1.893e-06
0.395, 1.901e-06
0.396, 1.891e-06
0.397, 1.892e-06
0.398, 1.893e-06
0.399, 1.890e-06
0.400, 1.903e-06
0.401, 1.892e-06
0.402, 1.900e-06
0.403, 1.896e-06
0.404, 1.895e-06
0.405, 1.905e-06
0.406, 1.890e-06
0.407, 1.900e-06
0.408, 1.898e-06
0.409, 1.872e-06
0.410, 1.895e-06
0.411, 1.888e-06
0.412, 1.902e-06
0.413, 1.896e-06
0.414, 1.893e-06
0.415, 1.905e-06
0.416, 1.895e-06
0.417, 1.906e-06
0.418, 1.902e-06
0.419, 1.900e-06
0.420, 1.909e-06
0.421, 1.902e-06
0.422, 1.898e-06
0.423, 1.904e-06
0.424, 1.903e-06
0.425, 1.911e-06
0.426, 1.902e-06
0.427, 1.910e-06
0.428, 1.909e-06
0.429, 1.908e-06
0.430, 1.915e-06
0.431, 1.905e-06
0.432, 1.917e-06
0.433, 1.914e-06
0.434, 1.914e-06
0.435, 1.927e-06
0.436, 1.914e-06
0.437, 1.923e-06
0.438, 1.916e-06
0.439, 1.917e-06
0.440, 1.926e-06
0.441, 1.918e-06
0.442, 1.927e-06
0.443, 1.921e-06
0.444, 1.923e-06
0.445, 1.933e-06
0.446, 1.921e-06
0.447, 1.933e-06
0.448, 1.919e-06
0.449, 1.929e-06
0.450, 1.936e-06
0.451, 1.924e-06
0.452, 1.937e-06
0.453, 1.936e-06
0.454, 1.932e-06
0.455, 1.942e-06
0.456, 1.932e-06
0.457, 1.943e-06
0.458, 1.939e-06
0.459, 1.942e-06
0.460, 1.947e-06
0.461, 1.938e-06
0.462, 1.949e-06
0.463, 1.946e-06
0.464, 1.947e-06
0.465, 1.958e-06
0.466, 1.945e-06
0.467, 1.956e-06
0.468, 1.955e-06
0.469, 1.958e-06
0.470, 1.962e-06
0.471, 1.955e-06
0.472, 1.965e-06
0.473, 1.958e-06
0.474, 1.962e-06
0.475, 1.969e-06
0.476, 1.964e-06
0.477, 1.975e-06
0.478, 1.966e-06
0.479, 1.975e-06
0.480, 1.977e-06
0.481, 1.971e-06
0.482, 1.984e-06
0.483, 1.978e-06
0.484, 1.984e-06
0.485, 1.989e-06
0.486, 1.990e-06
0.487, 1.995e-06
0.488, 1.989e-06
0.489, 1.993e-06
0.490, 2.002e-06
0.491, 1.988e-06
0.492, 2.004e-06
0.493, 2.002e-06
0.494, 2.004e-06
0.495, 2.012e-06
0.496, 2.001e-06
0.497, 2.017e-06
0.498, 2.012e-06
0.499, 2.008e-06
0.500, 2.025e-06
0.501, 2.016e-06
0.502, 2.023e-06
0.503, 2.020e-06
0.504, 2.026e-06
0.505, 2.035e-06
0.506, 2.025e-06
0.507, 2.036e-06
0.508, 2.033e-06
0.509, 2.038e-06
0.510, 2.043e-06
0.511, 2.036e-06
0.512, 2.061e-06
0.513, 2.045e-06
0.514, 2.052e-06
0.515, 2.056e-06
0.516, 2.048e-06
0.517, 2.063e-06
0.518, 2.054e-06
0.519, 2.063e-06
0.520, 2.068e-06
0.521, 2.062e-06
0.522, 2.073e-06
0.523, 2.062e-06
0.524, 2.073e-06
0.525, 2.076e-06
0.526, 2.068e-06
0.527, 2.082e-06
0.528, 2.076e-06
0.529, 2.087e-06
0.530, 2.089e-06
0.531, 2.078e-06
0.532, 2.093e-06
0.533, 2.089e-06
0.534, 2.092e-06
0.535, 2.100e-06
0.536, 2.090e-06
0.537, 2.113e-06
0.538, 2.100e-06
0.539, 2.105e-06
0.540, 2.117e-06
0.541, 2.105e-06
0.542, 2.111e-06
0.543, 2.107e-06
0.544, 2.115e-06
0.545, 2.123e-06
0.546, 2.112e-06
0.547, 2.122e-06
0.548, 2.122e-06
0.549, 2.129e-06
0.550, 2.123e-06
0.551, 2.122e-06
0.552, 2.133e-06
0.553, 2.130e-06
0.554, 2.140e-06
0.555, 2.140e-06
0.556, 2.134e-06
0.557, 2.148e-06
0.558, 2.140e-06
0.559, 2.151e-06
0.560, 2.152e-06
0.561, 2.145e-06
0.562, 2.161e-06
0.563, 2.143e-06
0.564, 2.159e-06
0.565, 2.165e-06
0.566, 2.154e-06
0.567, 2.170e-06
0.568, 2.165e-06
0.569, 2.168e-06
0.570, 2.175e-06
0.571, 2.168e-06
0.572, 2.178e-06
0.573, 2.174e-06
0.574, 2.177e-06
0.575, 2.184e-06
0.576, 2.166e-06
0.577, 2.188e-06
0.578, 2.182e-06
0.579, 2.184e-06
0.580, 2.194e-06
0.581, 2.187e-06
0.582, 2.192e-06
0.583, 2.192e-06
0.584, 2.198e-06
0.585, 2.202e-06
0.586, 2.196e-06
0.587, 2.203e-06
0.588, 2.206e-06
0.589, 2.219e-06
0.590, 2.213e-06
0.591, 2.205e-06
0.592, 2.216e-06
0.593, 2.212e-06
0.594, 2.215e-06
0.595, 2.216e-06
0.596, 2.219e-06
0.597, 2.224e-06
0.598, 2.219e-06
0.599, 2.227e-06
0.600, 2.228e-06
0.601, 2.219e-06
0.602, 2.230e-06
0.603, 2.224e-06
0.604, 2.233e-06
0.605, 2.240e-06
0.606, 2.231e-06
0.607, 2.243e-06
0.608, 2.235e-06
0.609, 2.244e-06
0.610, 2.250e-06
0.611, 2.237e-06
0.612, 2.254e-06
0.613, 2.248e-06
0.614, 2.228e-06
0.615, 2.254e-06
0.616, 2.247e-06
0.617, 2.263e-06
0.618, 2.255e-06
0.619, 2.257e-06
0.620, 2.267e-06
0.621, 2.262e-06
0.622, 2.272e-06
0.623, 2.266e-06
0.624, 2.268e-06
0.625, 2.279e-06
0.626, 2.273e-06
0.627, 2.268e-06
0.628, 2.275e-06
0.629, 2.281e-06
0.630, 2.289e-06
0.631, 2.277e-06
0.632, 2.292e-06
0.633, 2.287e-06
0.634, 2.291e-06
0.635, 2.297e-06
0.636, 2.292e-06
0.637, 2.307e-06
0.638, 2.295e-06
0.639, 2.303e-06
0.640, 2.319e-06
0.641, 2.307e-06
0.642, 2.315e-06
0.643, 2.306e-06
0.644, 2.315e-06
0.645, 2.324e-06
0.646, 2.315e-06
0.647, 2.324e-06
0.648, 2.320e-06
0.649, 2.323e-06
0.650, 2.333e-06
0.651, 2.324e-06
0.652, 2.336e-06
0.653, 2.323e-06
0.654, 2.332e-06
0.655, 2.343e-06
0.656, 2.335e-06
0.657, 2.347e-06
0.658, 2.344e-06
0.659, 2.347e-06
0.660, 2.355e-06
0.661, 2.351e-06
0.662, 2.359e-06
0.663, 2.355e-06
0.664, 2.360e-06
0.665, 2.368e-06
0.666, 2.358e-06
0.667, 2.368e-06
0.668, 2.371e-06
0.669, 2.375e-06
0.670, 2.380e-06
0.671, 2.370e-06
0.672, 2.386e-06
0.673, 2.385e-06
0.674, 2.387e-06
0.675, 2.395e-06
0.676, 2.390e-06
0.677, 2.399e-06
0.678, 2.387e-06
0.679, 2.398e-06
0.680, 2.410e-06
0.681, 2.405e-06
0.682, 2.415e-06
0.683, 2.409e-06
0.684, 2.416e-06
0.685, 2.425e-06
0.686, 2.417e-06
0.687, 2.432e-06
0.688, 2.426e-06
0.689, 2.434e-06
0.690, 2.441e-06
0.691, 2.442e-06
0.692, 2.446e-06
0.693, 2.445e-06
0.694, 2.448e-06
0.695, 2.458e-06
0.696, 2.451e-06
0.697, 2.464e-06
0.698, 2.460e-06
0.699, 2.464e-06
0.700, 2.477e-06
0.701, 2.467e-06
0.702, 2.477e-06
0.703, 2.475e-06
0.704, 2.474e-06
0.705, 2.486e-06
0.706, 2.480e-06
0.707, 2.497e-06
0.708, 2.491e-06
0.709, 2.500e-06
0.710, 2.506e-06
0.711, 2.500e-06
0.712, 2.515e-06
0.713, 2.513e-06
0.714, 2.522e-06
0.715, 2.526e-06
0.716, 2.522e-06
0.717, 2.545e-06
0.718, 2.534e-06
0.719, 2.540e-06
0.720, 2.548e-06
0.721, 2.541e-06
0.722, 2.558e-06
0.723, 2.547e-06
0.724, 2.558e-06
0.725, 2.571e-06
0.726, 2.559e-06
0.727, 2.576e-06
0.728, 2.572e-06
0.729, 2.573e-06
0.730, 2.583e-06
0.731, 2.576e-06
0.732, 2.599e-06
0.733, 2.594e-06
0.734, 2.594e-06
0.735, 2.607e-06
0.736, 2.595e-06
0.737, 2.621e-06
0.738, 2.613e-06
0.739, 2.616e-06
0.740, 2.632e-06
0.741, 2.626e-06
0.742, 2.650e-06
0.743, 2.638e-06
0.744, 2.646e-06
0.745, 2.653e-06
0.746, 2.649e-06
0.747, 2.661e-06
0.748, 2.662e-06
0.749, 2.668e-06
0.750, 2.674e-06
0.751, 2.666e-06
0.752, 2.689e-06
0.753, 2.684e-06
0.754, 2.694e-06
0.755, 2.686e-06
0.756, 2.694e-06
0.757, 2.708e-06
0.758, 2.701e-06
0.759, 2.714e-06
0.760, 2.716e-06
0.761, 2.716e-06
0.762, 2.731e-06
0.763, 2.720e-06
0.764, 2.736e-06
0.765, 2.739e-06
0.766, 2.736e-06
0.767, 2.750e-06
0.768, 2.742e-06
0.769, 2.757e-06
0.770, 2.763e-06
0.771, 2.748e-06
0.772, 2.776e-06
0.773, 2.772e-06
0.774, 2.770e-06
0.775, 2.783e-06
0.776, 2.778e-06
0.777, 2.795e-06
0.778, 2.790e-06
0.779, 2.794e-06
0.780, 2.802e-06
0.781, 2.787e-06
0.782, 2.808e-06
0.783, 2.802e-06
0.784, 2.813e-06
0.785, 2.819e-06
0.786, 2.813e-06
0.787, 2.826e-06
0.788, 2.824e-06
0.789, 2.833e-06
0.790, 2.832e-06
0.791, 2.832e-06
0.792, 2.842e-06
0.793, 2.850e-06
0.794, 2.853e-06
0.795, 2.850e-06
0.796, 2.846e-06
0.797, 2.863e-06
0.798, 2.855e-06
0.799, 2.861e-06
0.800, 2.863e-06
0.801, 2.864e-06
0.802, 2.873e-06
0.803, 2.861e-06
0.804, 2.881e-06
0.805, 2.884e-06
0.806, 2.860e-06
0.807, 2.884e-06
0.808, 2.881e-06
0.809, 2.891e-06
0.810, 2.892e-06
0.811, 2.881e-06
0.812, 2.898e-06
0.813, 2.894e-06
0.814, 2.901e-06
0.815, 2.900e-06
0.816, 2.894e-06
0.817, 2.915e-06
0.818, 2.902e-06
0.819, 2.876e-06
0.820, 2.907e-06
0.821, 2.904e-06
0.822, 2.915e-06
0.823, 2.909e-06
0.824, 2.921e-06
0.825, 2.925e-06
0.826, 2.917e-06
0.827, 2.927e-06
0.828, 2.922e-06
0.829, 2.935e-06
0.830, 2.925e-06
0.831, 2.929e-06
0.832, 2.929e-06
0.833, 2.929e-06
0.834, 2.940e-06
0.835, 2.938e-06
0.836, 2.941e-06
0.837, 2.951e-06
0.838, 2.937e-06
0.839, 2.951e-06
0.840, 2.953e-06
0.841, 2.946e-06
0.842, 2.962e-06
0.843, 2.952e-06
0.844, 2.966e-06
0.845, 2.974e-06
0.846, 2.956e-06
0.847, 2.973e-06
0.848, 2.960e-06
0.849, 2.977e-06
0.850, 2.974e-06
0.851, 2.966e-06
0.852, 2.983e-06
0.853, 2.976e-06
0.854, 2.984e-06
0.855, 2.986e-06
0.856, 2.977e-06
0.857, 2.990e-06
0.858, 2.987e-06
0.859, 2.994e-06
0.860, 2.999e-06
0.861, 2.996e-06
0.862, 3.008e-06
0.863, 3.002e-06
0.864, 3.006e-06
0.865, 3.014e-06
0.866, 3.011e-06
0.867, 3.018e-06
0.868, 3.018e-06
0.869, 3.028e-06
0.870, 3.020e-06
0.871, 3.023e-06
0.872, 3.036e-06
0.873, 3.029e-06
0.874, 3.043e-06
0.875, 3.039e-06
0.876, 3.039e-06
0.877, 3.052e-06
0.878, 3.041e-06
0.879, 3.054e-06
0.880, 3.053e-06
0.881, 3.058e-06
0.882, 3.068e-06
0.883, 3.048e-06
0.884, 3.074e-06
0.885, 3.072e-06
0.886, 3.068e-06
0.887, 3.088e-06
0.888, 3.077e-06
0.889, 3.094e-06
0.890, 3.090e-06
0.891, 3.084e-06
0.892, 3.109e-06
0.893, 3.097e-06
0.894, 3.111e-06
0.895, 3.109e-06
0.896, 3.123e-06
0.897, 3.131e-06
0.898, 3.125e-06
0.899, 3.131e-06
0.900, 3.136e-06
0.901, 3.137e-06
0.902, 3.150e-06
0.903, 3.142e-06
0.904, 3.161e-06
0.905, 3.158e-06
0.906, 3.157e-06
0.907, 3.173e-06
0.908, 3.168e-06
0.909, 3.179e-06
0.910, 3.175e-06
0.911, 3.183e-06
0.912, 3.196e-06
0.913, 3.196e-06
0.914, 3.207e-06
0.915, 3.201e-06
0.916, 3.209e-06
0.917, 3.230e-06
0.918, 3.213e-06
0.919, 3.239e-06
0.920, 3.233e-06
0.921, 3.246e-06
0.922, 3.256e-06
0.923, 3.248e-06
0.924, 3.270e-06
0.925, 3.267e-06
0.926, 3.262e-06
0.927, 3.285e-06
0.928, 3.279e-06
0.929, 3.297e-06
0.930, 3.293e-06
0.931, 3.294e-06
0.932, 3.315e-06
0.933, 3.317e-06
0.934, 3.315e-06
0.935, 3.325e-06
0.936, 3.326e-06
0.937, 3.349e-06
0.938, 3.341e-06
0.939, 3.358e-06
0.940, 3.361e-06
0.941, 3.366e-06
0.942, 3.385e-06
0.943, 3.382e-06
0.944, 3.401e-06
0.945, 3.400e-06
0.946, 3.406e-06
0.947, 3.436e-06
0.948, 3.425e-06
0.949, 3.448e-06
0.950, 3.443e-06
0.951, 3.449e-06
0.952, 3.471e-06
0.953, 3.468e-06
0.954, 3.492e-06
0.955, 3.489e-06
0.956, 3.501e-06
0.957, 3.525e-06
0.958, 3.517e-06
0.959, 3.542e-06
0.960, 3.535e-06
0.961, 3.548e-06
0.962, 3.575e-06
0.963, 3.567e-06
0.964, 3.597e-06
0.965, 3.601e-06
0.966, 3.602e-06
0.967, 3.632e-06
0.968, 3.633e-06
0.969, 3.658e-06
0.970, 3.664e-06
0.971, 3.659e-06
0.972, 3.698e-06
0.973, 3.693e-06
0.974, 3.716e-06
0.975, 3.723e-06
0.976, 3.733e-06
0.977, 3.761e-06
0.978, 3.762e-06
0.979, 3.780e-06
0.980, 3.796e-06
0.981, 3.804e-06
0.982, 3.824e-06
0.983, 3.826e-06
0.984, 3.858e-06
0.985, 3.855e-06
0.986, 3.869e-06
0.987, 3.898e-06
0.988, 3.905e-06
0.989, 3.933e-06
0.990, 3.937e-06
0.991, 3.943e-06
0.992, 3.974e-06
0.993, 3.979e-06
0.994, 4.009e-06
0.995, 4.010e-06
0.996, 4.022e-06
0.997, 4.056e-06
0.998, 4.066e-06
0.999, 4.089e-06
1.000, 4.095e-06
1.001, 4.109e-06
1.002, 4.140e-06
1.003, 4.136e-06
1.004, 4.174e-06
1.005, 4.188e-06
1.006, 4.192e-06
1.007, 4.225e-06
1.008, 4.227e-06
1.009, 4.261e-06
1.010, 4.272e-06
1.011, 4.263e-06
1.012, 4.309e-06
1.013, 4.316e-06
1.014, 4.347e-06
1.015, 4.361e-06
1.016, 4.376e-06
1.017, 4.405e-06
1.018, 4.416e-06
1.019, 4.447e-06
1.020, 4.464e-06
1.021, 4.483e-06
1.022, 4.518e-06
1.023, 4.527e-06
1.024, 4.527e-06
1.025, 4.576e-06
1.026, 4.595e-06
1.027, 4.630e-06
1.028, 4.650e-06
1.029, 4.687e-06
1.030, 4.706e-06
1.031, 4.728e-06
1.032, 4.773e-06
1.033, 4.783e-06
1.034, 4.837e-06
1.035, 4.854e-06
1.036, 4.883e-06
1.037, 4.914e-06
1.038, 4.937e-06
1.039, 4.987e-06
1.040, 5.025e-06
1.041, 5.051e-06
1.042, 5.097e-06
1.043, 5.114e-06
1.044, 5.173e-06
1.045, 5.209e-06
1.046, 5.239e-06
1.047, 5.299e-06
1.048, 5.321e-06
1.049, 5.396e-06
1.050, 5.431e-06
1.051, 5.462e-06
1.052, 5.529e-06
1.053, 5.562e-06
1.054, 5.621e-06
1.055, 5.673e-06
1.056, 5.708e-06
1.057, 5.785e-06
1.058, 5.822e-06
1.059, 5.893e-06
1.060, 5.948e-06
1.061, 6.006e-06
1.062, 6.066e-06
1.063, 6.121e-06
1.064, 6.205e-06
1.065, 6.269e-06
1.066, 6.329e-06
1.067, 6.415e-06
1.068, 6.475e-06
1.069, 6.570e-06
1.070, 6.629e-06
1.071, 6.709e-06
1.072, 6.810e-06
1.073, 6.880e-06
1.074, 6.982e-06
1.075, 7.047e-06
1.076, 7.146e-06
1.077, 7.263e-06
1.078, 7.328e-06
1.079, 7.460e-06
1.080, 7.544e-06
1.081, 7.664e-06
1.082, 7.775e-06
1.083, 7.872e-06
1.084, 8.014e-06
1.085, 8.119e-06
1.086, 8.238e-06
1.087, 8.378e-06
1.088, 8.455e-06
1.089, 8.633e-06
1.090, 8.760e-06
1.091, 8.890e-06
1.092, 9.053e-06
1.093, 9.178e-06
1.094, 9.346e-06
1.095, 9.490e-06
1.096, 9.647e-06
1.097, 9.824e-06
1.098, 9.963e-06
1.099, 1.015e-05
1.100, 1.033e-05
1.101, 1.056e-05
1.102, 1.072e-05
1.103, 1.087e-05
1.104, 1.109e-05
1.105, 1.127e-05
1.106, 1.148e-05
1.107, 1.167e-05
1.108, 1.187e-05
1.109, 1.211e-05
1.110, 1.231e-05
1.111, 1.255e-05
1.112, 1.278e-05
1.113, 1.298e-05
1.114, 1.325e-05
1.115, 1.347e-05
1.116, 1.374e-05
1.117, 1.401e-05
1.118, 1.425e-05
1.119, 1.456e-05
1.120, 1.481e-05
1.121, 1.514e-05
1.122, 1.546e-05
1.123, 1.572e-05
1.124, 1.609e-05
1.125, 1.639e-05
1.126, 1.679e-05
1.127, 1.715e-05
1.128, 1.745e-05
1.129, 1.790e-05
1.130, 1.822e-05
1.131, 1.865e-05
1.132, 1.907e-05
1.133, 1.943e-05
1.134, 1.992e-05
1.135, 2.033e-05
1.136, 2.080e-05
1.137, 2.127e-05
1.138, 2.170e-05
1.139, 2.216e-05
1.140, 2.261e-05
1.141, 2.316e-05
1.142, 2.370e-05
1.143, 2.416e-05
1.144, 2.475e-05
1.145, 2.524e-05
1.146, 2.581e-05
1.147, 2.638e-05
1.148, 2.687e-05
1.149, 2.751e-05
1.150, 2.804e-05
1.151, 2.864e-05
1.152, 2.934e-05
1.153, 2.985e-05
1.154, 3.051e-05
1.155, 3.099e-05
1.156, 3.169e-05
1.157, 3.230e-05
1.158, 3.287e-05
1.159, 3.356e-05
1.160, 3.406e-05
1.161, 3.477e-05
1.162, 3.538e-05
1.163, 3.595e-05
1.164, 3.666e-05
1.165, 3.707e-05
1.166, 3.779e-05
1.167, 3.842e-05
1.168, 3.897e-05
1.169, 3.968e-05
1.170, 4.020e-05
1.171, 4.081e-05
1.172, 4.142e-05
1.173, 4.198e-05
1.174, 4.260e-05
1.175, 4.309e-05
1.176, 4.367e-05
1.177, 4.420e-05
1.178, 4.466e-05
1.179, 4.523e-05
1.180, 4.566e-05
1.181, 4.620e-05
1.182, 4.667e-05
1.183, 4.709e-05
1.184, 4.759e-05
1.185, 4.797e-05
1.186, 4.843e-05
1.187, 4.880e-05
1.188, 4.916e-05
1.189, 4.962e-05
1.190, 4.981e-05
1.191, 5.018e-05
1.192, 5.055e-05
1.193, 5.081e-05
1.194, 5.123e-05
1.195, 5.137e-05
1.196, 5.172e-05
1.197, 5.195e-05
1.198, 5.210e-05
1.199, 5.238e-05
1.200, 5.247e-05
1.201, 5.272e-05
1.202, 5.285e-05
1.203, 5.300e-05
1.204, 5.320e-05
1.205, 5.319e-05
1.206, 5.332e-05
1.207, 5.338e-05
1.208, 5.335e-05
1.209, 5.348e-05
1.210, 5.341e-05
1.211, 5.347e-05
1.212, 5.348e-05
1.213, 5.338e-05
1.214, 5.343e-05
1.215, 5.332e-05
1.216, 5.320e-05
1.217, 5.319e-05
1.218, 5.305e-05
1.219, 5.302e-05
1.220, 5.289e-05
1.221, 5.282e-05
1.222, 5.268e-05
1.223, 5.248e-05
1.224, 5.243e-05
1.225, 5.224e-05
1.226, 5.213e-05
1.227, 5.194e-05
1.228, 5.174e-05
1.229, 5.135e-05
1.230, 5.128e-05
1.231, 5.116e-05
1.232, 5.097e-05
1.233, 5.078e-05
1.234, 5.061e-05
1.235, 5.036e-05
1.236, 5.021e-05
1.237, 4.999e-05
1.238, 4.975e-05
1.239, 4.959e-05
1.240, 4.932e-05
1.241, 4.912e-05
1.242, 4.888e-05
1.243, 4.863e-05
1.244, 4.847e-05
1.245, 4.821e-05
1.246, 4.801e-05
1.247, 4.778e-05
1.248, 4.750e-05
1.249, 4.734e-05
1.250, 4.707e-05
1.251, 4.685e-05
1.252, 4.664e-05
1.253, 4.638e-05
1.254, 4.621e-05
1.255, 4.594e-05
1.256, 4.573e-05
1.257, 4.551e-05
1.258, 4.526e-05
1.259, 4.506e-05
1.260, 4.481e-05
1.261, 4.462e-05
1.262, 4.440e-05
1.263, 4.415e-05
1.264, 4.397e-05
1.265, 4.373e-05
1.266, 4.353e-05
1.267, 4.329e-05
1.268, 4.308e-05
1.269, 4.290e-05
1.270, 4.267e-05
1.271, 4.249e-05
1.272, 4.229e-05
1.273, 4.207e-05
1.274, 4.190e-05
1.275, 4.167e-05
1.276, 4.151e-05
1.277, 4.132e-05
1.278, 4.111e-05
1.279, 4.095e-05
1.280, 4.073e-05
1.281, 4.058e-05
1.282, 4.040e-05
1.283, 4.019e-05
1.284, 4.005e-05
1.285, 3.985e-05
1.286, 3.969e-05
1.287, 3.953e-05
1.288, 3.934e-05
1.289, 3.920e-05
1.290, 3.902e-05
1.291, 3.885e-05
1.292, 3.871e-05
1.293, 3.852e-05
1.294, 3.839e-05
1.295, 3.821e-05
1.296, 3.808e-05
1.297, 3.795e-05
1.298, 3.777e-05
1.299, 3.764e-05
1.300, 3.749e-05
1.301, 3.736e-05
1.302, 3.722e-05
1.303, 3.707e-05
1.304, 3.696e-05
1.305, 3.683e-05
1.306, 3.670e-05
1.307, 3.656e-05
1.308, 3.642e-05
1.309, 3.632e-05
1.310, 3.617e-05
1.311, 3.606e-05
1.312, 3.594e-05
1.313, 3.581e-05
1.314, 3.570e-05
1.315, 3.557e-05
1.316, 3.547e-05
1.317, 3.537e-05
1.318, 3.522e-05
1.319, 3.513e-05
1.320, 3.501e-05
1.321, 3.492e-05
1.322, 3.482e-05
1.323, 3.469e-05
1.324, 3.462e-05
1.325, 3.450e-05
1.326, 3.441e-05
1.327, 3.432e-05
1.328, 3.421e-05
1.329, 3.414e-05
1.330, 3.403e-05
1.331, 3.395e-05
1.332, 3.387e-05
1.333, 3.376e-05
1.334, 3.369e-05
1.335, 3.358e-05
1.336, 3.351e-05
1.337, 3.343e-05
1.338, 3.333e-05
1.339, 3.327e-05
1.340, 3.319e-05
1.341, 3.311e-05
1.342, 3.304e-05
1.343, 3.295e-05
1.344, 3.287e-05
1.345, 3.280e-05
1.346, 3.274e-05
1.347, 3.266e-05
1.348, 3.259e-05
1.349, 3.254e-05
1.350, 3.245e-05
1.351, 3.240e-05
1.352, 3.234e-05
1.353, 3.227e-05
1.354, 3.222e-05
1.355, 3.214e-05
1.356, 3.209e-05
1.357, 3.206e-05
1.358, 3.196e-05
1.359, 3.193e-05
1.360, 3.185e-05
1.361, 3.181e-05
1.362, 3.177e-05
1.363, 3.169e-05
1.364, 3.166e-05
1.365, 3.160e-05
1.366, 3.155e-05
1.367, 3.151e-05
1.368, 3.145e-05
1.369, 3.141e-05
1.370, 3.135e-05
1.371, 3.131e-05
1.372, 3.129e-05
1.373, 3.123e-05
1.374, 3.119e-05
1.375, 3.114e-05
1.376, 3.110e-05
1.377, 3.107e-05
1.378, 3.102e-05
1.379, 3.099e-05
1.380, 3.094e-05
1.381, 3.091e-05
1.382, 3.087e-05
1.383, 3.083e-05
1.384, 3.081e-05
1.385, 3.077e-05
1.386, 3.074e-05
1.387, 3.071e-05
1.388, 3.067e-05
1.389, 3.065e-05
1.390, 3.060e-05
1.391, 3.058e-05
1.392, 3.056e-05
1.393, 3.051e-05
1.394, 3.050e-05
1.395, 3.044e-05
1.396, 3.043e-05
1.397, 3.042e-05
1.398, 3.037e-05
1.399, 3.036e-05
1.400, 3.032e-05
1.401, 3.030e-05
1.402, 3.028e-05
1.403, 3.024e-05
1.404, 3.023e-05
1.405, 3.020e-05
1.406, 3.016e-05
1.407, 3.015e-05
1.408, 3.013e-05
1.409, 3.011e-05
1.410, 3.007e-05
1.411, 3.004e-05
1.412, 3.004e-05
1.413, 2.999e-05
1.414, 2.996e-05
1.415, 2.994e-05
1.416, 2.991e-05
1.417, 2.990e-05
1.418, 2.986e-05
1.419, 2.984e-05
1.420, 2.980e-05
1.421, 2.978e-05
1.422, 2.976e-05
1.423, 2.972e-05
1.424, 2.971e-05
1.425, 2.967e-05
1.426, 2.965e-05
1.427, 2.962e-05
1.428, 2.959e-05
1.429, 2.958e-05
1.430, 2.952e-05
1.431, 2.951e-05
1.432, 2.949e-05
1.433, 2.941e-05
1.434, 2.941e-05
1.435, 2.937e-05
1.436, 2.935e-05
1.437, 2.933e-05
1.438, 2.929e-05
1.439, 2.927e-05
1.440, 2.923e-05
1.441, 2.920e-05
1.442, 2.919e-05
1.443, 2.913e-05
1.444, 2.912e-05
1.445, 2.908e-05
1.446, 2.903e-05
1.447, 2.902e-05
1.448, 2.897e-05
1.449, 2.896e-05
1.450, 2.891e-05
1.451, 2.888e-05
1.452, 2.886e-05
1.453, 2.882e-05
1.454, 2.880e-05
1.455, 2.875e-05
1.456, 2.873e-05
1.457, 2.870e-05
1.458, 2.865e-05
1.459, 2.865e-05
1.460, 2.860e-05
1.461, 2.857e-05
1.462, 2.854e-05
1.463, 2.850e-05
1.464, 2.848e-05
1.465, 2.844e-05
1.466, 2.841e-05
1.467, 2.839e-05
1.468, 2.834e-05
1.469, 2.833e-05
1.470, 2.828e-05
1.471, 2.826e-05
1.472, 2.822e-05
1.473, 2.820e-05
1.474, 2.818e-05
1.475, 2.813e-05
1.476, 2.812e-05
1.477, 2.810e-05
1.478, 2.804e-05
1.479, 2.804e-05
1.480, 2.800e-05
1.481, 2.798e-05
1.482, 2.796e-05
1.483, 2.791e-05
1.484, 2.791e-05
1.485, 2.787e-05
1.486, 2.784e-05
1.487, 2.783e-05
1.488, 2.779e-05
1.489, 2.779e-05
1.490, 2.775e-05
1.491, 2.773e-05
1.492, 2.772e-05
1.493, 2.767e-05
1.494, 2.766e-05
1.495, 2.764e-05
1.496, 2.762e-05
1.497, 2.760e-05
1.498, 2.757e-05
1.499, 2.756e-05
1.500, 2.674e-05
1.499, 2.626e-05
1.498, 2.608e-05
1.497, 2.587e-05
1.496, 2.573e-05
1.495, 2.558e-05
1.494, 2.546e-05
1.493, 2.534e-05
1.492, 2.520e-05
1.491, 2.511e-05
1.490, 2.499e-05
1.489, 2.488e-05
1.488, 2.479e-05
1.487, 2.468e-05
1.486, 2.459e-05
1.485, 2.449e-05
1.484, 2.440e-05
1.483, 2.432e-05
1.482, 2.422e-05
1.481, 2.415e-05
1.480, 2.405e-05
1.479, 2.398e-05
1.478, 2.390e-05
1.477, 2.381e-05
1.476, 2.374e-05
1.475, 2.366e-05
1.474, 2.360e-05
1.473, 2.352e-05
1.472, 2.345e-05
1.471, 2.338e-05
1.470, 2.330e-05
1.469, 2.324e-05
1.468, 2.316e-05
1.467, 2.308e-05
1.466, 2.304e-05
1.465, 2.295e-05
1.464, 2.290e-05
1.463, 2.284e-05
1.462, 2.276e-05
1.461, 2.272e-05
1.460, 2.263e-05
1.459, 2.257e-05
1.458, 2.253e-05
1.457, 2.245e-05
1.456, 2.241e-05
1.455, 2.233e-05
1.454, 2.229e-05
1.453, 2.223e-05
1.452, 2.215e-05
1.451, 2.212e-05
1.450, 2.205e-05
1.449, 2.200e-05
1.448, 2.194e-05
1.447, 2.189e-05
1.446, 2.184e-05
1.445, 2.178e-05
1.444, 2.172e-05
1.443, 2.167e-05
1.442, 2.161e-05
1.441, 2.157e-05
1.440, 2.151e-05
1.439, 2.146e-05
1.438, 2.142e-05
1.437, 2.135e-05
1.436, 2.131e-05
1.435, 2.126e-05
1.434, 2.126e-05
1.433, 2.117e-05
1.432, 2.110e-05
1.431, 2.107e-05
1.430, 2.101e-05
1.429, 2.098e-05
1.428, 2.092e-05
1.427, 2.085e-05
1.426, 2.084e-05
1.425, 2.077e-05
1.424, 2.073e-05
1.423, 2.069e-05
1.422, 2.063e-05
1.421, 2.062e-05
1.420, 2.053e-05
1.419, 2.050e-05
1.418, 2.046e-05
1.417, 2.040e-05
1.416, 2.037e-05
1.415, 2.031e-05
1.414, 2.028e-05
1.413, 2.024e-05
1.412, 2.017e-05
1.411, 2.015e-05
1.410, 2.009e-05
1.409, 2.006e-05
1.408, 1.999e-05
1.407, 1.996e-05
1.406, 1.993e-05
1.405, 1.988e-05
1.404, 1.985e-05
1.403, 1.980e-05
1.402, 1.976e-05
1.401, 1.973e-05
1.400, 1.968e-05
1.399, 1.965e-05
1.398, 1.961e-05
1.397, 1.956e-05
1.396, 1.954e-05
1.395, 1.948e-05
1.394, 1.946e-05
1.393, 1.941e-05
1.392, 1.935e-05
1.391, 1.934e-05
1.390, 1.928e-05
1.389, 1.927e-05
1.388, 1.921e-05
1.387, 1.917e-05
1.386, 1.915e-05
1.385, 1.910e-05
1.384, 1.907e-05
1.383, 1.903e-05
1.382, 1.899e-05
1.381, 1.897e-05
1.380, 1.892e-05
1.379, 1.890e-05
1.378, 1.887e-05
1.377, 1.881e-05
1.376, 1.879e-05
1.375, 1.874e-05
1.374, 1.873e-05
1.373, 1.869e-05
1.372, 1.863e-05
1.371, 1.862e-05
1.370, 1.859e-05
1.369, 1.855e-05
1.368, 1.851e-05
1.367, 1.847e-05
1.366, 1.846e-05
1.365, 1.841e-05
1.364, 1.839e-05
1.363, 1.835e-05
1.362, 1.831e-05
1.361, 1.829e-05
1.360, 1.824e-05
1.359, 1.822e-05
1.358, 1.818e-05
1.357, 1.813e-05
1.356, 1.812e-05
1.355, 1.808e-05
1.354, 1.807e-05
1.353, 1.802e-05
1.352, 1.798e-05
1.351, 1.797e-05
1.350, 1.793e-05
1.349, 1.791e-05
1.348, 1.786e-05
1.347, 1.783e-05
1.346, 1.781e-05
1.345, 1.776e-05
1.344, 1.776e-05
1.343, 1.771e-05
1.342, 1.767e-05
1.341, 1.765e-05
1.340, 1.760e-05
1.339, 1.758e-05
1.338, 1.755e-05
1.337, 1.751e-05
1.336, 1.749e-05
1.335, 1.744e-05
1.334, 1.743e-05
1.333, 1.739e-05
1.332, 1.733e-05
1.331, 1.732e-05
1.330, 1.728e-05
1.329, 1.726e-05
1.328, 1.721e-05
1.327, 1.718e-05
1.326, 1.715e-05
1.325, 1.711e-05
1.324, 1.708e-05
1.323, 1.704e-05
1.322, 1.700e-05
1.321, 1.698e-05
1.320, 1.692e-05
1.319, 1.692e-05
1.318, 1.686e-05
1.317, 1.682e-05
1.316, 1.679e-05
1.315, 1.673e-05
1.314, 1.672e-05
1.313, 1.666e-05
1.312, 1.661e-05
1.311, 1.658e-05
1.310, 1.652e-05
1.309, 1.650e-05
1.308, 1.645e-05
1.307, 1.639e-05
1.306, 1.635e-05
1.305, 1.630e-05
1.304, 1.626e-05
1.303, 1.620e-05
1.302, 1.615e-05
1.301, 1.612e-05
1.300, 1.605e-05
1.299, 1.601e-05
1.298, 1.596e-05
1.297, 1.589e-05
1.296, 1.585e-05
1.295, 1.577e-05
1.294, 1.574e-05
1.293, 1.568e-05
1.292, 1.559e-05
1.291, 1.555e-05
1.290, 1.547e-05
1.289, 1.541e-05
1.288, 1.533e-05
1.287, 1.526e-05
1.286, 1.521e-05
1.285, 1.511e-05
1.284, 1.505e-05
1.283, 1.497e-05
1.282, 1.488e-05
1.281, 1.481e-05
1.280, 1.471e-05
1.279, 1.466e-05
1.278, 1.455e-05
1.277, 1.445e-05
1.276, 1.437e-05
1.275, 1.425e-05
1.274, 1.418e-05
1.273, 1.406e-05
1.272, 1.394e-05
1.271, 1.386e-05
1.270, 1.372e-05
1.269, 1.364e-05
1.268, 1.351e-05
1.267, 1.340e-05
1.266, 1.328e-05
1.265, 1.312e-05
1.264, 1.302e-05
1.263, 1.286e-05
1.262, 1.271e-05
1.261, 1.260e-05
1.260, 1.240e-05
1.259, 1.229e-05
1.258, 1.211e-05
1.257, 1.194e-05
1.256, 1.179e-05
1.255, 1.155e-05
1.254, 1.143e-05
1.253, 1.123e-05
1.252, 1.104e-05
1.251, 1.087e-05
1.250, 1.064e-05
1.249, 1.047e-05
1.248, 1.024e-05
1.247, 1.001e-05
1.246, 9.816e-06
1.245, 9.562e-06
1.244, 9.349e-06
1.243, 9.078e-06
1.242, 8.869e-06
1.241, 8.633e-06
1.240, 8.311e-06
1.239, 8.081e-06
1.238, 7.768e-06
1.237, 7.495e-06
1.236, 7.212e-06
1.235, 6.876e-06
1.234, 6.620e-06
1.233, 6.252e-06
1.232, 5.945e-06
1.231, 5.637e-06
1.230, 5.244e-06
1.229, 5.199e-06
1.228, 4.680e-06
1.227, 4.306e-06
1.226, 3.967e-06
1.225, 3.505e-06
1.224, 3.175e-06
1.223, 2.726e-06
1.222, 2.341e-06
1.221, 1.964e-06
1.220, 1.460e-06
1.219, 1.134e-06
1.218, 6.425e-07
1.217, 2.193e-07
1.216, -1.404e-07
1.215, -7.169e-07
1.214, -1.099e-06
1.213, -1.615e-06
1.212, -2.108e-06
1.211, -2.584e-06
1.210, -3.082e-06
1.209, -3.524e-06
1.208, -4.096e-06
1.207, -4.592e-06
1.206, -5.059e-06
1.205, -5.673e-06
1.204, -6.150e-06
1.203, -6.848e-06
1.202, -7.260e-06
1.201, -7.763e-06
1.200, -8.383e-06
1.199, -8.876e-06
1.198, -9.457e-06
1.197, -9.967e-06
1.196, -1.050e-05
1.195, -1.113e-05
1.194, -1.159e-05
1.193, -1.221e-05
1.192, -1.273e-05
1.191, -1.319e-05
1.190, -1.378e-05
1.189, -1.429e-05
1.188, -1.490e-05
1.187, -1.542e-05
1.186, -1.594e-05
1.185, -1.653e-05
1.184, -1.695e-05
1.183, -1.757e-05
1.182, -1.804e-05
1.181, -1.849e-05
1.180, -1.909e-05
1.179, -1.949e-05
1.178, -2.001e-05
1.177, -2.043e-05
1.176, -2.088e-05
1.175, -2.144e-05
1.174, -2.178e-05
1.173, -2.226e-05
1.172, -2.266e-05
1.171, -2.307e-05
1.170, -2.350e-05
1.169, -2.381e-05
1.168, -2.423e-05
1.167, -2.458e-05
1.166, -2.489e-05
1.165, -2.519e-05
1.164, -2.547e-05
1.163, -2.585e-05
1.162, -2.609e-05
1.161, -2.637e-05
1.160, -2.668e-05
1.159, -2.686e-05
1.158, -2.716e-05
1.157, -2.733e-05
1.156, -2.754e-05
1.155, -2.780e-05
1.154, -2.787e-05
1.153, -2.811e-05
1.152, -2.833e-05
1.151, -2.841e-05
1.150, -2.855e-05
1.149, -2.859e-05
1.148, -2.876e-05
1.147, -2.881e-05
1.146, -2.884e-05
1.145, -2.895e-05
1.144, -2.892e-05
1.143, -2.901e-05
1.142, -2.900e-05
1.141, -2.900e-05
1.140, -2.905e-05
1.139, -2.892e-05
1.138, -2.896e-05
1.137, -2.894e-05
1.136, -2.890e-05
1.135, -2.891e-05
1.134, -2.879e-05
1.133, -2.877e-05
1.132, -2.870e-05
1.131, -2.862e-05
1.130, -2.857e-05
1.129, -2.843e-05
1.128, -2.837e-05
1.127, -2.831e-05
1.126, -2.819e-05
1.125, -2.808e-05
1.124, -2.795e-05
1.123, -2.785e-05
1.122, -2.769e-05
1.121, -2.756e-05
1.120, -2.745e-05
1.119, -2.728e-05
1.118, -2.716e-05
1.117, -2.699e-05
1.116, -2.683e-05
1.115, -2.672e-05
1.114, -2.649e-05
1.113, -2.637e-05
1.112, -2.622e-05
1.111, -2.604e-05
1.110, -2.591e-05
1.109, -2.571e-05
1.108, -2.558e-05
1.107, -2.540e-05
1.106, -2.522e-05
1.105, -2.508e-05
1.104, -2.489e-05
1.103, -2.473e-05
1.102, -2.456e-05
1.101, -2.440e-05
1.100, -2.426e-05
1.099, -2.404e-05
1.098, -2.387e-05
1.097, -2.370e-05
1.096, -2.352e-05
1.095, -2.336e-05
1.094, -2.316e-05
1.093, -2.300e-05
1.092, -2.283e-05
1.091, -2.264e-05
1.090, -2.249e-05
1.089, -2.230e-05
1.088, -2.211e-05
1.087, -2.196e-05
1.086, -2.178e-05
1.085, -2.163e-05
1.084, -2.145e-05
1.083, -2.130e-05
1.082, -2.113e-05
1.081, -2.095e-05
1.080, -2.081e-05
1.079, -2.063e-05
1.078, -2.048e-05
1.077, -2.031e-05
1.076, -2.014e-05
1.075, -2.001e-05
1.074, -1.983e-05
1.073, -1.969e-05
1.072, -1.954e-05
1.071, -1.937e-05
1.070, -1.924e-05
1.069, -1.906e-05
1.068, -1.893e-05
1.067, -1.879e-05
1.066, -1.861e-05
1.065, -1.849e-05
1.064, -1.834e-05
1.063, -1.818e-05
1.062, -1.805e-05
1.061, -1.790e-05
1.060, -1.779e-05
1.059, -1.763e-05
1.058, -1.750e-05
1.057, -1.737e-05
1.056, -1.722e-05
1.055, -1.711e-05
1.054, -1.696e-05
1.053, -1.684e-05
1.052, -1.672e-05
1.051, -1.657e-05
1.050, -1.649e-05
1.049, -1.634e-05
1.048, -1.622e-05
1.047, -1.609e-05
1.046, -1.596e-05
1.045, -1.586e-05
1.044, -1.573e-05
1.043, -1.562e-05
1.042, -1.549e-05
1.041, -1.538e-05
1.040, -1.528e-05
1.039, -1.515e-05
1.038, -1.505e-05
1.037, -1.493e-05
1.036, -1.482e-05
1.035, -1.473e-05
1.034, -1.461e-05
1.033, -1.452e-05
1.032, -1.442e-05
1.031, -1.430e-05
1.030, -1.422e-05
1.029, -1.410e-05
1.028, -1.402e-05
1.027, -1.392e-05
1.026, -1.381e-05
1.025, -1.374e-05
1.024, -1.359e-05
1.023, -1.354e-05
1.022, -1.345e-05
1.021, -1.334e-05
1.020, -1.328e-05
1.019, -1.318e-05
1.018, -1.310e-05
1.017, -1.301e-05
1.016, -1.292e-05
1.015, -1.285e-05
1.014, -1.276e-05
1.013, -1.268e-05
1.012, -1.260e-05
1.011, -1.251e-05
1.010, -1.245e-05
1.009, -1.235e-05
1.008, -1.229e-05
1.007, -1.221e-05
1.006, -1.213e-05
1.005, -1.207e-05
1.004, -1.199e-05
1.003, -1.192e-05
1.002, -1.184e-05
1.001, -1.176e-05
1.000, -1.171e-05
0.999, -1.164e-05
0.998, -1.157e-05
0.997, -1.150e-05
0.996, -1.142e-05
0.995, -1.137e-05
0.994, -1.129e-05
0.993, -1.124e-05
0.992, -1.117e-05
0.991, -1.110e-05
0.990, -1.105e-05
0.989, -1.097e-05
0.988, -1.093e-05
0.987, -1.085e-05
0.986, -1.076e-05
0.985, -1.074e-05
0.984, -1.067e-05
0.983, -1.062e-05
0.982, -1.056e-05
0.981, -1.049e-05
0.980, -1.046e-05
0.979, -1.038e-05
0.978, -1.033e-05
0.977, -1.028e-05
0.976, -1.022e-05
0.975, -1.018e-05
0.974, -1.011e-05
0.973, -1.006e-05
0.972, -1.001e-05
0.971, -9.952e-06
0.970, -9.908e-06
0.969, -9.851e-06
0.968, -9.816e-06
0.967, -9.760e-06
0.966, -9.700e-06
0.965, -9.665e-06
0.964, -9.612e-06
0.963, -9.571e-06
0.962, -9.516e-06
0.961, -9.464e-06
0.960, -9.425e-06
0.959, -9.373e-06
0.958, -9.335e-06
0.957, -9.285e-06
0.956, -9.240e-06
0.955, -9.210e-06
0.954, -9.146e-06
0.953, -9.122e-06
0.952, -9.075e-06
0.951, -9.020e-06
0.950, -8.994e-06
0.949, -8.935e-06
0.948, -8.922e-06
0.947, -8.864e-06
0.946, -8.808e-06
0.945, -8.792e-06
0.944, -8.730e-06
0.943, -8.704e-06
0.942, -8.657e-06
0.941, -8.608e-06
0.940, -8.595e-06
0.939, -8.536e-06
0.938, -8.509e-06
0.937, -8.469e-06
0.936, -8.429e-06
0.935, -8.390e-06
0.934, -8.349e-06
0.933, -8.324e-06
0.932, -8.286e-06
0.931, -8.247e-06
0.930, -8.219e-06
0.929, -8.172e-06
0.928, -8.152e-06
0.927, -8.116e-06
0.926, -8.071e-06
0.925, -8.048e-06
0.924, -8.005e-06
0.923, -7.983e-06
0.922, -7.949e-06
0.921, -7.907e-06
0.920, -7.887e-06
0.919, -7.836e-06
0.918, -7.820e-06
0.917, -7.776e-06
0.916, -7.742e-06
0.915, -7.731e-06
0.914, -7.675e-06
0.913, -7.663e-06
0.912, -7.627e-06
0.911, -7.584e-06
0.910, -7.574e-06
0.909, -7.519e-06
0.908, -7.514e-06
0.907, -7.477e-06
0.906, -7.435e-06
0.905, -7.429e-06
0.904, -7.390e-06
0.903, -7.370e-06
0.902, -7.336e-06
0.901, -7.303e-06
0.900, -7.296e-06
0.899, -7.252e-06
0.898, -7.233e-06
0.897, -7.205e-06
0.896, -7.183e-06
0.895, -7.162e-06
0.894, -7.123e-06
0.893, -7.104e-06
0.892, -7.077e-06
0.891, -7.044e-06
0.890, -7.028e-06
0.889, -6.993e-06
0.888, -6.981e-06
0.887, -6.947e-06
0.886, -6.918e-06
0.885, -6.905e-06
0.884, -6.864e-06
0.883, -6.852e-06
0.882, -6.823e-06
0.881, -6.796e-06
0.880, -6.789e-06
0.879, -6.751e-06
0.878, -6.742e-06
0.877, -6.709e-06
0.876, -6.683e-06
0.875, -6.678e-06
0.874, -6.642e-06
0.873, -6.633e-06
0.872, -6.604e-06
0.871, -6.566e-06
0.870, -6.567e-06
0.869, -6.528e-06
0.868, -6.528e-06
0.867, -6.496e-06
0.866, -6.463e-06
0.865, -6.464e-06
0.864, -6.430e-06
0.863, -6.420e-06
0.862, -6.395e-06
0.861, -6.366e-06
0.860, -6.372e-06
0.859, -6.337e-06
0.858, -6.308e-06
0.857, -6.297e-06
0.856, -6.275e-06
0.855, -6.267e-06
0.854, -6.236e-06
0.853, -6.229e-06
0.852, -6.208e-06
0.851, -6.183e-06
0.850, -6.177e-06
0.849, -6.153e-06
0.848, -6.139e-06
0.847, -6.118e-06
0.846, -6.092e-06
0.845, -6.102e-06
0.844, -6.064e-06
0.843, -6.058e-06
0.842, -6.030e-06
0.841, -6.008e-06
0.840, -6.010e-06
0.839, -5.980e-06
0.838, -5.975e-06
0.837, -5.947e-06
0.836, -5.936e-06
0.835, -5.931e-06
0.834, -5.902e-06
0.833, -5.901e-06
0.832, -5.870e-06
0.831, -5.858e-06
0.830, -5.854e-06
0.829, -5.827e-06
0.828, -5.832e-06
0.827, -5.813e-06
0.826, -5.784e-06
0.825, -5.789e-06
0.824, -5.761e-06
0.823, -5.764e-06
0.822, -5.741e-06
0.821, -5.725e-06
0.820, -5.699e-06
0.819, -5.682e-06
0.818, -5.693e-06
0.817, -5.677e-06
0.816, -5.664e-06
0.815, -5.664e-06
0.814, -5.635e-06
0.813, -5.637e-06
0.812, -5.626e-06
0.811, -5.608e-06
0.810, -5.604e-06
0.809, -5.587e-06
0.808, -5.588e-06
0.807, -5.560e-06
0.806, -5.551e-06
0.805, -5.557e-06
0.804, -5.540e-06
0.803, -5.537e-06
0.802, -5.520e-06
0.801, -5.508e-06
0.800, -5.517e-06
0.799, -5.491e-06
0.798, -5.495e-06
0.797, -5.483e-06
0.796, -5.469e-06
0.795, -5.477e-06
0.794, -5.463e-06
0.793, -5.459e-06
0.792, -5.451e-06
0.791, -5.434e-06
0.790, -5.442e-06
0.789, -5.418e-06
0.788, -5.430e-06
0.787, -5.417e-06
0.786, -5.401e-06
0.785, -5.408e-06
0.784, -5.391e-06
0.783, -5.394e-06
0.782, -5.382e-06
0.781, -5.358e-06
0.780, -5.378e-06
0.779, -5.359e-06
0.778, -5.355e-06
0.777, -5.355e-06
0.776, -5.339e-06
0.775, -5.341e-06
0.774, -5.326e-06
0.773, -5.327e-06
0.772, -5.321e-06
0.771, -5.308e-06
0.770, -5.307e-06
0.769, -5.290e-06
0.768, -5.292e-06
0.767, -5.282e-06
0.766, -5.267e-06
0.765, -5.268e-06
0.764, -5.254e-06
0.763, -5.256e-06
0.762, -5.236e-06
0.761, -5.229e-06
0.760, -5.230e-06
0.759, -5.206e-06
0.758, -5.211e-06
0.757, -5.192e-06
0.756, -5.177e-06
0.755, -5.176e-06
0.754, -5.152e-06
0.753, -5.159e-06
0.752, -5.142e-06
0.751, -5.123e-06
0.750, -5.123e-06
0.749, -5.099e-06
0.748, -5.101e-06
0.747, -5.085e-06
0.746, -5.067e-06
0.745, -5.069e-06
0.744, -5.043e-06
0.743, -5.052e-06
0.742, -5.028e-06
0.741, -5.012e-06
0.740, -5.009e-06
0.739, -4.984e-06
0.738, -4.979e-06
0.737, -4.966e-06
0.736, -4.945e-06
0.735, -4.948e-06
0.734, -4.918e-06
0.733, -4.911e-06
0.732, -4.903e-06
0.731, -4.881e-06
0.730, -4.865e-06
0.729, -4.854e-06
0.728, -4.847e-06
0.727, -4.829e-06
0.726, -4.815e-06
0.725, -4.810e-06
0.724, -4.792e-06
0.723, -4.783e-06
0.722, -4.766e-06
0.721, -4.750e-06
0.720, -4.750e-06
0.719, -4.723e-06
0.718, -4.722e-06
0.717, -4.713e-06
0.716, -4.693e-06
0.715, -4.691e-06
0.714, -4.659e-06
0.713, -4.658e-06
0.712, -4.643e-06
0.711, -4.620e-06
0.710, -4.618e-06
0.709, -4.592e-06
0.708, -4.596e-06
0.707, -4.574e-06
0.706, -4.555e-06
0.705, -4.559e-06
0.704, -4.524e-06
0.703, -4.527e-06
0.702, -4.515e-06
0.701, -4.498e-06
0.700, -4.495e-06
0.699, -4.478e-06
0.698, -4.468e-06
0.697, -4.459e-06
0.696, -4.445e-06
0.695, -4.435e-06
0.694, -4.418e-06
0.693, -4.411e-06
0.692, -4.412e-06
0.691, -4.389e-06
0.690, -4.381e-06
0.689, -4.362e-06
0.688, -4.362e-06
0.687, -4.342e-06
0.686, -4.329e-06
0.685, -4.325e-06
0.684, -4.306e-06
0.683, -4.303e-06
0.682, -4.282e-06
0.681, -4.273e-06
0.680, -4.274e-06
0.679, -4.240e-06
0.678, -4.245e-06
0.677, -4.231e-06
0.676, -4.223e-06
0.675, -4.224e-06
0.674, -4.196e-06
0.673, -4.196e-06
0.672, -4.183e-06
0.671, -4.170e-06
0.670, -4.166e-06
0.669, -4.145e-06
0.668, -4.148e-06
0.667, -4.132e-06
0.666, -4.113e-06
0.665, -4.120e-06
0.664, -4.098e-06
0.663, -4.095e-06
0.662, -4.080e-06
0.661, -4.074e-06
0.660, -4.076e-06
0.659, -4.053e-06
0.658, -4.052e-06
0.657, -4.041e-06
0.656, -4.032e-06
0.655, -4.029e-06
0.654, -4.014e-06
0.653, -3.998e-06
0.652, -3.999e-06
0.651, -3.989e-06
0.650, -3.981e-06
0.649, -3.967e-06
0.648, -3.967e-06
0.647, -3.948e-06
0.646, -3.937e-06
0.645, -3.938e-06
0.644, -3.921e-06
0.643, -3.923e-06
0.642, -3.906e-06
0.641, -3.897e-06
0.640, -3.914e-06
0.639, -3.880e-06
0.638, -3.880e-06
0.637, -3.868e-06
0.636, -3.863e-06
0.635, -3.859e-06
0.634, -3.831e-06
0.633, -3.840e-06
0.632, -3.827e-06
0.631, -3.817e-06
0.630, -3.815e-06
0.629, -3.795e-06
0.628, -3.796e-06
0.627, -3.779e-06
0.626, -3.775e-06
0.625, -3.780e-06
0.624, -3.759e-06
0.623, -3.762e-06
0.622, -3.746e-06
0.621, -3.739e-06
0.620, -3.746e-06
0.619, -3.725e-06
0.618, -3.723e-06
0.617, -3.711e-06
0.616, -3.706e-06
0.615, -3.678e-06
0.614, -3.676e-06
0.613, -3.679e-06
0.612, -3.672e-06
0.611, -3.666e-06
0.610, -3.661e-06
0.609, -3.647e-06
0.608, -3.648e-06
0.607, -3.636e-06
0.606, -3.631e-06
0.605, -3.627e-06
0.604, -3.615e-06
0.603, -3.619e-06
0.602, -3.589e-06
0.601, -3.596e-06
0.600, -3.598e-06
0.599, -3.576e-06
0.598, -3.580e-06
0.597, -3.562e-06
0.596, -3.566e-06
0.595, -3.560e-06
0.594, -3.542e-06
0.593, -3.549e-06
0.592, -3.533e-06
0.591, -3.534e-06
0.590, -3.529e-06
0.589, -3.524e-06
0.588, -3.525e-06
0.587, -3.503e-06
0.586, -3.499e-06
0.585, -3.505e-06
0.584, -3.485e-06
0.583, -3.487e-06
0.582, -3.476e-06
0.581, -3.470e-06
0.580, -3.473e-06
0.579, -3.458e-06
0.578, -3.456e-06
0.577, -3.446e-06
0.576, -3.433e-06
0.575, -3.438e-06
0.574, -3.421e-06
0.573, -3.427e-06
0.572, -3.418e-06
0.571, -3.413e-06
0.570, -3.407e-06
0.569, -3.394e-06
0.568, -3.401e-06
0.567, -3.386e-06
0.566, -3.383e-06
0.565, -3.382e-06
0.564, -3.371e-06
0.563, -3.370e-06
0.562, -3.354e-06
0.561, -3.356e-06
0.560, -3.357e-06
0.559, -3.340e-06
0.558, -3.344e-06
0.557, -3.327e-06
0.556, -3.332e-06
0.555, -3.332e-06
0.554, -3.309e-06
0.553, -3.320e-06
0.552, -3.302e-06
0.551, -3.297e-06
0.550, -3.299e-06
0.549, -3.284e-06
0.548, -3.295e-06
0.547, -3.277e-06
0.546, -3.277e-06
0.545, -3.275e-06
0.544, -3.262e-06
0.543, -3.268e-06
0.542, -3.251e-06
0.541, -3.251e-06
0.540, -3.256e-06
0.539, -3.238e-06
0.538, -3.251e-06
0.537, -3.230e-06
0.536, -3.230e-06
0.535, -3.229e-06
0.534, -3.213e-06
0.533, -3.216e-06
0.532, -3.204e-06
0.531, -3.203e-06
0.530, -3.201e-06
0.529, -3.187e-06
0.528, -3.193e-06
0.527, -3.179e-06
0.526, -3.178e-06
0.525, -3.168e-06
0.524, -3.163e-06
0.523, -3.168e-06
0.522, -3.149e-06
0.521, -3.154e-06
0.520, -3.155e-06
0.519, -3.140e-06
0.518, -3.142e-06
0.517, -3.127e-06
0.516, -3.135e-06
0.515, -3.134e-06
0.514, -3.112e-06
0.513, -3.121e-06
0.512, -3.123e-06
0.511, -3.105e-06
0.510, -3.109e-06
0.509, -3.092e-06
0.508, -3.104e-06
0.507, -3.085e-06
0.506, -3.078e-06
0.505, -3.085e-06
0.504, -3.071e-06
0.503, -3.075e-06
0.502, -3.063e-06
0.501, -3.061e-06
0.500, -3.059e-06
0.499, -3.045e-06
0.498, -3.047e-06
0.497, -3.038e-06
0.496, -3.044e-06
0.495, -3.038e-06
0.494, -3.026e-06
0.493, -3.028e-06
0.492, -3.017e-06
0.491, -3.019e-06
0.490, -3.015e-06
0.489, -3.004e-06
0.488, -3.008e-06
0.487, -3.008e-06
0.486, -2.994e-06
0.485, -2.993e-06
0.484, -2.984e-06
0.483, -2.989e-06
0.482, -2.970e-06
0.481, -2.973e-06
0.480, -2.974e-06
0.479, -2.962e-06
0.478, -2.960e-06
0.477, -2.947e-06
0.476, -2.955e-06
0.475, -2.951e-06
0.474, -2.929e-06
0.473, -2.939e-06
0.472, -2.928e-06
0.471, -2.927e-06
0.470, -2.930e-06
0.469, -2.912e-06
0.468, -2.924e-06
0.467, -2.907e-06
0.466, -2.905e-06
0.465, -2.904e-06
0.464, -2.895e-06
0.463, -2.897e-06
0.462, -2.887e-06
0.461, -2.878e-06
0.460, -2.886e-06
0.459, -2.873e-06
0.458, -2.873e-06
0.457, -2.862e-06
0.456, -2.864e-06
0.455, -2.863e-06
0.454, -2.845e-06
0.453, -2.854e-06
0.452, -2.841e-06
0.451, -2.841e-06
0.450, -2.840e-06
0.449, -2.827e-06
0.448, -2.824e-06
0.447, -2.817e-06
0.446, -2.820e-06
0.445, -2.817e-06
0.444, -2.810e-06
0.443, -2.810e-06
0.442, -2.794e-06
0.441, -2.798e-06
0.440, -2.799e-06
0.439, -2.784e-06
0.438, -2.791e-06
0.437, -2.774e-06
0.436, -2.787e-06
0.435, -2.783e-06
0.434, -2.764e-06
0.433, -2.771e-06
0.432, -2.764e-06
0.431, -2.757e-06
0.430, -2.757e-06
0.429, -2.742e-06
0.428, -2.752e-06
0.427, -2.737e-06
0.426, -2.735e-06
0.425, -2.738e-06
0.424, -2.724e-06
0.423, -2.722e-06
0.422, -2.714e-06
0.421, -2.713e-06
0.420, -2.720e-06
0.419, -2.703e-06
0.418, -2.704e-06
0.417, -2.697e-06
0.416, -2.696e-06
0.415, -2.695e-06
0.414, -2.680e-06
0.413, -2.687e-06
0.412, -2.678e-06
0.411, -2.676e-06
0.410, -2.641e-06
0.409, -2.659e-06
0.408, -2.667e-06
0.407, -2.652e-06
0.406, -2.653e-06
0.405, -2.654e-06
0.404, -2.647e-06
0.403, -2.650e-06
0.402, -2.634e-06
0.401, -2.640e-06
0.400, -2.642e-06
0.399, -2.626e-06
0.398, -2.633e-06
0.397, -2.612e-06
0.396, -2.619e-06
0.395, -2.621e-06
0.394, -2.606e-06
0.393, -2.618e-06
0.392, -2.603e-06
0.391, -2.601e-06
0.390, -2.606e-06
0.389, -2.591e-06
0.388, -2.602e-06
0.387, -2.586e-06
0.386, -2.585e-06
0.385, -2.588e-06
0.384, -2.588e-06
0.383, -2.584e-06
0.382, -2.570e-06
0.381, -2.569e-06
0.380, -2.574e-06
0.379, -2.561e-06
0.378, -2.565e-06
0.377, -2.558e-06
0.376, -2.559e-06
0.375, -2.559e-06
0.374, -2.544e-06
0.373, -2.553e-06
0.372, -2.541e-06
0.371, -2.537e-06
0.370, -2.543e-06
0.369, -2.532e-06
0.368, -2.538e-06
0.367, -2.529e-06
0.366, -2.527e-06
0.365, -2.526e-06
0.364, -2.521e-06
0.363, -2.528e-06
0.362, -2.511e-06
0.361, -2.515e-06
0.360, -2.517e-06
0.359, -2.504e-06
0.358, -2.512e-06
0.357, -2.498e-06
0.356, -2.501e-06
0.355, -2.503e-06
0.354, -2.489e-06
0.353, -2.501e-06
0.352, -2.490e-06
0.351, -2.489e-06
0.350, -2.489e-06
0.349, -2.476e-06
0.348, -2.491e-06
0.347, -2.478e-06
0.346, -2.468e-06
0.345, -2.475e-06
0.344, -2.468e-06
0.343, -2.474e-06
0.342, -2.464e-06
0.341, -2.463e-06
0.340, -2.465e-06
0.339, -2.458e-06
0.338, -2.459e-06
0.337, -2.454e-06
0.336, -2.452e-06
0.335, -2.455e-06
0.334, -2.443e-06
0.333, -2.458e-06
0.332, -2.445e-06
0.331, -2.444e-06
0.330, -2.442e-06
0.329, -2.431e-06
0.328, -2.441e-06
0.327, -2.430e-06
0.326, -2.429e-06
0.325, -2.428e-06
0.324, -2.420e-06
0.323, -2.432e-06
0.322, -2.416e-06
0.321, -2.419e-06
0.320, -2.416e-06
0.319, -2.408e-06
0.318, -2.417e-06
0.317, -2.402e-06
0.316, -2.407e-06
0.315, -2.408e-06
0.314, -2.393e-06
0.313, -2.406e-06
0.312, -2.396e-06
0.311, -2.394e-06
0.310, -2.395e-06
0.309, -2.383e-06
0.308, -2.398e-06
0.307, -2.387e-06
0.306, -2.379e-06
0.305, -2.384e-06
0.304, -2.371e-06
0.303, -2.383e-06
0.302, -2.369e-06
0.301, -2.365e-06
0.300, -2.374e-06
0.299, -2.359e-06
0.298, -2.363e-06
0.297, -2.356e-06
0.296, -2.359e-06
0.295, -2.350e-06
0.294, -2.342e-06
0.293, -2.350e-06
0.292, -2.342e-06
0.291, -2.344e-06
0.290, -2.338e-06
0.289, -2.329e-06
0.288, -2.338e-06
0.287, -2.327e-06
0.286, -2.328e-06
0.285, -2.329e-06
0.284, -2.318e-06
0.283, -2.325e-06
0.282, -2.320e-06
0.281, -2.317e-06
0.280, -2.317e-06
0.279, -2.305e-06
0.278, -2.313e-06
0.277, -2.302e-06
0.276, -2.304e-06
0.275, -2.302e-06
0.274, -2.290e-06
0.273, -2.300e-06
0.272, -2.289e-06
0.271, -2.290e-06
0.270, -2.288e-06
0.269, -2.270e-06
0.268, -2.286e-06
0.267, -2.275e-06
0.266, -2.275e-06
0.265, -2.271e-06
0.264, -2.267e-06
0.263, -2.274e-06
0.262, -2.259e-06
0.261, -2.261e-06
0.260, -2.265e-06
0.259, -2.253e-06
0.258, -2.255e-06
0.257, -2.247e-06
0.256, -2.247e-06
0.255, -2.247e-06
0.254, -2.237e-06
0.253, -2.243e-06
0.252, -2.236e-06
0.251, -2.236e-06
0.250, -2.230e-06
0.249, -2.225e-06
0.248, -2.230e-06
0.247, -2.222e-06
0.246, -2.223e-06
0.245, -2.219e-06
0.244, -2.207e-06
0.243, -2.216e-06
0.242, -2.203e-06
0.241, -2.209e-06
0.240, -2.207e-06
0.239, -2.199e-06
0.238, -2.204e-06
0.237, -2.193e-06
0.236, -2.199e-06
0.235, -2.195e-06
0.234, -2.183e-06
0.233, -2.196e-06
0.232, -2.183e-06
0.231, -2.194e-06
0.230, -2.185e-06
0.229, -2.175e-06
0.228, -2.185e-06
0.227, -2.173e-06
0.226, -2.175e-06
0.225, -2.171e-06
0.224, -2.167e-06
0.223, -2.173e-06
0.222, -2.162e-06
0.221, -2.165e-06
0.220, -2.162e-06
0.219, -2.156e-06
0.218, -2.155e-06
0.217, -2.148e-06
0.216, -2.153e-06
0.215, -2.148e-06
0.214, -2.144e-06
0.213, -2.149e-06
0.212, -2.141e-06
0.211, -2.146e-06
0.210, -2.139e-06
0.209, -2.137e-06
0.208, -2.142e-06
0.207, -2.131e-06
0.206, -2.133e-06
0.205, -2.110e-06
0.204, -2.123e-06
0.203, -2.130e-06
0.202, -2.115e-06
0.201, -2.122e-06
0.200, -2.121e-06
0.199, -2.113e-06
0.198, -2.120e-06
0.197, -2.110e-06
0.196, -2.116e-06
0.195, -2.110e-06
0.194, -2.106e-06
0.193, -2.115e-06
0.192, -2.094e-06
0.191, -2.108e-06
0.190, -2.100e-06
0.189, -2.091e-06
0.188, -2.105e-06
0.187, -2.091e-06
0.186, -2.094e-06
0.185, -2.095e-06
0.184, -2.087e-06
0.183, -2.092e-06
0.182, -2.083e-06
0.181, -2.087e-06
0.180, -2.093e-06
0.179, -2.082e-06
0.178, -2.085e-06
0.177, -2.076e-06
0.176, -2.082e-06
0.175, -2.079e-06
0.174, -2.072e-06
0.173, -2.071e-06
0.172, -2.070e-06
0.171, -2.075e-06
0.170, -2.067e-06
0.169, -2.066e-06
0.168, -2.071e-06
0.167, -2.055e-06
0.166, -2.064e-06
0.165, -2.055e-06
0.164, -2.059e-06
0.163, -2.065e-06
0.162, -2.050e-06
0.161, -2.058e-06
0.160, -2.053e-06
0.159, -2.050e-06
0.158, -2.055e-06
0.157, -2.043e-06
0.156, -2.054e-06
0.155, -2.045e-06
0.154, -2.036e-06
0.153, -2.049e-06
0.152, -2.038e-06
0.151, -2.042e-06
0.150, -2.036e-06
0.149, -2.032e-06
0.148, -2.040e-06
0.147, -2.031e-06
0.146, -2.034e-06
0.145, -2.030e-06
0.144, -2.026e-06
0.143, -2.033e-06
0.142, -2.023e-06
0.141, -2.020e-06
0.140, -2.021e-06
0.139, -2.023e-06
0.138, -2.020e-06
0.137, -2.015e-06
0.136, -2.019e-06
0.135, -2.012e-06
0.134, -2.011e-06
0.133, -2.014e-06
0.132, -2.011e-06
0.131, -2.012e-06
0.130, -2.006e-06
0.129, -2.002e-06
0.128, -2.019e-06
0.127, -2.000e-06
0.126, -2.003e-06
0.125, -1.995e-06
0.124, -1.998e-06
0.123, -2.003e-06
0.122, -1.992e-06
0.121, -1.997e-06
0.120, -1.994e-06
0.119, -1.985e-06
0.118, -1.993e-06
0.117, -1.984e-06
0.116, -1.988e-06
0.115, -1.982e-06
0.114, -1.976e-06
0.113, -1.984e-06
0.112, -1.980e-06
0.111, -1.983e-06
0.110, -1.976e-06
0.109, -1.970e-06
0.108, -1.980e-06
0.107, -1.969e-06
0.106, -1.971e-06
0.105, -1.969e-06
0.104, -1.966e-06
0.103, -1.977e-06
0.102, -1.962e-06
0.101, -1.966e-06
0.100, -1.962e-06
0.099, -1.958e-06
0.098, -1.961e-06
0.097, -1.956e-06
0.096, -1.960e-06
0.095, -1.954e-06
0.094, -1.951e-06
0.093, -1.955e-06
0.092, -1.950e-06
0.091, -1.955e-06
0.090, -1.939e-06
0.089, -1.945e-06
0.088, -1.949e-06
0.087, -1.942e-06
0.086, -1.946e-06
0.085, -1.940e-06
0.084, -1.939e-06
0.083, -1.941e-06
0.082, -1.932e-06
0.081, -1.941e-06
0.080, -1.936e-06
0.079, -1.929e-06
0.078, -1.937e-06
0.077, -1.936e-06
0.076, -1.935e-06
0.075, -1.933e-06
0.074, -1.923e-06
0.073, -1.930e-06
0.072, -1.926e-06
0.071, -1.926e-06
0.070, -1.923e-06
0.069, -1.917e-06
0.068, -1.926e-06
0.067, -1.919e-06
0.066, -1.919e-06
0.065, -1.916e-06
0.064, -1.905e-06
0.063, -1.918e-06
0.062, -1.909e-06
0.061, -1.913e-06
0.060, -1.912e-06
0.059, -1.908e-06
0.058, -1.912e-06
0.057, -1.903e-06
0.056, -1.911e-06
0.055, -1.904e-06
0.054, -1.897e-06
0.053, -1.904e-06
0.052, -1.900e-06
0.051, -1.901e-06
0.050, -1.897e-06
0.049, -1.891e-06
0.048, -1.903e-06
0.047, -1.891e-06
0.046, -1.897e-06
0.045, -1.893e-06
0.044, -1.892e-06
0.043, -1.893e-06
0.042, -1.884e-06
0.041, -1.890e-06
0.040, -1.888e-06
0.039, -1.878e-06
0.038, -1.886e-06
0.037, -1.877e-06
0.036, -1.889e-06
0.035, -1.881e-06
0.034, -1.877e-06
0.033, -1.884e-06
0.032, -1.877e-06
0.031, -1.880e-06
0.030, -1.878e-06
0.029, -1.869e-06
0.028, -1.880e-06
0.027, -1.871e-06
0.026, -1.881e-06
0.025, -1.873e-06
0.024, -1.868e-06
0.023, -1.875e-06
0.022, -1.866e-06
0.021, -1.870e-06
0.020, -1.869e-06
0.019, -1.864e-06
0.018, -1.866e-06
0.017, -1.862e-06
0.016, -1.868e-06
0.015, -1.863e-06
0.014, -1.857e-06
0.013, -1.857e-06
0.012, -1.860e-06
0.011, -1.860e-06
0.010, -1.854e-06
0.009, -1.855e-06
0.008, -1.864e-06
0.007, -1.850e-06
0.006, -1.858e-06
0.005, -1.853e-06
0.004, -1.854e-06
0.003, -1.856e-06
0.002, -1.848e-06
0.001, -1.855e-06
0.000, -1.830e-06
-0.001, -1.844e-06
-0.002, -1.850e-06
-0.003, -1.844e-06
-0.004, -1.850e-06
-0.005, -1.846e-06
-0.006, -1.839e-06
-0.007, -1.849e-06
-0.008, -1.845e-06
-0.009, -1.845e-06
-0.010, -1.843e-06
-0.011, -1.840e-06
-0.012, -1.845e-06
-0.013, -1.837e-06
-0.014, -1.842e-06
-0.015, -1.842e-06
-0.016, -1.838e-06
-0.017, -1.843e-06
-0.018, -1.835e-06
-0.019, -1.842e-06
-0.020, -1.842e-06
-0.021, -1.837e-06
-0.022, -1.841e-06
-0.023, -1.833e-06
-0.024, -1.841e-06
-0.025, -1.847e-06
-0.026, -1.833e-06
-0.027, -1.840e-06
-0.028, -1.833e-06
-0.029, -1.838e-06
-0.030, -1.836e-06
-0.031, -1.832e-06
-0.032, -1.839e-06
-0.033, -1.832e-06
-0.034, -1.835e-06
-0.035, -1.834e-06
-0.036, -1.834e-06
-0.037, -1.838e-06
-0.038, -1.822e-06
-0.039, -1.836e-06
-0.040, -1.834e-06
-0.041, -1.829e-06
-0.042, -1.837e-06
-0.043, -1.828e-06
-0.044, -1.836e-06
-0.045, -1.833e-06
-0.046, -1.827e-06
-0.047, -1.837e-06
-0.048, -1.830e-06
-0.049, -1.834e-06
-0.050, -1.833e-06
-0.051, -1.824e-06
-0.052, -1.838e-06
-0.053, -1.827e-06
-0.054, -1.831e-06
-0.055, -1.833e-06
-0.056, -1.829e-06
-0.057, -1.834e-06
-0.058, -1.829e-06
-0.059, -1.830e-06
-0.060, -1.835e-06
-0.061, -1.829e-06
-0.062, -1.833e-06
-0.063, -1.829e-06
-0.064, -1.827e-06
-0.065, -1.833e-06
-0.066, -1.827e-06
-0.067, -1.833e-06
-0.068, -1.829e-06
-0.069, -1.835e-06
-0.070, -1.830e-06
-0.071, -1.829e-06
-0.072, -1.839e-06
-0.073, -1.829e-06
-0.074, -1.831e-06
-0.075, -1.831e-06
-0.076, -1.837e-06
-0.077, -1.842e-06
-0.078, -1.826e-06
-0.079, -1.834e-06
-0.080, -1.833e-06
-0.081, -1.832e-06
-0.082, -1.837e-06
-0.083, -1.828e-06
-0.084, -1.835e-06
-0.085, -1.834e-06
-0.086, -1.830e-06
-0.087, -1.839e-06
-0.088, -1.832e-06
-0.089, -1.830e-06
-0.090, -1.832e-06
-0.091, -1.828e-06
-0.092, -1.839e-06
-0.093, -1.831e-06
-0.094, -1.835e-06
-0.095, -1.836e-06
-0.096, -1.833e-06
-0.097, -1.839e-06
-0.098, -1.831e-06
-0.099, -1.837e-06
-0.100, -1.836e-06
-0.101, -1.833e-06
-0.102, -1.846e-06
-0.103, -1.836e-06
-0.104, -1.839e-06
-0.105, -1.838e-06
-0.106, -1.834e-06
-0.107, -1.838e-06
-0.108, -1.835e-06
-0.109, -1.841e-06
-0.110, -1.835e-06
-0.111, -1.835e-06
-0.112, -1.842e-06
-0.113, -1.835e-06
-0.114, -1.840e-06
-0.115, -1.832e-06
-0.116, -1.840e-06
-0.117, -1.843e-06
-0.118, -1.833e-06
-0.119, -1.842e-06
-0.120, -1.838e-06
-0.121, -1.839e-06
-0.122, -1.840e-06
-0.123, -1.833e-06
-0.124, -1.844e-06
-0.125, -1.838e-06
-0.126, -1.841e-06
-0.127, -1.842e-06
-0.128, -1.845e-06
-0.129, -1.840e-06
-0.130, -1.836e-06
-0.131, -1.838e-06
-0.132, -1.846e-06
-0.133, -1.837e-06
-0.134, -1.841e-06
-0.135, -1.841e-06
-0.136, -1.840e-06
-0.137, -1.845e-06
-0.138, -1.837e-06
-0.139, -1.845e-06
-0.140, -1.837e-06
-0.141, -1.839e-06
-0.142, -1.841e-06
-0.143, -1.839e-06
-0.144, -1.847e-06
-0.145, -1.841e-06
-0.146, -1.840e-06
-0.147, -1.845e-06
-0.148, -1.841e-06
-0.149, -1.850e-06
-0.150, -1.839e-06
-0.151, -1.841e-06
-0.152, -1.846e-06
-0.153, -1.840e-06
-0.154, -1.845e-06
-0.155, -1.839e-06
-0.156, -1.850e-06
-0.157, -1.851e-06
-0.158, -1.838e-06
-0.159, -1.852e-06
-0.160, -1.845e-06
-0.161, -1.848e-06
-0.162, -1.849e-06
-0.163, -1.842e-06
-0.164, -1.855e-06
-0.165, -1.847e-06
-0.166, -1.839e-06
-0.167, -1.852e-06
-0.168, -1.846e-06
-0.169, -1.853e-06
-0.170, -1.846e-06
-0.171, -1.850e-06
-0.172, -1.854e-06
-0.173, -1.851e-06
-0.174, -1.851e-06
-0.175, -1.847e-06
-0.176, -1.852e-06
-0.177, -1.855e-06
-0.178, -1.853e-06
-0.179, -1.863e-06
-0.180, -1.853e-06
-0.181, -1.855e-06
-0.182, -1.854e-06
-0.183, -1.852e-06
-0.184, -1.862e-06
-0.185, -1.850e-06
-0.186, -1.856e-06
-0.187, -1.858e-06
-0.188, -1.854e-06
-0.189, -1.861e-06
-0.190, -1.853e-06
-0.191, -1.861e-06
-0.192, -1.855e-06
-0.193, -1.851e-06
-0.194, -1.861e-06
-0.195, -1.854e-06
-0.196, -1.863e-06
-0.197, -1.863e-06
-0.198, -1.855e-06
-0.199, -1.862e-06
-0.200, -1.856e-06
-0.201, -1.860e-06
-0.202, -1.866e-06
-0.203, -1.855e-06
-0.204, -1.855e-06
-0.205, -1.853e-06
-0.206, -1.857e-06
-0.207, -1.865e-06
-0.208, -1.858e-06
-0.209, -1.865e-06
-0.210, -1.858e-06
-0.211, -1.863e-06
-0.212, -1.866e-06
-0.213, -1.861e-06
-0.214, -1.865e-06
-0.215, -1.861e-06
-0.216, -1.866e-06
-0.217, -1.863e-06
-0.218, -1.858e-06
-0.219, -1.865e-06
-0.220, -1.864e-06
-0.221, -1.867e-06
-0.222, -1.868e-06
-0.223, -1.863e-06
-0.224, -1.871e-06
-0.225, -1.862e-06
-0.226, -1.867e-06
-0.227, -1.868e-06
-0.228, -1.866e-06
-0.229, -1.872e-06
-0.230, -1.873e-06
-0.231, -1.868e-06
-0.232, -1.871e-06
-0.233, -1.865e-06
-0.234, -1.871e-06
-0.235, -1.865e-06
-0.236, -1.869e-06
-0.237, -1.873e-06
-0.238, -1.865e-06
-0.239, -1.871e-06
-0.240, -1.868e-06
-0.241, -1.871e-06
-0.242, -1.873e-06
-0.243, -1.860e-06
-0.244, -1.876e-06
-0.245, -1.867e-06
-0.246, -1.870e-06
-0.247, -1.874e-06
-0.248, -1.870e-06
-0.249, -1.875e-06
-0.250, -1.870e-06
-0.251, -1.870e-06
-0.252, -1.879e-06
-0.253, -1.871e-06
-0.254, -1.878e-06
-0.255, -1.873e-06
-0.256, -1.875e-06
-0.257, -1.879e-06
-0.258, -1.871e-06
-0.259, -1.878e-06
-0.260, -1.876e-06
-0.261, -1.875e-06
-0.262, -1.878e-06
-0.263, -1.878e-06
-0.264, -1.880e-06
-0.265, -1.876e-06
-0.266, -1.877e-06
-0.267, -1.881e-06
-0.268, -1.877e-06
-0.269, -1.880e-06
-0.270, -1.877e-06
-0.271, -1.880e-06
-0.272, -1.884e-06
-0.273, -1.880e-06
-0.274, -1.885e-06
-0.275, -1.878e-06
-0.276, -1.886e-06
-0.277, -1.886e-06
-0.278, -1.878e-06
-0.279, -1.892e-06
-0.280, -1.885e-06
-0.281, -1.892e-06
-0.282, -1.891e-06
-0.283, -1.884e-06
-0.284, -1.893e-06
-0.285, -1.886e-06
-0.286, -1.888e-06
-0.287, -1.894e-06
-0.288, -1.887e-06
-0.289, -1.894e-06
-0.290, -1.889e-06
-0.291, -1.891e-06
-0.292, -1.898e-06
-0.293, -1.892e-06
-0.294, -1.891e-06
-0.295, -1.893e-06
-0.296, -1.894e-06
-0.297, -1.899e-06
-0.298, -1.891e-06
-0.299, -1.901e-06
-0.300, -1.900e-06
-0.301, -1.899e-06
-0.302, -1.899e-06
-0.303, -1.898e-06
-0.304, -1.903e-06
-0.305, -1.901e-06
-0.306, -1.902e-06
-0.307, -1.914e-06
-0.308, -1.902e-06
-0.309, -1.910e-06
-0.310, -1.902e-06
-0.311, -1.906e-06
-0.312, -1.913e-06
-0.313, -1.904e-06
-0.314, -1.913e-06
-0.315, -1.906e-06
-0.316, -1.911e-06
-0.317, -1.916e-06
-0.318, -1.908e-06
-0.319, -1.921e-06
-0.320, -1.907e-06
-0.321, -1.913e-06
-0.322, -1.918e-06
-0.323, -1.912e-06
-0.324, -1.923e-06
-0.325, -1.918e-06
-0.326, -1.916e-06
-0.327, -1.925e-06
-0.328, -1.918e-06
-0.329, -1.927e-06
-0.330, -1.920e-06
-0.331, -1.921e-06
-0.332, -1.935e-06
-0.333, -1.927e-06
-0.334, -1.932e-06
-0.335, -1.927e-06
-0.336, -1.931e-06
-0.337, -1.934e-06
-0.338, -1.928e-06
-0.339, -1.936e-06
-0.340, -1.932e-06
-0.341, -1.935e-06
-0.342, -1.938e-06
-0.343, -1.936e-06
-0.344, -1.942e-06
-0.345, -1.931e-06
-0.346, -1.938e-06
-0.347, -1.942e-06
-0.348, -1.939e-06
-0.349, -1.945e-06
-0.350, -1.940e-06
-0.351, -1.948e-06
-0.352, -1.951e-06
-0.353, -1.944e-06
-0.354, -1.953e-06
-0.355, -1.946e-06
-0.356, -1.952e-06
-0.357, -1.956e-06
-0.358, -1.948e-06
-0.359, -1.961e-06
-0.360, -1.956e-06
-0.361, -1.959e-06
-0.362, -1.964e-06
-0.363, -1.958e-06
-0.364, -1.968e-06
-0.365, -1.962e-06
-0.366, -1.965e-06
-0.367, -1.970e-06
-0.368, -1.966e-06
-0.369, -1.975e-06
-0.370, -1.969e-06
-0.371, -1.965e-06
-0.372, -1.980e-06
-0.373, -1.972e-06
-0.374, -1.980e-06
-0.375, -1.978e-06
-0.376, -1.984e-06
-0.377, -1.983e-06
-0.378, -1.980e-06
-0.379, -1.992e-06
-0.380, -1.989e-06
-0.381, -1.991e-06
-0.382, -1.995e-06
-0.383, -1.990e-06
-0.384, -2.010e-06
-0.385, -1.996e-06
-0.386, -2.002e-06
-0.387, -2.004e-06
-0.388, -2.003e-06
-0.389, -2.013e-06
-0.390, -2.005e-06
-0.391, -2.012e-06
-0.392, -2.015e-06
-0.393, -2.014e-06
-0.394, -2.020e-06
-0.395, -2.014e-06
-0.396, -2.023e-06
-0.397, -2.024e-06
-0.398, -2.021e-06
-0.399, -2.033e-06
-0.400, -2.028e-06
-0.401, -2.036e-06
-0.402, -2.035e-06
-0.403, -2.032e-06
-0.404, -2.044e-06
-0.405, -2.039e-06
-0.406, -2.042e-06
-0.407, -2.045e-06
-0.408, -2.044e-06
-0.409, -2.031e-06
-0.410, -2.043e-06
-0.411, -2.054e-06
-0.412, -2.057e-06
-0.413, -2.056e-06
-0.414, -2.064e-06
-0.415, -2.059e-06
-0.416, -2.063e-06
-0.417, -2.071e-06
-0.418, -2.067e-06
-0.419, -2.077e-06
-0.420, -2.072e-06
-0.421, -2.079e-06
-0.422, -2.075e-06
-0.423, -2.079e-06
-0.424, -2.093e-06
-0.425, -2.082e-06
-0.426, -2.093e-06
-0.427, -2.093e-06
-0.428, -2.092e-06
-0.429, -2.108e-06
-0.430, -2.094e-06
-0.431, -2.107e-06
-0.432, -2.108e-06
-0.433, -2.107e-06
-0.434, -2.118e-06
-0.435, -2.116e-06
-0.436, -2.123e-06
-0.437, -2.121e-06
-0.438, -2.119e-06
-0.439, -2.130e-06
-0.440, -2.125e-06
-0.441, -2.131e-06
-0.442, -2.131e-06
-0.443, -2.131e-06
-0.444, -2.146e-06
-0.445, -2.138e-06
-0.446, -2.142e-06
-0.447, -2.144e-06
-0.448, -2.136e-06
-0.449, -2.154e-06
-0.450, -2.150e-06
-0.451, -2.155e-06
-0.452, -2.157e-06
-0.453, -2.156e-06
-0.454, -2.165e-06
-0.455, -2.162e-06
-0.456, -2.171e-06
-0.457, -2.168e-06
-0.458, -2.168e-06
-0.459, -2.178e-06
-0.460, -2.173e-06
-0.461, -2.182e-06
-0.462, -2.178e-06
-0.463, -2.179e-06
-0.464, -2.190e-06
-0.465, -2.183e-06
-0.466, -2.191e-06
-0.467, -2.189e-06
-0.468, -2.191e-06
-0.469, -2.203e-06
-0.470, -2.192e-06
-0.471, -2.207e-06
-0.472, -2.202e-06
-0.473, -2.196e-06
-0.474, -2.207e-06
-0.475, -2.205e-06
-0.476, -2.215e-06
-0.477, -2.211e-06
-0.478, -2.208e-06
-0.479, -2.221e-06
-0.480, -2.213e-06
-0.481, -2.226e-06
-0.482, -2.221e-06
-0.483, -2.220e-06
-0.484, -2.233e-06
-0.485, -2.228e-06
-0.486, -2.241e-06
-0.487, -2.233e-06
-0.488, -2.233e-06
-0.489, -2.242e-06
-0.490, -2.236e-06
-0.491, -2.243e-06
-0.492, -2.244e-06
-0.493, -2.246e-06
-0.494, -2.250e-06
-0.495, -2.245e-06
-0.496, -2.255e-06
-0.497, -2.253e-06
-0.498, -2.252e-06
-0.499, -2.251e-06
-0.500, -2.260e-06
-0.501, -2.260e-06
-0.502, -2.261e-06
-0.503, -2.261e-06
-0.504, -2.269e-06
-0.505, -2.266e-06
-0.506, -2.274e-06
-0.507, -2.269e-06
-0.508, -2.272e-06
-0.509, -2.281e-06
-0.510, -2.274e-06
-0.511, -2.284e-06
-0.512, -2.288e-06
-0.513, -2.281e-06
-0.514, -2.293e-06
-0.515, -2.285e-06
-0.516, -2.293e-06
-0.517, -2.292e-06
-0.518, -2.291e-06
-0.519, -2.303e-06
-0.520, -2.297e-06
-0.521, -2.301e-06
-0.522, -2.301e-06
-0.523, -2.300e-06
-0.524, -2.307e-06
-0.525, -2.302e-06
-0.526, -2.311e-06
-0.527, -2.311e-06
-0.528, -2.311e-06
-0.529, -2.317e-06
-0.530, -2.312e-06
-0.531, -2.323e-06
-0.532, -2.323e-06
-0.533, -2.325e-06
-0.534, -2.330e-06
-0.535, -2.325e-06
-0.536, -2.334e-06
-0.537, -2.341e-06
-0.538, -2.333e-06
-0.539, -2.340e-06
-0.540, -2.339e-06
-0.541, -2.348e-06
-0.542, -2.343e-06
-0.543, -2.343e-06
-0.544, -2.354e-06
-0.545, -2.351e-06
-0.546, -2.356e-06
-0.547, -2.356e-06
-0.548, -2.357e-06
-0.549, -2.366e-06
-0.550, -2.353e-06
-0.551, -2.368e-06
-0.552, -2.370e-06
-0.553, -2.366e-06
-0.554, -2.379e-06
-0.555, -2.374e-06
-0.556, -2.382e-06
-0.557, -2.384e-06
-0.558, -2.379e-06
-0.559, -2.392e-06
-0.560, -2.390e-06
-0.561, -2.394e-06
-0.562, -2.395e-06
-0.563, -2.393e-06
-0.564, -2.407e-06
-0.565, -2.402e-06
-0.566, -2.408e-06
-0.567, -2.409e-06
-0.568, -2.413e-06
-0.569, -2.417e-06
-0.570, -2.416e-06
-0.571, -2.424e-06
-0.572, -2.426e-06
-0.573, -2.425e-06
-0.574, -2.433e-06
-0.575, -2.434e-06
-0.576, -2.433e-06
-0.577, -2.439e-06
-0.578, -2.438e-06
-0.579, -2.450e-06
-0.580, -2.447e-06
-0.581, -2.456e-06
-0.582, -2.454e-06
-0.583, -2.456e-06
-0.584, -2.464e-06
-0.585, -2.462e-06
-0.586, -2.471e-06
-0.587, -2.471e-06
-0.588, -2.478e-06
-0.589, -2.487e-06
-0.590, -2.481e-06
-0.591, -2.488e-06
-0.592, -2.492e-06
-0.593, -2.489e-06
-0.594, -2.503e-06
-0.595, -2.494e-06
-0.596, -2.508e-06
-0.597, -2.510e-06
-0.598, -2.508e-06
-0.599, -2.518e-06
-0.600, -2.514e-06
-0.601, -2.515e-06
-0.602, -2.522e-06
-0.603, -2.521e-06
-0.604, -2.534e-06
-0.605, -2.528e-06
-0.606, -2.536e-06
-0.607, -2.537e-06
-0.608, -2.538e-06
-0.609, -2.549e-06
-0.610, -2.545e-06
-0.611, -2.552e-06
-0.612, -2.555e-06
-0.613, -2.554e-06
-0.614, -2.546e-06
-0.615, -2.558e-06
-0.616, -2.566e-06
-0.617, -2.565e-06
-0.618, -2.567e-06
-0.619, -2.575e-06
-0.620, -2.576e-06
-0.621, -2.580e-06
-0.622, -2.582e-06
-0.623, -2.583e-06
-0.624, -2.596e-06
-0.625, -2.588e-06
-0.626, -2.599e-06
-0.627, -2.591e-06
-0.628, -2.597e-06
-0.629, -2.610e-06
-0.630, -2.601e-06
-0.631, -2.611e-06
-0.632, -2.614e-06
-0.633, -2.612e-06
-0.634, -2.623e-06
-0.635, -2.616e-06
-0.636, -2.629e-06
-0.637, -2.630e-06
-0.638, -2.628e-06
-0.639, -2.640e-06
-0.640, -2.645e-06
-0.641, -2.647e-06
-0.642, -2.647e-06
-0.643, -2.646e-06
-0.644, -2.660e-06
-0.645, -2.654e-06
-0.646, -2.661e-06
-0.647, -2.666e-06
-0.648, -2.666e-06
-0.649, -2.676e-06
-0.650, -2.671e-06
-0.651, -2.683e-06
-0.652, -2.681e-06
-0.653, -2.682e-06
-0.654, -2.696e-06
-0.655, -2.690e-06
-0.656, -2.703e-06
-0.657, -2.703e-06
-0.658, -2.705e-06
-0.659, -2.719e-06
-0.660, -2.718e-06
-0.661, -2.726e-06
-0.662, -2.730e-06
-0.663, -2.736e-06
-0.664, -2.749e-06
-0.665, -2.742e-06
-0.666, -2.751e-06
-0.667, -2.757e-06
-0.668, -2.764e-06
-0.669, -2.776e-06
-0.670, -2.772e-06
-0.671, -2.788e-06
-0.672, -2.787e-06
-0.673, -2.792e-06
-0.674, -2.807e-06
-0.675, -2.804e-06
-0.676, -2.818e-06
-0.677, -2.822e-06
-0.678, -2.820e-06
-0.679, -2.841e-06
-0.680, -2.841e-06
-0.681, -2.856e-06
-0.682, -2.856e-06
-0.683, -2.870e-06
-0.684, -2.888e-06
-0.685, -2.886e-06
-0.686, -2.900e-06
-0.687, -2.906e-06
-0.688, -2.920e-06
-0.689, -2.935e-06
-0.690, -2.938e-06
-0.691, -2.965e-06
-0.692, -2.964e-06
-0.693, -2.984e-06
-0.694, -2.991e-06
-0.695, -2.995e-06
-0.696, -3.024e-06
-0.697, -3.027e-06
-0.698, -3.040e-06
-0.699, -3.060e-06
-0.700, -3.069e-06
-0.701, -3.096e-06
-0.702, -3.099e-06
-0.703, -3.125e-06
-0.704, -3.133e-06
-0.705, -3.149e-06
-0.706, -3.178e-06
-0.707, -3.187e-06
-0.708, -3.218e-06
-0.709, -3.240e-06
-0.710, -3.252e-06
-0.711, -3.282e-06
-0.712, -3.297e-06
-0.713, -3.323e-06
-0.714, -3.352e-06
-0.715, -3.365e-06
-0.716, -3.409e-06
-0.717, -3.429e-06
-0.718, -3.458e-06
-0.719, -3.490e-06
-0.720, -3.510e-06
-0.721, -3.547e-06
-0.722, -3.565e-06
-0.723, -3.603e-06
-0.724, -3.647e-06
-0.725, -3.673e-06
-0.726, -3.717e-06
-0.727, -3.748e-06
-0.728, -3.787e-06
-0.729, -3.821e-06
-0.730, -3.855e-06
-0.731, -3.911e-06
-0.732, -3.947e-06
-0.733, -4.002e-06
-0.734, -4.043e-06
-0.735, -4.083e-06
-0.736, -4.137e-06
-0.737, -4.183e-06
-0.738, -4.244e-06
-0.739, -4.299e-06
-0.740, -4.349e-06
-0.741, -4.424e-06
-0.742, -4.483e-06
-0.743, -4.547e-06
-0.744, -4.615e-06
-0.745, -4.676e-06
-0.746, -4.757e-06
-0.747, -4.812e-06
-0.748, -4.897e-06
-0.749, -4.979e-06
-0.750, -5.047e-06
-0.751, -5.147e-06
-0.752, -5.218e-06
-0.753, -5.323e-06
-0.754, -5.417e-06
-0.755, -5.476e-06
-0.756, -5.604e-06
-0.757, -5.694e-06
-0.758, -5.811e-06
-0.759, -5.917e-06
-0.760, -6.022e-06
-0.761, -6.152e-06
-0.762, -6.254e-06
-0.763, -6.390e-06
-0.764, -6.525e-06
-0.765, -6.640e-06
-0.766, -6.798e-06
-0.767, -6.923e-06
-0.768, -7.074e-06
-0.769, -7.253e-06
-0.770, -7.374e-06
-0.771, -7.566e-06
-0.772, -7.715e-06
-0.773, -7.908e-06
-0.774, -8.081e-06
-0.775, -8.260e-06
-0.776, -8.476e-06
-0.777, -8.652e-06
-0.778, -8.878e-06
-0.779, -9.076e-06
-0.780, -9.270e-06
-0.781, -9.509e-06
-0.782, -9.710e-06
-0.783, -9.987e-06
-0.784, -1.023e-05
-0.785, -1.048e-05
-0.786, -1.077e-05
-0.787, -1.098e-05
-0.788, -1.133e-05
-0.789, -1.161e-05
-0.790, -1.188e-05
-0.791, -1.222e-05
-0.792, -1.250e-05
-0.793, -1.292e-05
-0.794, -1.324e-05
-0.795, -1.352e-05
-0.796, -1.394e-05
-0.797, -1.423e-05
-0.798, -1.466e-05
-0.799, -1.505e-05
-0.800, -1.541e-05
-0.801, -1.588e-05
-0.802, -1.623e-05
-0.803, -1.669e-05
-0.804, -1.715e-05
-0.805, -1.757e-05
-0.806, -1.801e-05
-0.807, -1.844e-05
-0.808, -1.899e-05
-0.809, -1.949e-05
-0.810, -1.998e-05
-0.811, -2.058e-05
-0.812, -2.104e-05
-0.813, -2.162e-05
-0.814, -2.217e-05
-0.815, -2.270e-05
-0.816, -2.336e-05
-0.817, -2.385e-05
-0.818, -2.456e-05
-0.819, -2.491e-05
-0.820, -2.561e-05
-0.821, -2.637e-05
-0.822, -2.692e-05
-0.823, -2.764e-05
-0.824, -2.828e-05
-0.825, -2.892e-05
-0.826, -2.970e-05
-0.827, -3.027e-05
-0.828, -3.111e-05
-0.829, -3.180e-05
-0.830, -3.239e-05
-0.831, -3.328e-05
-0.832, -3.371e-05
-0.833, -3.471e-05
-0.834, -3.528e-05
-0.835, -3.600e-05
-0.836, -3.690e-05
-0.837, -3.753e-05
-0.838, -3.838e-05
-0.839, -3.911e-05
-0.840, -3.981e-05
-0.841, -4.072e-05
-0.842, -4.130e-05
-0.843, -4.211e-05
-0.844, -4.295e-05
-0.845, -4.383e-05
-0.846, -4.451e-05
-0.847, -4.515e-05
-0.848, -4.595e-05
-0.849, -4.672e-05
-0.850, -4.738e-05
-0.851, -4.822e-05
-0.852, -4.878e-05
-0.853, -4.968e-05
-0.854, -5.023e-05
-0.855, -5.098e-05
-0.856, -5.171e-05
-0.857, -5.216e-05
-0.858, -5.289e-05
-0.859, -5.344e-05
-0.860, -5.424e-05
-0.861, -5.500e-05
-0.862, -5.543e-05
-0.863, -5.627e-05
-0.864, -5.667e-05
-0.865, -5.733e-05
-0.866, -5.810e-05
-0.867, -5.843e-05
-0.868, -5.919e-05
-0.869, -5.966e-05
-0.870, -6.010e-05
-0.871, -6.085e-05
-0.872, -6.121e-05
-0.873, -6.188e-05
-0.874, -6.227e-05
-0.875, -6.268e-05
-0.876, -6.346e-05
-0.877, -6.367e-05
-0.878, -6.441e-05
-0.879, -6.479e-05
-0.880, -6.513e-05
-0.881, -6.584e-05
-0.882, -6.607e-05
-0.883, -6.638e-05
-0.884, -6.689e-05
-0.885, -6.733e-05
-0.886, -6.785e-05
-0.887, -6.814e-05
-0.888, -6.876e-05
-0.889, -6.917e-05
-0.890, -6.955e-05
-0.891, -6.998e-05
-0.892, -7.027e-05
-0.893, -7.091e-05
-0.894, -7.117e-05
-0.895, -7.156e-05
-0.896, -7.238e-05
-0.897, -7.250e-05
-0.898, -7.312e-05
-0.899, -7.331e-05
-0.900, -7.380e-05
-0.901, -7.433e-05
-0.902, -7.451e-05
-0.903, -7.512e-05
-0.904, -7.542e-05
-0.905, -7.589e-05
-0.906, -7.636e-05
-0.907, -7.659e-05
-0.908, -7.724e-05
-0.909, -7.730e-05
-0.910, -7.784e-05
-0.911, -7.839e-05
-0.912, -7.861e-05
-0.913, -7.925e-05
-0.914, -7.951e-05
-0.915, -7.981e-05
-0.916, -8.045e-05
-0.917, -8.066e-05
-0.918, -8.122e-05
-0.919, -8.149e-05
-0.920, -8.179e-05
-0.921, -8.255e-05
-0.922, -8.266e-05
-0.923, -8.312e-05
-0.924, -8.335e-05
-0.925, -8.363e-05
-0.926, -8.410e-05
-0.927, -8.425e-05
-0.928, -8.461e-05
-0.929, -8.485e-05
-0.930, -8.518e-05
-0.931, -8.545e-05
-0.932, -8.557e-05
-0.933, -8.597e-05
-0.934, -8.597e-05
-0.935, -8.616e-05
-0.936, -8.656e-05
-0.937, -8.660e-05
-0.938, -8.694e-05
-0.939, -8.686e-05
-0.940, -8.717e-05
-0.941, -8.727e-05
-0.942, -8.726e-05
-0.943, -8.752e-05
-0.944, -8.748e-05
-0.945, -8.756e-05
-0.946, -8.770e-05
-0.947, -8.774e-05
-0.948, -8.780e-05
-0.949, -8.767e-05
-0.950, -8.763e-05
-0.951, -8.769e-05
-0.952, -8.749e-05
-0.953, -8.756e-05
-0.954, -8.740e-05
-0.955, -8.724e-05
-0.956, -8.726e-05
-0.957, -8.706e-05
-0.958, -8.693e-05
-0.959, -8.674e-05
-0.960, -8.647e-05
-0.961, -8.647e-05
-0.962, -8.618e-05
-0.963, -8.601e-05
-0.964, -8.583e-05
-0.965, -8.558e-05
-0.966, -8.541e-05
-0.967, -8.512e-05
-0.968, -8.496e-05
-0.969, -8.462e-05
-0.970, -8.438e-05
-0.971, -8.416e-05
-0.972, -8.383e-05
-0.973, -8.358e-05
-0.974, -8.324e-05
-0.975, -8.295e-05
-0.976, -8.272e-05
-0.977, -8.235e-05
-0.978, -8.211e-05
-0.979, -8.174e-05
-0.980, -8.142e-05
-0.981, -8.118e-05
-0.982, -8.077e-05
-0.983, -8.051e-05
-0.984, -8.012e-05
-0.985, -7.974e-05
-0.986, -7.946e-05
-0.987, -7.907e-05
-0.988, -7.883e-05
-0.989, -7.843e-05
-0.990, -7.809e-05
-0.991, -7.780e-05
-0.992, -7.741e-05
-0.993, -7.712e-05
-0.994, -7.673e-05
-0.995, -7.639e-05
-0.996, -7.612e-05
-0.997, -7.573e-05
-0.998, -7.550e-05
-0.999, -7.510e-05
-1.000, -7.476e-05
-1.001, -7.443e-05
-1.002, -7.407e-05
-1.003, -7.377e-05
-1.004, -7.342e-05
-1.005, -7.308e-05
-1.006, -7.278e-05
-1.007, -7.244e-05
-1.008, -7.216e-05
-1.009, -7.182e-05
-1.010, -7.148e-05
-1.011, -7.116e-05
-1.012, -7.086e-05
-1.013, -7.058e-05
-1.014, -7.024e-05
-1.015, -6.993e-05
-1.016, -6.967e-05
-1.017, -6.934e-05
-1.018, -6.907e-05
-1.019, -6.873e-05
-1.020, -6.847e-05
-1.021, -6.820e-05
-1.022, -6.788e-05
-1.023, -6.763e-05
-1.024, -6.727e-05
-1.025, -6.703e-05
-1.026, -6.678e-05
-1.027, -6.648e-05
-1.028, -6.626e-05
-1.029, -6.598e-05
-1.030, -6.571e-05
-1.031, -6.547e-05
-1.032, -6.520e-05
-1.033, -6.497e-05
-1.034, -6.470e-05
-1.035, -6.444e-05
-1.036, -6.422e-05
-1.037, -6.394e-05
-1.038, -6.373e-05
-1.039, -6.348e-05
-1.040, -6.324e-05
-1.041, -6.303e-05
-1.042, -6.277e-05
-1.043, -6.256e-05
-1.044, -6.233e-05
-1.045, -6.209e-05
-1.046, -6.188e-05
-1.047, -6.165e-05
-1.048, -6.145e-05
-1.049, -6.125e-05
-1.050, -6.103e-05
-1.051, -6.082e-05
-1.052, -6.061e-05
-1.053, -6.041e-05
-1.054, -6.021e-05
-1.055, -5.999e-05
-1.056, -5.981e-05
-1.057, -5.960e-05
-1.058, -5.942e-05
-1.059, -5.922e-05
-1.060, -5.903e-05
-1.061, -5.886e-05
-1.062, -5.865e-05
-1.063, -5.848e-05
-1.064, -5.830e-05
-1.065, -5.811e-05
-1.066, -5.795e-05
-1.067, -5.776e-05
-1.068, -5.760e-05
-1.069, -5.741e-05
-1.070, -5.724e-05
-1.071, -5.708e-05
-1.072, -5.691e-05
-1.073, -5.675e-05
-1.074, -5.659e-05
-1.075, -5.642e-05
-1.076, -5.628e-05
-1.077, -5.611e-05
-1.078, -5.596e-05
-1.079, -5.580e-05
-1.080, -5.564e-05
-1.081, -5.549e-05
-1.082, -5.534e-05
-1.083, -5.520e-05
-1.084, -5.505e-05
-1.085, -5.490e-05
-1.086, -5.476e-05
-1.087, -5.461e-05
-1.088, -5.447e-05
-1.089, -5.433e-05
-1.090, -5.419e-05
-1.091, -5.406e-05
-1.092, -5.392e-05
-1.093, -5.379e-05
-1.094, -5.365e-05
-1.095, -5.351e-05
-1.096, -5.340e-05
-1.097, -5.325e-05
-1.098, -5.313e-05
-1.099, -5.300e-05
-1.100, -5.288e-05
-1.101, -5.276e-05
-1.102, -5.263e-05
-1.103, -5.251e-05
-1.104, -5.239e-05
-1.105, -5.227e-05
-1.106, -5.216e-05
-1.107, -5.203e-05
-1.108, -5.193e-05
-1.109, -5.180e-05
-1.110, -5.168e-05
-1.111, -5.158e-05
-1.112, -5.146e-05
-1.113, -5.134e-05
-1.114, -5.124e-05
-1.115, -5.112e-05
-1.116, -5.102e-05
-1.117, -5.091e-05
-1.118, -5.081e-05
-1.119, -5.070e-05
-1.120, -5.059e-05
-1.121, -5.050e-05
-1.122, -5.038e-05
-1.123, -5.029e-05
-1.124, -5.018e-05
-1.125, -5.008e-05
-1.126, -4.999e-05
-1.127, -4.988e-05
-1.128, -4.979e-05
-1.129, -4.969e-05
-1.130, -4.959e-05
-1.131, -4.950e-05
-1.132, -4.939e-05
-1.133, -4.931e-05
-1.134, -4.921e-05
-1.135, -4.912e-05
-1.136, -4.903e-05
-1.137, -4.893e-05
-1.138, -4.885e-05
-1.139, -4.874e-05
-1.140, -4.866e-05
-1.141, -4.858e-05
-1.142, -4.848e-05
-1.143, -4.840e-05
-1.144, -4.831e-05
-1.145, -4.822e-05
-1.146, -4.815e-05
-1.147, -4.805e-05
-1.148, -4.797e-05
-1.149, -4.789e-05
-1.150, -4.780e-05
-1.151, -4.773e-05
-1.152, -4.765e-05
-1.153, -4.757e-05
-1.154, -4.748e-05
-1.155, -4.739e-05
-1.156, -4.733e-05
-1.157, -4.724e-05
-1.158, -4.717e-05
-1.159, -4.709e-05
-1.160, -4.700e-05
-1.161, -4.694e-05
-1.162, -4.685e-05
-1.163, -4.677e-05
-1.164, -4.670e-05
-1.165, -4.662e-05
-1.166, -4.655e-05
-1.167, -4.647e-05
-1.168, -4.641e-05
-1.169, -4.633e-05
-1.170, -4.625e-05
-1.171, -4.619e-05
-1.172, -4.611e-05
-1.173, -4.604e-05
-1.174, -4.597e-05
-1.175, -4.590e-05
-1.176, -4.584e-05
-1.177, -4.576e-05
-1.178, -4.570e-05
-1.179, -4.563e-05
-1.180, -4.556e-05
-1.181, -4.550e-05
-1.182, -4.542e-05
-1.183, -4.536e-05
-1.184, -4.529e-05
-1.185, -4.522e-05
-1.186, -4.517e-05
-1.187, -4.510e-05
-1.188, -4.504e-05
-1.189, -4.497e-05
-1.190, -4.490e-05
-1.191, -4.485e-05
-1.192, -4.478e-05
-1.193, -4.473e-05
-1.194, -4.465e-05
-1.195, -4.459e-05
-1.196, -4.454e-05
-1.197, -4.447e-05
-1.198, -4.442e-05
-1.199, -4.435e-05
-1.200, -4.429e-05
-1.201, -4.424e-05
-1.202, -4.417e-05
-1.203, -4.412e-05
-1.204, -4.406e-05
-1.205, -4.400e-05
-1.206, -4.394e-05
-1.207, -4.388e-05
-1.208, -4.383e-05
-1.209, -4.377e-05
-1.210, -4.372e-05
-1.211, -4.366e-05
-1.212, -4.360e-05
-1.213, -4.355e-05
-1.214, -4.349e-05
-1.215, -4.344e-05
-1.216, -4.337e-05
-1.217, -4.332e-05
-1.218, -4.328e-05
-1.219, -4.322e-05
-1.220, -4.317e-05
-1.221, -4.312e-05
-1.222, -4.306e-05
-1.223, -4.302e-05
-1.224, -4.296e-05
-1.225, -4.290e-05
-1.226, -4.285e-05
-1.227, -4.279e-05
-1.228, -4.274e-05
-1.229, -4.268e-05
-1.230, -4.264e-05
-1.231, -4.260e-05
-1.232, -4.254e-05
-1.233, -4.250e-05
-1.234, -4.244e-05
-1.235, -4.239e-05
-1.236, -4.236e-05
-1.237, -4.231e-05
-1.238, -4.226e-05
-1.239, -4.221e-05
-1.240, -4.216e-05
-1.241, -4.211e-05
-1.242, -4.206e-05
-1.243, -4.202e-05
-1.244, -4.197e-05
-1.245, -4.192e-05
-1.246, -4.188e-05
-1.247, -4.183e-05
-1.248, -4.180e-05
-1.249, -4.175e-05
-1.250, -4.170e-05
-1.251, -4.166e-05
-1.252, -4.161e-05
-1.253, -4.157e-05
-1.254, -4.152e-05
-1.255, -4.148e-05
-1.256, -4.144e-05
-1.257, -4.139e-05
-1.258, -4.135e-05
-1.259, -4.130e-05
-1.260, -4.127e-05
-1.261, -4.123e-05
-1.262, -4.117e-05
-1.263, -4.114e-05
-1.264, -4.109e-05
-1.265, -4.106e-05
-1.266, -4.102e-05
-1.267, -4.096e-05
-1.268, -4.094e-05
-1.269, -4.089e-05
-1.270, -4.085e-05
-1.271, -4.082e-05
-1.272, -4.077e-05
-1.273, -4.074e-05
-1.274, -4.069e-05
-1.275, -4.065e-05
-1.276, -4.062e-05
-1.277, -4.058e-05
-1.278, -4.055e-05
-1.279, -4.050e-05
-1.280, -4.046e-05
-1.281, -4.043e-05
-1.282, -4.038e-05
-1.283, -4.035e-05
-1.284, -4.031e-05
-1.285, -4.028e-05
-1.286, -4.024e-05
-1.287, -4.019e-05
-1.288, -4.016e-05
-1.289, -4.012e-05
-1.290, -4.009e-05
-1.291, -4.006e-05
-1.292, -4.001e-05
-1.293, -3.998e-05
-1.294, -3.994e-05
-1.295, -3.991e-05
-1.296, -3.987e-05
-1.297, -3.983e-05
-1.298, -3.981e-05
-1.299, -3.976e-05
-1.300, -3.973e-05
-1.301, -3.970e-05
-1.302, -3.966e-05
-1.303, -3.963e-05
-1.304, -3.959e-05
-1.305, -3.957e-05
-1.306, -3.953e-05
-1.307, -3.949e-05
-1.308, -3.946e-05
-1.309, -3.942e-05
-1.310, -3.939e-05
-1.311, -3.936e-05
-1.312, -3.933e-05
-1.313, -3.930e-05
-1.314, -3.925e-05
-1.315, -3.923e-05
-1.316, -3.920e-05
-1.317, -3.916e-05
-1.318, -3.912e-05
-1.319, -3.909e-05
-1.320, -3.907e-05
-1.321, -3.903e-05
-1.322, -3.899e-05
-1.323, -3.897e-05
-1.324, -3.893e-05
-1.325, -3.890e-05
-1.326, -3.888e-05
-1.327, -3.884e-05
-1.328, -3.882e-05
-1.329, -3.878e-05
-1.330, -3.875e-05
-1.331, -3.873e-05
-1.332, -3.868e-05
-1.333, -3.866e-05
-1.334, -3.862e-05
-1.335, -3.860e-05
-1.336, -3.858e-05
-1.337, -3.854e-05
-1.338, -3.851e-05
-1.339, -3.848e-05
-1.340, -3.846e-05
-1.341, -3.843e-05
-1.342, -3.839e-05
-1.343, -3.837e-05
-1.344, -3.833e-05
-1.345, -3.831e-05
-1.346, -3.829e-05
-1.347, -3.825e-05
-1.348, -3.823e-05
-1.349, -3.820e-05
-1.350, -3.817e-05
-1.351, -3.815e-05
-1.352, -3.811e-05
-1.353, -3.809e-05
-1.354, -3.806e-05
-1.355, -3.803e-05
-1.356, -3.801e-05
-1.357, -3.798e-05
-1.358, -3.796e-05
-1.359, -3.793e-05
-1.360, -3.790e-05
-1.361, -3.788e-05
-1.362, -3.785e-05
-1.363, -3.783e-05
-1.364, -3.780e-05
-1.365, -3.777e-05
-1.366, -3.774e-05
-1.367, -3.771e-05
-1.368, -3.770e-05
-1.369, -3.766e-05
-1.370, -3.764e-05
-1.371, -3.762e-05
-1.372, -3.759e-05
-1.373, -3.757e-05
-1.374, -3.753e-05
-1.375, -3.751e-05
-1.376, -3.750e-05
-1.377, -3.746e-05
-1.378, -3.744e-05
-1.379, -3.741e-05
-1.380, -3.740e-05
-1.381, -3.737e-05
-1.382, -3.734e-05
-1.383, -3.733e-05
-1.384, -3.729e-05
-1.385, -3.727e-05
-1.386, -3.725e-05
-1.387, -3.722e-05
-1.388, -3.721e-05
-1.389, -3.717e-05
-1.390, -3.715e-05
-1.391, -3.714e-05
-1.392, -3.711e-05
-1.393, -3.710e-05
-1.394, -3.707e-05
-1.395, -3.704e-05
-1.396, -3.703e-05
-1.397, -3.700e-05
-1.398, -3.699e-05
-1.399, -3.695e-05
-1.400, -3.693e-05
-1.401, -3.691e-05
-1.402, -3.689e-05
-1.403, -3.688e-05
-1.404, -3.685e-05
-1.405, -3.683e-05
-1.406, -3.680e-05
-1.407, -3.678e-05
-1.408, -3.678e-05
-1.409, -3.674e-05
-1.410, -3.672e-05
-1.411, -3.670e-05
-1.412, -3.667e-05
-1.413, -3.666e-05
-1.414, -3.663e-05
-1.415, -3.662e-05
-1.416, -3.660e-05
-1.417, -3.657e-05
-1.418, -3.656e-05
-1.419, -3.653e-05
-1.420, -3.652e-05
-1.421, -3.650e-05
-1.422, -3.647e-05
-1.423, -3.646e-05
-1.424, -3.644e-05
-1.425, -3.642e-05
-1.426, -3.640e-05
-1.427, -3.638e-05
-1.428, -3.637e-05
-1.429, -3.634e-05
-1.430, -3.632e-05
-1.431, -3.631e-05
-1.432, -3.628e-05
-1.433, -3.625e-05
-1.434, -3.624e-05
-1.435, -3.622e-05
-1.436, -3.621e-05
-1.437, -3.618e-05
-1.438, -3.618e-05
-1.439, -3.615e-05
-1.440, -3.613e-05
-1.441, -3.612e-05
-1.442, -3.609e-05
-1.443, -3.608e-05
-1.444, -3.606e-05
-1.445, -3.604e-05
-1.446, -3.601e-05
-1.447, -3.600e-05
-1.448, -3.599e-05
-1.449, -3.597e-05
-1.450, -3.596e-05
-1.451, -3.594e-05
-1.452, -3.592e-05
-1.453, -3.591e-05
-1.454, -3.589e-05
-1.455, -3.587e-05
-1.456, -3.586e-05
-1.457, -3.583e-05
-1.458, -3.582e-05
-1.459, -3.581e-05
-1.460, -3.579e-05
-1.461, -3.578e-05
-1.462, -3.575e-05
-1.463, -3.575e-05
-1.464, -3.572e-05
-1.465, -3.571e-05
-1.466, -3.569e-05
-1.467, -3.568e-05
-1.468, -3.567e-05
-1.469, -3.564e-05
-1.470, -3.563e-05
-1.471, -3.562e-05
-1.472, -3.559e-05
-1.473, -3.559e-05
-1.474, -3.556e-05
-1.475, -3.556e-05
-1.476, -3.554e-05
-1.477, -3.552e-05
-1.478, -3.551e-05
-1.479, -3.549e-05
-1.480, -3.548e-05
-1.481, -3.546e-05
-1.482, -3.544e-05
-1.483, -3.544e-05
-1.484, -3.542e-05
-1.485, -3.541e-05
-1.486, -3.539e-05
-1.487, -3.537e-05
-1.488, -3.537e-05
-1.489, -3.535e-05
-1.490, -3.534e-05
-1.491, -3.532e-05
-1.492, -3.530e-05
-1.493, -3.530e-05
-1.494, -3.528e-05
-1.495, -3.528e-05
-1.496, -3.526e-05
-1.497, -3.524e-05
-1.498, -3.524e-05
-1.499, -3.522e-05
-1.500, -3.488e-05
-1.499, -3.467e-05
-1.498, -3.459e-05
-1.497, -3.452e-05
-1.496, -3.444e-05
-1.495, -3.438e-05
-1.494, -3.432e-05
-1.493, -3.427e-05
-1.492, -3.422e-05
-1.491, -3.416e-05
-1.490, -3.412e-05
-1.489, -3.406e-05
-1.488, -3.402e-05
-1.487, -3.398e-05
-1.486, -3.393e-05
-1.485, -3.390e-05
-1.484, -3.384e-05
-1.483, -3.380e-05
-1.482, -3.377e-05
-1.481, -3.372e-05
-1.480, -3.369e-05
-1.479, -3.365e-05
-1.478, -3.361e-05
-1.477, -3.358e-05
-1.476, -3.354e-05
-1.475, -3.351e-05
-1.474, -3.347e-05
-1.473, -3.343e-05
-1.472, -3.341e-05
-1.471, -3.336e-05
-1.470, -3.334e-05
-1.469, -3.330e-05
-1.468, -3.326e-05
-1.467, -3.324e-05
-1.466, -3.320e-05
-1.465, -3.318e-05
-1.464, -3.314e-05
-1.463, -3.311e-05
-1.462, -3.309e-05
-1.461, -3.305e-05
-1.460, -3.303e-05
-1.459, -3.299e-05
-1.458, -3.297e-05
-1.457, -3.294e-05
-1.456, -3.291e-05
-1.455, -3.288e-05
-1.454, -3.285e-05
-1.453, -3.282e-05
-1.452, -3.280e-05
-1.451, -3.276e-05
-1.450, -3.274e-05
-1.449, -3.271e-05
-1.448, -3.268e-05
-1.447, -3.267e-05
-1.446, -3.264e-05
-1.445, -3.262e-05
-1.444, -3.259e-05
-1.443, -3.256e-05
-1.442, -3.255e-05
-1.441, -3.251e-05
-1.440, -3.249e-05
-1.439, -3.246e-05
-1.438, -3.243e-05
-1.437, -3.242e-05
-1.436, -3.239e-05
-1.435, -3.237e-05
-1.434, -3.236e-05
-1.433, -3.232e-05
-1.432, -3.230e-05
-1.431, -3.227e-05
-1.430, -3.225e-05
-1.429, -3.223e-05
-1.428, -3.220e-05
-1.427, -3.218e-05
-1.426, -3.216e-05
-1.425, -3.214e-05
-1.424, -3.211e-05
-1.423, -3.208e-05
-1.422, -3.207e-05
-1.421, -3.205e-05
-1.420, -3.203e-05
-1.419, -3.201e-05
-1.418, -3.198e-05
-1.417, -3.197e-05
-1.416, -3.194e-05
-1.415, -3.192e-05
-1.414, -3.190e-05
-1.413, -3.188e-05
-1.412, -3.186e-05
-1.411, -3.183e-05
-1.410, -3.182e-05
-1.409, -3.180e-05
-1.408, -3.176e-05
-1.407, -3.176e-05
-1.406, -3.173e-05
-1.405, -3.172e-05
-1.404, -3.170e-05
-1.403, -3.167e-05
-1.402, -3.167e-05
-1.401, -3.163e-05
-1.400, -3.162e-05
-1.399, -3.160e-05
-1.398, -3.158e-05
-1.397, -3.157e-05
-1.396, -3.154e-05
-1.395, -3.153e-05
-1.394, -3.151e-05
-1.393, -3.149e-05
-1.392, -3.148e-05
-1.391, -3.145e-05
-1.390, -3.144e-05
-1.389, -3.142e-05
-1.388, -3.140e-05
-1.387, -3.138e-05
-1.386, -3.136e-05
-1.385, -3.135e-05
-1.384, -3.133e-05
-1.383, -3.130e-05
-1.382, -3.129e-05
-1.381, -3.127e-05
-1.380, -3.126e-05
-1.379, -3.124e-05
-1.378, -3.121e-05
-1.377, -3.121e-05
-1.376, -3.118e-05
-1.375, -3.117e-05
-1.374, -3.115e-05
-1.373, -3.113e-05
-1.372, -3.112e-05
-1.371, -3.109e-05
-1.370, -3.109e-05
-1.369, -3.107e-05
-1.368, -3.105e-05
-1.367, -3.104e-05
-1.366, -3.102e-05
-1.365, -3.101e-05
-1.364, -3.099e-05
-1.363, -3.097e-05
-1.362, -3.096e-05
-1.361, -3.093e-05
-1.360, -3.092e-05
-1.359, -3.090e-05
-1.358, -3.088e-05
-1.357, -3.087e-05
-1.356, -3.085e-05
-1.355, -3.084e-05
-1.354, -3.083e-05
-1.353, -3.081e-05
-1.352, -3.080e-05
-1.351, -3.078e-05
-1.350, -3.077e-05
-1.349, -3.075e-05
-1.348, -3.073e-05
-1.347, -3.072e-05
-1.346, -3.070e-05
-1.345, -3.069e-05
-1.344, -3.068e-05
-1.343, -3.066e-05
-1.342, -3.065e-05
-1.341, -3.063e-05
-1.340, -3.062e-05
-1.339, -3.060e-05
-1.338, -3.058e-05
-1.337, -3.058e-05
-1.336, -3.056e-05
-1.335, -3.055e-05
-1.334, -3.053e-05
-1.333, -3.051e-05
-1.332, -3.050e-05
-1.331, -3.047e-05
-1.330, -3.047e-05
-1.329, -3.046e-05
-1.328, -3.044e-05
-1.327, -3.043e-05
-1.326, -3.041e-05
-1.325, -3.041e-05
-1.324, -3.038e-05
-1.323, -3.037e-05
-1.322, -3.036e-05
-1.321, -3.034e-05
-1.320, -3.033e-05
-1.319, -3.032e-05
-1.318, -3.031e-05
-1.317, -3.030e-05
-1.316, -3.028e-05
-1.315, -3.026e-05
-1.314, -3.025e-05
-1.313, -3.024e-05
-1.312, -3.023e-05
-1.311, -3.021e-05
-1.310, -3.020e-05
-1.309, -3.018e-05
-1.308, -3.017e-05
-1.307, -3.016e-05
-1.306, -3.013e-05
-1.305, -3.013e-05
-1.304, -3.011e-05
-1.303, -3.010e-05
-1.302, -3.009e-05
-1.301, -3.008e-05
-1.300, -3.007e-05
-1.299, -3.005e-05
-1.298, -3.004e-05
-1.297, -3.003e-05
-1.296, -3.001e-05
-1.295, -3.001e-05
-1.294, -2.998e-05
-1.293, -2.998e-05
-1.292, -2.996e-05
-1.291, -2.994e-05
-1.290, -2.994e-05
-1.289, -2.992e-05
-1.288, -2.992e-05
-1.287, -2.990e-05
-1.286, -2.988e-05
-1.285, -2.988e-05
-1.284, -2.986e-05
-1.283, -2.985e-05
-1.282, -2.984e-05
-1.281, -2.982e-05
-1.280, -2.982e-05
-1.279, -2.980e-05
-1.278, -2.979e-05
-1.277, -2.979e-05
-1.276, -2.977e-05
-1.275, -2.976e-05
-1.274, -2.974e-05
-1.273, -2.974e-05
-1.272, -2.973e-05
-1.271, -2.971e-05
-1.270, -2.970e-05
-1.269, -2.968e-05
-1.268, -2.967e-05
-1.267, -2.967e-05
-1.266, -2.965e-05
-1.265, -2.964e-05
-1.264, -2.963e-05
-1.263, -2.962e-05
-1.262, -2.961e-05
-1.261, -2.960e-05
-1.260, -2.959e-05
-1.259, -2.957e-05
-1.258, -2.956e-05
-1.257, -2.956e-05
-1.256, -2.954e-05
-1.255, -2.953e-05
-1.254, -2.951e-05
-1.253, -2.951e-05
-1.252, -2.949e-05
-1.251, -2.947e-05
-1.250, -2.947e-05
-1.249, -2.946e-05
-1.248, -2.945e-05
-1.247, -2.945e-05
-1.246, -2.942e-05
-1.245, -2.943e-05
-1.244, -2.940e-05
-1.243, -2.940e-05
-1.242, -2.940e-05
-1.241, -2.937e-05
-1.240, -2.937e-05
-1.239, -2.935e-05
-1.238, -2.935e-05
-1.237, -2.934e-05
-1.236, -2.932e-05
-1.235, -2.932e-05
-1.234, -2.930e-05
-1.233, -2.930e-05
-1.232, -2.929e-05
-1.231, -2.927e-05
-1.230, -2.927e-05
-1.229, -2.927e-05
-1.228, -2.925e-05
-1.227, -2.924e-05
-1.226, -2.922e-05
-1.225, -2.922e-05
-1.224, -2.920e-05
-1.223, -2.920e-05
-1.222, -2.919e-05
-1.221, -2.917e-05
-1.220, -2.917e-05
-1.219, -2.915e-05
-1.218, -2.915e-05
-1.217, -2.913e-05
-1.216, -2.913e-05
-1.215, -2.912e-05
-1.214, -2.911e-05
-1.213, -2.910e-05
-1.212, -2.909e-05
-1.211, -2.907e-05
-1.210, -2.907e-05
-1.209, -2.906e-05
-1.208, -2.905e-05
-1.207, -2.904e-05
-1.206, -2.902e-05
-1.205, -2.902e-05
-1.204, -2.900e-05
-1.203, -2.899e-05
-1.202, -2.899e-05
-1.201, -2.897e-05
-1.200, -2.897e-05
-1.199, -2.895e-05
-1.198, -2.895e-05
-1.197, -2.894e-05
-1.196, -2.892e-05
-1.195, -2.892e-05
-1.194, -2.891e-05
-1.193, -2.890e-05
-1.192, -2.889e-05
-1.191, -2.888e-05
-1.190, -2.887e-05
-1.189, -2.885e-05
-1.188, -2.885e-05
-1.187, -2.884e-05
-1.186, -2.883e-05
-1.185, -2.883e-05
-1.184, -2.881e-05
-1.183, -2.881e-05
-1.182, -2.880e-05
-1.181, -2.879e-05
-1.180, -2.878e-05
-1.179, -2.876e-05
-1.178, -2.876e-05
-1.177, -2.875e-05
-1.176, -2.873e-05
-1.175, -2.873e-05
-1.174, -2.872e-05
-1.173, -2.871e-05
-1.172, -2.870e-05
-1.171, -2.869e-05
-1.170, -2.869e-05
-1.169, -2.867e-05
-1.168, -2.867e-05
-1.167, -2.865e-05
-1.166, -2.864e-05
-1.165, -2.864e-05
-1.164, -2.862e-05
-1.163, -2.861e-05
-1.162, -2.861e-05
-1.161, -2.859e-05
-1.160, -2.859e-05
-1.159, -2.858e-05
-1.158, -2.857e-05
-1.157, -2.857e-05
-1.156, -2.854e-05
-1.155, -2.854e-05
-1.154, -2.853e-05
-1.153, -2.852e-05
-1.152, -2.850e-05
-1.151, -2.849e-05
-1.150, -2.849e-05
-1.149, -2.848e-05
-1.148, -2.847e-05
-1.147, -2.846e-05
-1.146, -2.845e-05
-1.145, -2.844e-05
-1.144, -2.843e-05
-1.143, -2.842e-05
-1.142, -2.841e-05
-1.141, -2.839e-05
-1.140, -2.839e-05
-1.139, -2.838e-05
-1.138, -2.837e-05
-1.137, -2.836e-05
-1.136, -2.834e-05
-1.135, -2.834e-05
-1.134, -2.832e-05
-1.133, -2.831e-05
-1.132, -2.830e-05
-1.131, -2.828e-05
-1.130, -2.829e-05
-1.129, -2.827e-05
-1.128, -2.826e-05
-1.127, -2.824e-05
-1.126, -2.823e-05
-1.125, -2.823e-05
-1.124, -2.821e-05
-1.123, -2.819e-05
-1.122, -2.819e-05
-1.121, -2.817e-05
-1.120, -2.817e-05
-1.119, -2.815e-05
-1.118, -2.814e-05
-1.117, -2.813e-05
-1.116, -2.811e-05
-1.115, -2.811e-05
-1.114, -2.810e-05
-1.113, -2.808e-05
-1.112, -2.807e-05
-1.111, -2.804e-05
-1.110, -2.804e-05
-1.109, -2.802e-05
-1.108, -2.800e-05
-1.107, -2.799e-05
-1.106, -2.797e-05
-1.105, -2.797e-05
-1.104, -2.794e-05
-1.103, -2.793e-05
-1.102, -2.791e-05
-1.101, -2.788e-05
-1.100, -2.788e-05
-1.099, -2.786e-05
-1.098, -2.785e-05
-1.097, -2.783e-05
-1.096, -2.781e-05
-1.095, -2.780e-05
-1.094, -2.777e-05
-1.093, -2.776e-05
-1.092, -2.774e-05
-1.091, -2.772e-05
-1.090, -2.771e-05
-1.089, -2.767e-05
-1.088, -2.767e-05
-1.087, -2.764e-05
-1.086, -2.760e-05
-1.085, -2.759e-05
-1.084, -2.756e-05
-1.083, -2.754e-05
-1.082, -2.752e-05
-1.081, -2.748e-05
-1.080, -2.747e-05
-1.079, -2.743e-05
-1.078, -2.742e-05
-1.077, -2.739e-05
-1.076, -2.735e-05
-1.075, -2.733e-05
-1.074, -2.729e-05
-1.073, -2.727e-05
-1.072, -2.724e-05
-1.071, -2.719e-05
-1.070, -2.717e-05
-1.069, -2.714e-05
-1.068, -2.711e-05
-1.067, -2.707e-05
-1.066, -2.703e-05
-1.065, -2.700e-05
-1.064, -2.694e-05
-1.063, -2.693e-05
-1.062, -2.688e-05
-1.061, -2.683e-05
-1.060, -2.680e-05
-1.059, -2.674e-05
-1.058, -2.671e-05
-1.057, -2.665e-05
-1.056, -2.660e-05
-1.055, -2.656e-05
-1.054, -2.649e-05
-1.053, -2.646e-05
-1.052, -2.639e-05
-1.051, -2.633e-05
-1.050, -2.628e-05
-1.049, -2.622e-05
-1.048, -2.617e-05
-1.047, -2.609e-05
-1.046, -2.603e-05
-1.045, -2.598e-05
-1.044, -2.589e-05
-1.043, -2.584e-05
-1.042, -2.576e-05
-1.041, -2.567e-05
-1.040, -2.562e-05
-1.039, -2.551e-05
-1.038, -2.546e-05
-1.037, -2.539e-05
-1.036, -2.528e-05
-1.035, -2.521e-05
-1.034, -2.510e-05
-1.033, -2.501e-05
-1.032, -2.492e-05
-1.031, -2.481e-05
-1.030, -2.472e-05
-1.029, -2.460e-05
-1.028, -2.449e-05
-1.027, -2.437e-05
-1.026, -2.425e-05
-1.025, -2.416e-05
-1.024, -2.409e-05
-1.023, -2.393e-05
-1.022, -2.378e-05
-1.021, -2.365e-05
-1.020, -2.351e-05
-1.019, -2.333e-05
-1.018, -2.321e-05
-1.017, -2.304e-05
-1.016, -2.289e-05
-1.015, -2.275e-05
-1.014, -2.254e-05
-1.013, -2.241e-05
-1.012, -2.221e-05
-1.011, -2.205e-05
-1.010, -2.187e-05
-1.009, -2.164e-05
-1.008, -2.150e-05
-1.007, -2.122e-05
-1.006, -2.102e-05
-1.005, -2.085e-05
-1.004, -2.058e-05
-1.003, -2.037e-05
-1.002, -2.011e-05
-1.001, -1.986e-05
-1.000, -1.967e-05
-0.999, -1.929e-05
-0.998, -1.907e-05
-0.997, -1.879e-05
-0.996, -1.850e-05
-0.995, -1.825e-05
-0.994, -1.791e-05
-0.993, -1.762e-05
-0.992, -1.729e-05
-0.991, -1.695e-05
-0.990, -1.666e-05
-0.989, -1.627e-05
-0.988, -1.593e-05
-0.987, -1.556e-05
-0.986, -1.524e-05
-0.985, -1.490e-05
-0.984, -1.441e-05
-0.983, -1.406e-05
-0.982, -1.361e-05
-0.981, -1.319e-05
-0.980, -1.280e-05
-0.979, -1.226e-05
-0.978, -1.186e-05
-0.977, -1.134e-05
-0.976, -1.092e-05
-0.975, -1.043e-05
-0.974, -9.834e-06
-0.973, -9.527e-06
-0.972, -8.874e-06
-0.971, -8.311e-06
-0.970, -7.822e-06
-0.969, -7.193e-06
-0.968, -6.685e-06
-0.967, -5.986e-06
-0.966, -5.498e-06
-0.965, -4.931e-06
-0.964, -4.187e-06
-0.963, -3.751e-06
-0.962, -2.987e-06
-0.961, -2.430e-06
-0.960, -1.957e-06
-0.959, -1.070e-06
-0.958, -4.911e-07
-0.957, 2.140e-07
-0.956, 8.691e-07
-0.955, 1.553e-06
-0.954, 2.340e-06
-0.953, 2.937e-06
-0.952, 3.712e-06
-0.951, 4.427e-06
-0.950, 5.057e-06
-0.949, 5.913e-06
-0.948, 6.520e-06
-0.947, 7.622e-06
-0.946, 8.087e-06
-0.945, 8.826e-06
-0.944, 9.608e-06
-0.943, 1.024e-05
-0.942, 1.113e-05
-0.941, 1.172e-05
-0.940, 1.243e-05
-0.939, 1.335e-05
-0.938, 1.388e-05
-0.937, 1.478e-05
-0.936, 1.533e-05
-0.935, 1.604e-05
-0.934, 1.684e-05
-0.933, 1.732e-05
-0.932, 1.826e-05
-0.931, 1.892e-05
-0.930, 1.957e-05
-0.929, 2.045e-05
-0.928, 2.084e-05
-0.927, 2.175e-05
-0.926, 2.232e-05
-0.925, 2.288e-05
-0.924, 2.370e-05
-0.923, 2.412e-05
-0.922, 2.511e-05
-0.921, 2.556e-05
-0.920, 2.611e-05
-0.919, 2.690e-05
-0.918, 2.724e-05
-0.917, 2.791e-05
-0.916, 2.840e-05
-0.915, 2.892e-05
-0.914, 2.959e-05
-0.913, 2.996e-05
-0.912, 3.063e-05
-0.911, 3.108e-05
-0.910, 3.162e-05
-0.909, 3.207e-05
-0.908, 3.242e-05
-0.907, 3.319e-05
-0.906, 3.348e-05
-0.905, 3.405e-05
-0.904, 3.456e-05
-0.903, 3.488e-05
-0.902, 3.559e-05
-0.901, 3.576e-05
-0.900, 3.630e-05
-0.899, 3.685e-05
-0.898, 3.711e-05
-0.897, 3.781e-05
-0.896, 3.828e-05
-0.895, 3.868e-05
-0.894, 3.920e-05
-0.893, 3.936e-05
-0.892, 4.005e-05
-0.891, 4.030e-05
-0.890, 4.074e-05
-0.889, 4.126e-05
-0.888, 4.144e-05
-0.887, 4.220e-05
-0.886, 4.255e-05
-0.885, 4.286e-05
-0.884, 4.340e-05
-0.883, 4.350e-05
-0.882, 4.424e-05
-0.881, 4.459e-05
-0.880, 4.501e-05
-0.879, 4.565e-05
-0.878, 4.591e-05
-0.877, 4.645e-05
-0.876, 4.685e-05
-0.875, 4.726e-05
-0.874, 4.787e-05
-0.873, 4.805e-05
-0.872, 4.871e-05
-0.871, 4.902e-05
-0.870, 4.942e-05
-0.869, 4.993e-05
-0.868, 5.022e-05
-0.867, 5.086e-05
-0.866, 5.116e-05
-0.865, 5.150e-05
-0.864, 5.198e-05
-0.863, 5.221e-05
-0.862, 5.280e-05
-0.861, 5.295e-05
-0.860, 5.339e-05
-0.859, 5.380e-05
-0.858, 5.377e-05
-0.857, 5.429e-05
-0.856, 5.443e-05
-0.855, 5.486e-05
-0.854, 5.515e-05
-0.853, 5.517e-05
-0.852, 5.563e-05
-0.851, 5.563e-05
-0.850, 5.590e-05
-0.849, 5.617e-05
-0.848, 5.606e-05
-0.847, 5.653e-05
-0.846, 5.648e-05
-0.845, 5.682e-05
-0.844, 5.690e-05
-0.843, 5.673e-05
-0.842, 5.703e-05
-0.841, 5.693e-05
-0.840, 5.695e-05
-0.839, 5.703e-05
-0.838, 5.683e-05
-0.837, 5.697e-05
-0.836, 5.684e-05
-0.835, 5.685e-05
-0.834, 5.676e-05
-0.833, 5.660e-05
-0.832, 5.645e-05
-0.831, 5.634e-05
-0.830, 5.628e-05
-0.829, 5.619e-05
-0.828, 5.592e-05
-0.827, 5.589e-05
-0.826, 5.561e-05
-0.825, 5.545e-05
-0.824, 5.527e-05
-0.823, 5.500e-05
-0.822, 5.488e-05
-0.821, 5.452e-05
-0.820, 5.431e-05
-0.819, 5.387e-05
-0.818, 5.366e-05
-0.817, 5.348e-05
-0.816, 5.313e-05
-0.815, 5.289e-05
-0.814, 5.265e-05
-0.813, 5.221e-05
-0.812, 5.203e-05
-0.811, 5.167e-05
-0.810, 5.131e-05
-0.809, 5.103e-05
-0.808, 5.062e-05
-0.807, 5.032e-05
-0.806, 4.992e-05
-0.805, 4.961e-05
-0.804, 4.931e-05
-0.803, 4.889e-05
-0.802, 4.863e-05
-0.801, 4.819e-05
-0.800, 4.785e-05
-0.799, 4.755e-05
-0.798, 4.709e-05
-0.797, 4.679e-05
-0.796, 4.645e-05
-0.795, 4.606e-05
-0.794, 4.578e-05
-0.793, 4.532e-05
-0.792, 4.501e-05
-0.791, 4.464e-05
-0.790, 4.426e-05
-0.789, 4.393e-05
-0.788, 4.354e-05
-0.787, 4.322e-05
-0.786, 4.282e-05
-0.785, 4.247e-05
-0.784, 4.214e-05
-0.783, 4.177e-05
-0.782, 4.145e-05
-0.781, 4.104e-05
-0.780, 4.073e-05
-0.779, 4.043e-05
-0.778, 4.005e-05
-0.777, 3.976e-05
-0.776, 3.940e-05
-0.775, 3.906e-05
-0.774, 3.875e-05
-0.773, 3.840e-05
-0.772, 3.810e-05
-0.771, 3.778e-05
-0.770, 3.746e-05
-0.769, 3.717e-05
-0.768, 3.683e-05
-0.767, 3.656e-05
-0.766, 3.624e-05
-0.765, 3.594e-05
-0.764, 3.567e-05
-0.763, 3.535e-05
-0.762, 3.508e-05
-0.761, 3.478e-05
-0.760, 3.449e-05
-0.759, 3.424e-05
-0.758, 3.395e-05
-0.757, 3.369e-05
-0.756, 3.341e-05
-0.755, 3.313e-05
-0.754, 3.289e-05
-0.753, 3.262e-05
-0.752, 3.238e-05
-0.751, 3.212e-05
-0.750, 3.187e-05
-0.749, 3.162e-05
-0.748, 3.137e-05
-0.747, 3.114e-05
-0.746, 3.089e-05
-0.745, 3.066e-05
-0.744, 3.043e-05
-0.743, 3.021e-05
-0.742, 2.999e-05
-0.741, 2.975e-05
-0.740, 2.953e-05
-0.739, 2.932e-05
-0.738, 2.909e-05
-0.737, 2.889e-05
-0.736, 2.867e-05
-0.735, 2.846e-05
-0.734, 2.827e-05
-0.733, 2.805e-05
-0.732, 2.787e-05
-0.731, 2.766e-05
-0.730, 2.745e-05
-0.729, 2.727e-05
-0.728, 2.707e-05
-0.727, 2.691e-05
-0.726, 2.671e-05
-0.725, 2.652e-05
-0.724, 2.635e-05
-0.723, 2.617e-05
-0.722, 2.600e-05
-0.721, 2.582e-05
-0.720, 2.564e-05
-0.719, 2.548e-05
-0.718, 2.530e-05
-0.717, 2.515e-05
-0.716, 2.498e-05
-0.715, 2.481e-05
-0.714, 2.465e-05
-0.713, 2.449e-05
-0.712, 2.434e-05
-0.711, 2.418e-05
-0.710, 2.402e-05
-0.709, 2.388e-05
-0.708, 2.371e-05
-0.707, 2.357e-05
-0.706, 2.342e-05
-0.705, 2.327e-05
-0.704, 2.312e-05
-0.703, 2.298e-05
-0.702, 2.284e-05
-0.701, 2.271e-05
-0.700, 2.256e-05
-0.699, 2.244e-05
-0.698, 2.229e-05
-0.697, 2.216e-05
-0.696, 2.203e-05
-0.695, 2.190e-05
-0.694, 2.178e-05
-0.693, 2.163e-05
-0.692, 2.152e-05
-0.691, 2.140e-05
-0.690, 2.127e-05
-0.689, 2.115e-05
-0.688, 2.102e-05
-0.687, 2.091e-05
-0.686, 2.079e-05
-0.685, 2.066e-05
-0.684, 2.056e-05
-0.683, 2.044e-05
-0.682, 2.033e-05
-0.681, 2.021e-05
-0.680, 2.009e-05
-0.679, 1.999e-05
-0.678, 1.987e-05
-0.677, 1.977e-05
-0.676, 1.966e-05
-0.675, 1.956e-05
-0.674, 1.945e-05
-0.673, 1.934e-05
-0.672, 1.924e-05
-0.671, 1.914e-05
-0.670, 1.903e-05
-0.669, 1.894e-05
-0.668, 1.883e-05
-0.667, 1.874e-05
-0.666, 1.863e-05
-0.665, 1.854e-05
-0.664, 1.845e-05
-0.663, 1.835e-05
-0.662, 1.826e-05
-0.661, 1.816e-05
-0.660, 1.807e-05
-0.659, 1.798e-05
-0.658, 1.788e-05
-0.657, 1.780e-05
-0.656, 1.770e-05
-0.655, 1.761e-05
-0.654, 1.754e-05
-0.653, 1.743e-05
-0.652, 1.736e-05
-0.651, 1.727e-05
-0.650, 1.719e-05
-0.649, 1.711e-05
-0.648, 1.701e-05
-0.647, 1.694e-05
-0.646, 1.686e-05
-0.645, 1.677e-05
-0.644, 1.670e-05
-0.643, 1.661e-05
-0.642, 1.653e-05
-0.641, 1.645e-05
-0.640, 1.638e-05
-0.639, 1.630e-05
-0.638, 1.621e-05
-0.637, 1.614e-05
-0.636, 1.607e-05
-0.635, 1.599e-05
-0.634, 1.592e-05
-0.633, 1.584e-05
-0.632, 1.577e-05
-0.631, 1.569e-05
-0.630, 1.562e-05
-0.629, 1.555e-05
-0.628, 1.547e-05
-0.627, 1.540e-05
-0.626, 1.533e-05
-0.625, 1.526e-05
-0.624, 1.519e-05
-0.623, 1.512e-05
-0.622, 1.506e-05
-0.621, 1.498e-05
-0.620, 1.492e-05
-0.619, 1.486e-05
-0.618, 1.478e-05
-0.617, 1.472e-05
-0.616, 1.465e-05
-0.615, 1.458e-05
-0.614, 1.452e-05
-0.613, 1.445e-05
-0.612, 1.440e-05
-0.611, 1.433e-05
-0.610, 1.426e-05
-0.609, 1.421e-05
-0.608, 1.414e-05
-0.607, 1.409e-05
-0.606, 1.402e-05
-0.605, 1.396e-05
-0.604, 1.390e-05
-0.603, 1.383e-05
-0.602, 1.378e-05
-0.601, 1.372e-05
-0.600, 1.366e-05
-0.599, 1.361e-05
-0.598, 1.354e-05
-0.597, 1.349e-05
-0.596, 1.343e-05
-0.595, 1.338e-05
-0.594, 1.332e-05
-0.593, 1.326e-05
-0.592, 1.321e-05
-0.591, 1.315e-05
-0.590, 1.310e-05
-0.589, 1.306e-05
-0.588, 1.299e-05
-0.587, 1.294e-05
-0.586, 1.288e-05
-0.585, 1.283e-05
-0.584, 1.278e-05
-0.583, 1.272e-05
-0.582, 1.268e-05
-0.581, 1.261e-05
-0.580, 1.257e-05
-0.579, 1.252e-05
-0.578, 1.246e-05
-0.577, 1.241e-05
-0.576, 1.235e-05
-0.575, 1.231e-05
-0.574, 1.226e-05
-0.573, 1.220e-05
-0.572, 1.217e-05
-0.571, 1.211e-05
-0.570, 1.207e-05
-0.569, 1.202e-05
-0.568, 1.197e-05
-0.567, 1.193e-05
-0.566, 1.187e-05
-0.565, 1.183e-05
-0.564, 1.178e-05
-0.563, 1.173e-05
-0.562, 1.169e-05
-0.561, 1.164e-05
-0.560, 1.160e-05
-0.559, 1.155e-05
-0.558, 1.150e-05
-0.557, 1.146e-05
-0.556, 1.141e-05
-0.555, 1.137e-05
-0.554, 1.133e-05
-0.553, 1.128e-05
-0.552, 1.124e-05
-0.551, 1.119e-05
-0.550, 1.115e-05
-0.549, 1.111e-05
-0.548, 1.107e-05
-0.547, 1.103e-05
-0.546, 1.098e-05
-0.545, 1.094e-05
-0.544, 1.090e-05
-0.543, 1.085e-05
-0.542, 1.082e-05
-0.541, 1.077e-05
-0.540, 1.074e-05
-0.539, 1.070e-05
-0.538, 1.065e-05
-0.537, 1.062e-05
-0.536, 1.057e-05
-0.535, 1.054e-05
-0.534, 1.050e-05
-0.533, 1.045e-05
-0.532, 1.042e-05
-0.531, 1.037e-05
-0.530, 1.034e-05
-0.529, 1.030e-05
-0.528, 1.026e-05
-0.527, 1.023e-05
-0.526, 1.018e-05
-0.525, 1.014e-05
-0.524, 1.012e-05
-0.523, 1.007e-05
-0.522, 1.004e-05
-0.521, 9.997e-06
-0.520, 9.963e-06
-0.519, 9.929e-06
-0.518, 9.885e-06
-0.517, 9.855e-06
-0.516, 9.817e-06
-0.515, 9.781e-06
-0.514, 9.751e-06
-0.513, 9.708e-06
-0.512, 9.684e-06
-0.511, 9.644e-06
-0.510, 9.608e-06
-0.509, 9.575e-06
-0.508, 9.535e-06
-0.507, 9.506e-06
-0.506, 9.466e-06
-0.505, 9.436e-06
-0.504, 9.405e-06
-0.503, 9.366e-06
-0.502, 9.341e-06
-0.501, 9.297e-06
-0.500, 9.269e-06
-0.499, 9.236e-06
-0.498, 9.196e-06
-0.497, 9.171e-06
-0.496, 9.137e-06
-0.495, 9.106e-06
-0.494, 9.079e-06
-0.493, 9.038e-06
-0.492, 9.013e-06
-0.491, 8.978e-06
-0.490, 8.943e-06
-0.489, 8.918e-06
-0.488, 8.880e-06
-0.487, 8.863e-06
-0.486, 8.824e-06
-0.485, 8.788e-06
-0.484, 8.767e-06
-0.483, 8.728e-06
-0.482, 8.703e-06
-0.481, 8.668e-06
-0.480, 8.640e-06
-0.479, 8.617e-06
-0.478, 8.577e-06
-0.477, 8.549e-06
-0.476, 8.519e-06
-0.475, 8.493e-06
-0.474, 8.458e-06
-0.473, 8.427e-06
-0.472, 8.406e-06
-0.471, 8.376e-06
-0.470, 8.345e-06
-0.469, 8.320e-06
-0.468, 8.289e-06
-0.467, 8.268e-06
-0.466, 8.232e-06
-0.465, 8.207e-06
-0.464, 8.180e-06
-0.463, 8.148e-06
-0.462, 8.129e-06
-0.461, 8.091e-06
-0.460, 8.071e-06
-0.459, 8.048e-06
-0.458, 8.010e-06
-0.457, 7.992e-06
-0.456, 7.958e-06
-0.455, 7.935e-06
-0.454, 7.912e-06
-0.453, 7.880e-06
-0.452, 7.859e-06
-0.451, 7.829e-06
-0.450, 7.803e-06
-0.449, 7.782e-06
-0.448, 7.738e-06
-0.447, 7.727e-06
-0.446, 7.692e-06
-0.445, 7.668e-06
-0.444, 7.648e-06
-0.443, 7.614e-06
-0.442, 7.591e-06
-0.441, 7.566e-06
-0.440, 7.543e-06
-0.439, 7.521e-06
-0.438, 7.487e-06
-0.437, 7.467e-06
-0.436, 7.443e-06
-0.435, 7.429e-06
-0.434, 7.397e-06
-0.433, 7.368e-06
-0.432, 7.348e-06
-0.431, 7.322e-06
-0.430, 7.299e-06
-0.429, 7.276e-06
-0.428, 7.247e-06
-0.427, 7.234e-06
-0.426, 7.203e-06
-0.425, 7.183e-06
-0.424, 7.164e-06
-0.423, 7.128e-06
-0.422, 7.114e-06
-0.421, 7.082e-06
-0.420, 7.070e-06
-0.419, 7.046e-06
-0.418, 7.014e-06
-0.417, 7.001e-06
-0.416, 6.970e-06
-0.415, 6.956e-06
-0.414, 6.932e-06
-0.413, 6.903e-06
-0.412, 6.891e-06
-0.411, 6.863e-06
-0.410, 6.822e-06
-0.409, 6.819e-06
-0.408, 6.796e-06
-0.407, 6.779e-06
-0.406, 6.749e-06
-0.405, 6.733e-06
-0.404, 6.714e-06
-0.403, 6.689e-06
-0.402, 6.672e-06
-0.401, 6.643e-06
-0.400, 6.629e-06
-0.399, 6.610e-06
-0.398, 6.583e-06
-0.397, 6.558e-06
-0.396, 6.541e-06
-0.395, 6.525e-06
-0.394, 6.499e-06
-0.393, 6.480e-06
-0.392, 6.462e-06
-0.391, 6.437e-06
-0.390, 6.425e-06
-0.389, 6.399e-06
-0.388, 6.379e-06
-0.387, 6.365e-06
-0.386, 6.339e-06
-0.385, 6.321e-06
-0.384, 6.310e-06
-0.383, 6.283e-06
-0.382, 6.269e-06
-0.381, 6.237e-06
-0.380, 6.228e-06
-0.379, 6.205e-06
-0.378, 6.180e-06
-0.377, 6.172e-06
-0.376, 6.142e-06
-0.375, 6.132e-06
-0.374, 6.108e-06
-0.373, 6.088e-06
-0.372, 6.076e-06
-0.371, 6.045e-06
-0.370, 6.033e-06
-0.369, 6.013e-06
-0.368, 5.992e-06
-0.367, 5.981e-06
-0.366, 5.956e-06
-0.365, 5.943e-06
-0.364, 5.920e-06
-0.363, 5.900e-06
-0.362, 5.890e-06
-0.361, 5.864e-06
-0.360, 5.852e-06
-0.359, 5.833e-06
-0.358, 5.811e-06
-0.357, 5.797e-06
-0.356, 5.779e-06
-0.355, 5.767e-06
-0.354, 5.745e-06
-0.353, 5.726e-06
-0.352, 5.714e-06
-0.351, 5.693e-06
-0.350, 5.680e-06
-0.349, 5.660e-06
-0.348, 5.640e-06
-0.347, 5.632e-06
-0.346, 5.601e-06
-0.345, 5.596e-06
-0.344, 5.573e-06
-0.343, 5.554e-06
-0.342, 5.543e-06
-0.341, 5.518e-06
-0.340, 5.509e-06
-0.339, 5.492e-06
-0.338, 5.472e-06
-0.337, 5.464e-06
-0.336, 5.438e-06
-0.335, 5.429e-06
-0.334, 5.412e-06
-0.333, 5.395e-06
-0.332, 5.385e-06
-0.331, 5.359e-06
-0.330, 5.351e-06
-0.329, 5.331e-06
-0.328, 5.312e-06
-0.327, 5.302e-06
-0.326, 5.280e-06
-0.325, 5.269e-06
-0.324, 5.256e-06
-0.323, 5.235e-06
-0.322, 5.227e-06
-0.321, 5.206e-06
-0.320, 5.187e-06
-0.319, 5.176e-06
-0.318, 5.160e-06
-0.317, 5.145e-06
-0.316, 5.130e-06
-0.315, 5.119e-06
-0.314, 5.100e-06
-0.313, 5.083e-06
-0.312, 5.074e-06
-0.311, 5.051e-06
-0.310, 5.045e-06
-0.309, 5.026e-06
-0.308, 5.009e-06
-0.307, 5.008e-06
-0.306, 4.980e-06
-0.305, 4.972e-06
-0.304, 4.956e-06
-0.303, 4.939e-06
-0.302, 4.929e-06
-0.301, 4.905e-06
-0.300, 4.906e-06
-0.299, 4.886e-06
-0.298, 4.865e-06
-0.297, 4.863e-06
-0.296, 4.835e-06
-0.295, 4.828e-06
-0.294, 4.815e-06
-0.293, 4.796e-06
-0.292, 4.786e-06
-0.291, 4.771e-06
-0.290, 4.763e-06
-0.289, 4.749e-06
-0.288, 4.730e-06
-0.287, 4.725e-06
-0.286, 4.702e-06
-0.285, 4.696e-06
-0.284, 4.679e-06
-0.283, 4.666e-06
-0.282, 4.663e-06
-0.281, 4.640e-06
-0.280, 4.628e-06
-0.279, 4.617e-06
-0.278, 4.596e-06
-0.277, 4.591e-06
-0.276, 4.572e-06
-0.275, 4.566e-06
-0.274, 4.548e-06
-0.273, 4.532e-06
-0.272, 4.526e-06
-0.271, 4.509e-06
-0.270, 4.500e-06
-0.269, 4.479e-06
-0.268, 4.471e-06
-0.267, 4.464e-06
-0.266, 4.441e-06
-0.265, 4.435e-06
-0.264, 4.422e-06
-0.263, 4.408e-06
-0.262, 4.403e-06
-0.261, 4.382e-06
-0.260, 4.378e-06
-0.259, 4.368e-06
-0.258, 4.348e-06
-0.257, 4.345e-06
-0.256, 4.320e-06
-0.255, 4.318e-06
-0.254, 4.307e-06
-0.253, 4.290e-06
-0.252, 4.289e-06
-0.251, 4.271e-06
-0.250, 4.261e-06
-0.249, 4.253e-06
-0.248, 4.236e-06
-0.247, 4.233e-06
-0.246, 4.214e-06
-0.245, 4.207e-06
-0.244, 4.196e-06
-0.243, 4.177e-06
-0.242, 4.175e-06
-0.241, 4.155e-06
-0.240, 4.152e-06
-0.239, 4.142e-06
-0.238, 4.124e-06
-0.237, 4.116e-06
-0.236, 4.100e-06
-0.235, 4.097e-06
-0.234, 4.079e-06
-0.233, 4.066e-06
-0.232, 4.064e-06
-0.231, 4.053e-06
-0.230, 4.044e-06
-0.229, 4.027e-06
-0.228, 4.017e-06
-0.227, 4.015e-06
-0.226, 3.994e-06
-0.225, 3.992e-06
-0.224, 3.977e-06
-0.223, 3.967e-06
-0.222, 3.961e-06
-0.221, 3.939e-06
-0.220, 3.940e-06
-0.219, 3.929e-06
-0.218, 3.908e-06
-0.217, 3.912e-06
-0.216, 3.889e-06
-0.215, 3.890e-06
-0.214, 3.876e-06
-0.213, 3.862e-06
-0.212, 3.864e-06
-0.211, 3.839e-06
-0.210, 3.836e-06
-0.209, 3.823e-06
-0.208, 3.812e-06
-0.207, 3.810e-06
-0.206, 3.791e-06
-0.205, 3.770e-06
-0.204, 3.771e-06
-0.203, 3.766e-06
-0.202, 3.761e-06
-0.201, 3.741e-06
-0.200, 3.739e-06
-0.199, 3.731e-06
-0.198, 3.715e-06
-0.197, 3.714e-06
-0.196, 3.696e-06
-0.195, 3.695e-06
-0.194, 3.679e-06
-0.193, 3.672e-06
-0.192, 3.661e-06
-0.191, 3.649e-06
-0.190, 3.646e-06
-0.189, 3.633e-06
-0.188, 3.627e-06
-0.187, 3.620e-06
-0.186, 3.602e-06
-0.185, 3.599e-06
-0.184, 3.585e-06
-0.183, 3.580e-06
-0.182, 3.576e-06
-0.181, 3.556e-06
-0.180, 3.557e-06
-0.179, 3.551e-06
-0.178, 3.538e-06
-0.177, 3.532e-06
-0.176, 3.515e-06
-0.175, 3.515e-06
-0.174, 3.504e-06
-0.173, 3.492e-06
-0.172, 3.489e-06
-0.171, 3.475e-06
-0.170, 3.469e-06
-0.169, 3.456e-06
-0.168, 3.450e-06
-0.167, 3.445e-06
-0.166, 3.429e-06
-0.165, 3.428e-06
-0.164, 3.418e-06
-0.163, 3.412e-06
-0.162, 3.406e-06
-0.161, 3.392e-06
-0.160, 3.392e-06
-0.159, 3.379e-06
-0.158, 3.375e-06
-0.157, 3.366e-06
-0.156, 3.351e-06
-0.155, 3.356e-06
-0.154, 3.334e-06
-0.153, 3.334e-06
-0.152, 3.328e-06
-0.151, 3.316e-06
-0.150, 3.316e-06
-0.149, 3.302e-06
-0.148, 3.301e-06
-0.147, 3.297e-06
-0.146, 3.276e-06
-0.145, 3.281e-06
-0.144, 3.265e-06
-0.143, 3.268e-06
-0.142, 3.258e-06
-0.141, 3.235e-06
-0.140, 3.245e-06
-0.139, 3.228e-06
-0.138, 3.225e-06
-0.137, 3.221e-06
-0.136, 3.208e-06
-0.135, 3.206e-06
-0.134, 3.194e-06
-0.133, 3.190e-06
-0.132, 3.186e-06
-0.131, 3.175e-06
-0.130, 3.172e-06
-0.129, 3.160e-06
-0.128, 3.166e-06
-0.127, 3.153e-06
-0.126, 3.139e-06
-0.125, 3.135e-06
-0.124, 3.124e-06
-0.123, 3.124e-06
-0.122, 3.114e-06
-0.121, 3.100e-06
-0.120, 3.098e-06
-0.119, 3.089e-06
-0.118, 3.086e-06
-0.117, 3.083e-06
-0.116, 3.067e-06
-0.115, 3.066e-06
-0.114, 3.057e-06
-0.113, 3.056e-06
-0.112, 3.052e-06
-0.111, 3.037e-06
-0.110, 3.041e-06
-0.109, 3.028e-06
-0.108, 3.026e-06
-0.107, 3.024e-06
-0.106, 3.005e-06
-0.105, 3.008e-06
-0.104, 2.997e-06
-0.103, 3.002e-06
-0.102, 2.993e-06
-0.101, 2.976e-06
-0.100, 2.980e-06
-0.099, 2.969e-06
-0.098, 2.962e-06
-0.097, 2.963e-06
-0.096, 2.943e-06
-0.095, 2.951e-06
-0.094, 2.938e-06
-0.093, 2.933e-06
-0.092, 2.933e-06
-0.091, 2.917e-06
-0.090, 2.914e-06
-0.089, 2.906e-06
-0.088, 2.907e-06
-0.087, 2.899e-06
-0.086, 2.890e-06
-0.085, 2.890e-06
-0.084, 2.878e-06
-0.083, 2.877e-06
-0.082, 2.873e-06
-0.081, 2.860e-06
-0.080, 2.861e-06
-0.079, 2.847e-06
-0.078, 2.849e-06
-0.077, 2.847e-06
-0.076, 2.833e-06
-0.075, 2.832e-06
-0.074, 2.822e-06
-0.073, 2.816e-06
-0.072, 2.817e-06
-0.071, 2.804e-06
-0.070, 2.804e-06
-0.069, 2.793e-06
-0.068, 2.792e-06
-0.067, 2.789e-06
-0.066, 2.778e-06
-0.065, 2.777e-06
-0.064, 2.761e-06
-0.063, 2.765e-06
-0.062, 2.763e-06
-0.061, 2.747e-06
-0.060, 2.752e-06
-0.059, 2.741e-06
-0.058, 2.734e-06
-0.057, 2.733e-06
-0.056, 2.720e-06
-0.055, 2.723e-06
-0.054, 2.714e-06
-0.053, 2.710e-06
-0.052, 2.708e-06
-0.051, 2.695e-06
-0.050, 2.694e-06
-0.049, 2.686e-06
-0.048, 2.683e-06
-0.047, 2.682e-06
-0.046, 2.672e-06
-0.045, 2.669e-06
-0.044, 2.662e-06
-0.043, 2.657e-06
-0.042, 2.654e-06
-0.041, 2.641e-06
-0.040, 2.646e-06
-0.039, 2.629e-06
-0.038, 2.628e-06
-0.037, 2.627e-06
-0.036, 2.620e-06
-0.035, 2.617e-06
-0.034, 2.607e-06
-0.033, 2.604e-06
-0.032, 2.602e-06
-0.031, 2.591e-06
-0.030, 2.594e-06
-0.029, 2.582e-06
-0.028, 2.583e-06
-0.027, 2.581e-06
-0.026, 2.576e-06
-0.025, 2.573e-06
-0.024, 2.563e-06
-0.023, 2.559e-06
-0.022, 2.559e-06
-0.021, 2.544e-06
-0.020, 2.549e-06
-0.019, 2.542e-06
-0.018, 2.536e-06
-0.017, 2.536e-06
-0.016, 2.522e-06
-0.015, 2.531e-06
-0.014, 2.517e-06
-0.013, 2.506e-06
-0.012, 2.512e-06
-0.011, 2.502e-06
-0.010, 2.499e-06
-0.009, 2.497e-06
-0.008, 2.491e-06
-0.007, 2.494e-06
-0.006, 2.479e-06
-0.005, 2.480e-06
-0.004, 2.474e-06
-0.003, 2.471e-06
-0.002, 2.468e-06
-0.001, 2.458e-06
-0.000, 2.436e-06
0.001, 2.453e-06
0.002, 2.447e-06
0.003, 2.445e-06
0.004, 2.436e-06
0.005, 2.442e-06
0.006, 2.429e-06
0.007, 2.428e-06
0.008, 2.426e-06
0.009, 2.419e-06
0.010, 2.420e-06
0.011, 2.408e-06
0.012, 2.408e-06
0.013, 2.405e-06
0.014, 2.394e-06
0.015, 2.400e-06
0.016, 2.390e-06
0.017, 2.390e-06
0.018, 2.386e-06
0.019, 2.374e-06
0.020, 2.383e-06
0.021, 2.372e-06
0.022, 2.371e-06
0.023, 2.366e-06
0.024, 2.357e-06
0.025, 2.369e-06
0.026, 2.356e-06
0.027, 2.352e-06
0.028, 2.350e-06
0.029, 2.342e-06
0.030, 2.342e-06
0.031, 2.334e-06
0.032, 2.338e-06
0.033, 2.332e-06
0.034, 2.327e-06
0.035, 2.326e-06
0.036, 2.317e-06
0.037, 2.322e-06
0.038, 2.308e-06
0.039, 2.310e-06
0.040, 2.310e-06
0.041, 2.302e-06
0.042, 2.303e-06
0.043, 2.298e-06
0.044, 2.291e-06
0.045, 2.297e-06
0.046, 2.285e-06
0.047, 2.287e-06
0.048, 2.282e-06
0.049, 2.275e-06
0.050, 2.280e-06
0.051, 2.267e-06
0.052, 2.271e-06
0.053, 2.267e-06
0.054, 2.259e-06
0.055, 2.264e-06
0.056, 2.253e-06
0.057, 2.261e-06
0.058, 2.251e-06
0.059, 2.243e-06
0.060, 2.249e-06
0.061, 2.238e-06
0.062, 2.240e-06
0.063, 2.235e-06
0.064, 2.222e-06
0.065, 2.231e-06
0.066, 2.223e-06
0.067, 2.226e-06
0.068, 2.223e-06
0.069, 2.216e-06
0.070, 2.216e-06
0.071, 2.211e-06
0.072, 2.213e-06
0.073, 2.207e-06
0.074, 2.201e-06
0.075, 2.203e-06
0.076, 2.200e-06
0.077, 2.208e-06
0.078, 2.192e-06
0.079, 2.190e-06
0.080, 2.193e-06
0.081, 2.185e-06
0.082, 2.189e-06
0.083, 2.180e-06
0.084, 2.177e-06
0.085, 2.182e-06
0.086, 2.169e-06
0.087, 2.176e-06
0.088, 2.167e-06
0.089, 2.160e-06
0.090, 2.165e-06
0.091, 2.155e-06
0.092, 2.161e-06
0.093, 2.157e-06
0.094, 2.148e-06
0.095, 2.154e-06
0.096, 2.144e-06
0.097, 2.151e-06
0.098, 2.141e-06
0.099, 2.134e-06
0.100, 2.141e-06
0.101, 2.134e-06
0.102, 2.141e-06
0.103, 2.131e-06
0.104, 2.124e-06
0.105, 2.132e-06
0.106, 2.122e-06
0.107, 2.123e-06
0.108, 2.119e-06
0.109, 2.115e-06
0.110, 2.118e-06
0.111, 2.109e-06
0.112, 2.110e-06
0.113, 2.109e-06
0.114, 2.103e-06
0.115, 2.098e-06
0.116, 2.099e-06
0.117, 2.103e-06
0.118, 2.092e-06
0.119, 2.092e-06
0.120, 2.095e-06
0.121, 2.088e-06
0.122, 2.094e-06
0.123, 2.085e-06
0.124, 2.083e-06
0.125, 2.087e-06
0.126, 2.077e-06
0.127, 2.082e-06
0.128, 2.084e-06
0.129, 2.075e-06
0.130, 2.077e-06
0.131, 2.069e-06
0.132, 2.076e-06
0.133, 2.068e-06
0.134, 2.060e-06
0.135, 2.070e-06
0.136, 2.059e-06
0.137, 2.065e-06
0.138, 2.059e-06
0.139, 2.053e-06
0.140, 2.058e-06
0.141, 2.044e-06
0.142, 2.052e-06
0.143, 2.048e-06
0.144, 2.043e-06
0.145, 2.049e-06
0.146, 2.039e-06
0.147, 2.041e-06
0.148, 2.040e-06
0.149, 2.035e-06
0.150, 2.036e-06
0.151, 2.028e-06
0.152, 2.033e-06
0.153, 2.028e-06
0.154, 2.023e-06
0.155, 2.024e-06
0.156, 2.021e-06
0.157, 2.024e-06
0.158, 2.019e-06
0.159, 2.014e-06
0.160, 2.019e-06
0.161, 2.008e-06
0.162, 2.015e-06
0.163, 2.008e-06
0.164, 2.006e-06
0.165, 2.011e-06
0.166, 1.992e-06
0.167, 2.005e-06
0.168, 2.000e-06
0.169, 1.996e-06
0.170, 2.000e-06
0.171, 1.991e-06
0.172, 1.998e-06
0.173, 1.993e-06
0.174, 1.984e-06
0.175, 1.995e-06
0.176, 1.982e-06
0.177, 1.987e-06
0.178, 1.987e-06
0.179, 1.988e-06
0.180, 1.986e-06
0.181, 1.979e-06
0.182, 1.982e-06
0.183, 1.977e-06
0.184, 1.974e-06
0.185, 1.980e-06
0.186, 1.968e-06
0.187, 1.969e-06
0.188, 1.972e-06
0.189, 1.965e-06
0.190, 1.969e-06
0.191, 1.962e-06
0.192, 1.958e-06
0.193, 1.961e-06
0.194, 1.959e-06
0.195, 1.960e-06
0.196, 1.954e-06
0.197, 1.960e-06
0.198, 1.955e-06
0.199, 1.951e-06
0.200, 1.958e-06
0.201, 1.948e-06
0.202, 1.954e-06
0.203, 1.948e-06
0.204, 1.941e-06
0.205, 1.939e-06
0.206, 1.936e-06
0.207, 1.945e-06
0.208, 1.941e-06
0.209, 1.939e-06
0.210, 1.942e-06
0.211, 1.932e-06
0.212, 1.942e-06
0.213, 1.938e-06
0.214, 1.930e-06
0.215, 1.937e-06
0.216, 1.929e-06
0.217, 1.928e-06
0.218, 1.928e-06
0.219, 1.925e-06
0.220, 1.930e-06
0.221, 1.924e-06
0.222, 1.926e-06
0.223, 1.926e-06
0.224, 1.920e-06
0.225, 1.928e-06
0.226, 1.915e-06
0.227, 1.920e-06
0.228, 1.919e-06
0.229, 1.919e-06
0.230, 1.927e-06
0.231, 1.911e-06
0.232, 1.918e-06
0.233, 1.914e-06
0.234, 1.911e-06
0.235, 1.916e-06
0.236, 1.904e-06
0.237, 1.914e-06
0.238, 1.905e-06
0.239, 1.906e-06
0.240, 1.908e-06
0.241, 1.901e-06
0.242, 1.908e-06
0.243, 1.893e-06
0.244, 1.901e-06
0.245, 1.906e-06
0.246, 1.894e-06
0.247, 1.901e-06
0.248, 1.896e-06
0.249, 1.897e-06
0.250, 1.901e-06
0.251, 1.886e-06
0.252, 1.897e-06
0.253, 1.894e-06
0.254, 1.887e-06
0.255, 1.896e-06
0.256, 1.880e-06
0.257, 1.894e-06
0.258, 1.888e-06
0.259, 1.883e-06
0.260, 1.889e-06
0.261, 1.882e-06
0.262, 1.888e-06
0.263, 1.881e-06
0.264, 1.881e-06
0.265, 1.886e-06
0.266, 1.874e-06
0.267, 1.880e-06
0.268, 1.875e-06
0.269, 1.876e-06
0.270, 1.880e-06
0.271, 1.873e-06
0.272, 1.878e-06
0.273, 1.873e-06
0.274, 1.876e-06
0.275, 1.874e-06
0.276, 1.870e-06
0.277, 1.876e-06
0.278, 1.868e-06
0.279, 1.870e-06
0.280, 1.872e-06
0.281, 1.874e-06
0.282, 1.874e-06
0.283, 1.866e-06
0.284, 1.869e-06
0.285, 1.874e-06
0.286, 1.859e-06
0.287, 1.870e-06
0.288, 1.861e-06
0.289, 1.868e-06
0.290, 1.868e-06
0.291, 1.855e-06
0.292, 1.869e-06
0.293, 1.865e-06
0.294, 1.853e-06
0.295, 1.863e-06
0.296, 1.855e-06
0.297, 1.862e-06
0.298, 1.856e-06
0.299, 1.859e-06
0.300, 1.866e-06
0.301, 1.853e-06
0.302, 1.859e-06
0.303, 1.854e-06
0.304, 1.854e-06
0.305, 1.862e-06
0.306, 1.850e-06
0.307, 1.863e-06
0.308, 1.853e-06
0.309, 1.857e-06
0.310, 1.856e-06
0.311, 1.851e-06
0.312, 1.858e-06
0.313, 1.847e-06
0.314, 1.854e-06
0.315, 1.852e-06
0.316, 1.849e-06
0.317, 1.854e-06
0.318, 1.845e-06
0.319, 1.853e-06
0.320, 1.845e-06
0.321, 1.846e-06
0.322, 1.850e-06
0.323, 1.844e-06
0.324, 1.850e-06
0.325, 1.854e-06
0.326, 1.842e-06
0.327, 1.850e-06
0.328, 1.842e-06
0.329, 1.849e-06
0.330, 1.850e-06
0.331, 1.840e-06
0.332, 1.850e-06
0.333, 1.851e-06
0.334, 1.845e-06
0.335, 1.849e-06
0.336, 1.839e-06
0.337, 1.849e-06
0.338, 1.843e-06
0.339, 1.843e-06
0.340, 1.850e-06
0.341, 1.839e-06
0.342, 1.844e-06
0.343, 1.842e-06
0.344, 1.842e-06
0.345, 1.840e-06
0.346, 1.837e-06
0.347, 1.841e-06
0.348, 1.840e-06
0.349, 1.845e-06
0.350, 1.844e-06
0.351, 1.840e-06
0.352, 1.846e-06
0.353, 1.839e-06
0.354, 1.842e-06
0.355, 1.843e-06
0.356, 1.840e-06
0.357, 1.846e-06
0.358, 1.836e-06
0.359, 1.841e-06
0.360, 1.845e-06
0.361, 1.840e-06
0.362, 1.844e-06
0.363, 1.836e-06
0.364, 1.843e-06
0.365, 1.846e-06
0.366, 1.837e-06
0.367, 1.844e-06
0.368, 1.838e-06
0.369, 1.845e-06
0.370, 1.846e-06
0.371, 1.830e-06
0.372, 1.846e-06
0.373, 1.838e-06
0.374, 1.841e-06
0.375, 1.847e-06
0.376, 1.836e-06
0.377, 1.848e-06
0.378, 1.841e-06
0.379, 1.839e-06
0.380, 1.849e-06
0.381, 1.841e-06
0.382, 1.846e-06
0.383, 1.843e-06
0.384, 1.854e-06
0.385, 1.850e-06
0.386, 1.843e-06
0.387, 1.846e-06
0.388, 1.846e-06
0.389, 1.847e-06
0.390, 1.848e-06
0.391, 1.842e-06
0.392, 1.852e-06
0.393, 1.847e-06
0.394, 1.846e-06
0.395, 1.851e-06
0.396, 1.843e-06
0.397, 1.849e-06
0.398, 1.847e-06
0.399, 1.851e-06
0.400, 1.855e-06
0.401, 1.846e-06
0.402, 1.856e-06
0.403, 1.848e-06
0.404, 1.854e-06
0.405, 1.858e-06
0.406, 1.847e-06
0.407, 1.858e-06
0.408, 1.850e-06
0.409, 1.829e-06
0.410, 1.851e-06
0.411, 1.845e-06
0.412, 1.857e-06
0.413, 1.855e-06
0.414, 1.856e-06
0.415, 1.861e-06
0.416, 1.852e-06
0.417, 1.865e-06
0.418, 1.858e-06
0.419, 1.858e-06
0.420, 1.865e-06
0.421, 1.858e-06
0.422, 1.860e-06
0.423, 1.859e-06
0.424, 1.863e-06
0.425, 1.867e-06
0.426, 1.862e-06
0.427, 1.868e-06
0.428, 1.866e-06
0.429, 1.870e-06
0.430, 1.871e-06
0.431, 1.864e-06
0.432, 1.878e-06
0.433, 1.873e-06
0.434, 1.876e-06
0.435, 1.886e-06
0.436, 1.873e-06
0.437, 1.885e-06
0.438, 1.875e-06
0.439, 1.885e-06
0.440, 1.885e-06
0.441, 1.877e-06
0.442, 1.886e-06
0.443, 1.880e-06
0.444, 1.892e-06
0.445, 1.892e-06
0.446, 1.883e-06
0.447, 1.892e-06
0.448, 1.881e-06
0.449, 1.896e-06
0.450, 1.897e-06
0.451, 1.890e-06
0.452, 1.902e-06
0.453, 1.898e-06
0.454, 1.901e-06
0.455, 1.905e-06
0.456, 1.900e-06
0.457, 1.912e-06
0.458, 1.906e-06
0.459, 1.909e-06
0.460, 1.914e-06
0.461, 1.908e-06
0.462, 1.915e-06
0.463, 1.913e-06
0.464, 1.918e-06
0.465, 1.923e-06
0.466, 1.918e-06
0.467, 1.924e-06
0.468, 1.924e-06
0.469, 1.931e-06
0.470, 1.927e-06
0.471, 1.926e-06
0.472, 1.936e-06
0.473, 1.926e-06
0.474, 1.936e-06
0.475, 1.936e-06
0.476, 1.940e-06
0.477, 1.947e-06
0.478, 1.937e-06
0.479, 1.950e-06
0.480, 1.946e-06
0.481, 1.948e-06
0.482, 1.955e-06
0.483, 1.948e-06
0.484, 1.959e-06
0.485, 1.961e-06
0.486, 1.963e-06
0.487, 1.967e-06
0.488, 1.964e-06
0.489, 1.974e-06
0.490, 1.970e-06
0.491, 1.966e-06
0.492, 1.980e-06
0.493, 1.970e-06
0.494, 1.981e-06
0.495, 1.981e-06
0.496, 1.976e-06
0.497, 1.991e-06
0.498, 1.983e-06
0.499, 1.985e-06
0.500, 1.991e-06
0.501, 1.992e-06
0.502, 2.001e-06
0.503, 1.996e-06
0.504, 2.008e-06
0.505, 2.006e-06
0.506, 2.002e-06
0.507, 2.014e-06
0.508, 2.008e-06
0.509, 2.023e-06
0.510, 2.016e-06
0.511, 2.017e-06
0.512, 2.034e-06
0.513, 2.023e-06
0.514, 2.036e-06
0.515, 2.029e-06
0.516, 2.035e-06
0.517, 2.044e-06
0.518, 2.033e-06
0.519, 2.049e-06
0.520, 2.043e-06
0.521, 2.044e-06
0.522, 2.054e-06
0.523, 2.046e-06
0.524, 2.056e-06
0.525, 2.052e-06
0.526, 2.052e-06
0.527, 2.066e-06
0.528, 2.061e-06
0.529, 2.070e-06
0.530, 2.070e-06
0.531, 2.063e-06
0.532, 2.079e-06
0.533, 2.073e-06
0.534, 2.080e-06
0.535, 2.080e-06
0.536, 2.076e-06
0.537, 2.099e-06
0.538, 2.084e-06
0.539, 2.092e-06
0.540, 2.093e-06
0.541, 2.088e-06
0.542, 2.101e-06
0.543, 2.093e-06
0.544, 2.104e-06
0.545, 2.102e-06
0.546, 2.102e-06
0.547, 2.107e-06
0.548, 2.105e-06
0.549, 2.121e-06
0.550, 2.105e-06
0.551, 2.107e-06
0.552, 2.119e-06
0.553, 2.116e-06
0.554, 2.125e-06
0.555, 2.124e-06
0.556, 2.123e-06
0.557, 2.134e-06
0.558, 2.123e-06
0.559, 2.138e-06
0.560, 2.134e-06
0.561, 2.136e-06
0.562, 2.145e-06
0.563, 2.132e-06
0.564, 2.147e-06
0.565, 2.146e-06
0.566, 2.139e-06
0.567, 2.155e-06
0.568, 2.147e-06
0.569, 2.161e-06
0.570, 2.159e-06
0.571, 2.150e-06
0.572, 2.166e-06
0.573, 2.162e-06
0.574, 2.168e-06
0.575, 2.169e-06
0.576, 2.156e-06
0.577, 2.177e-06
0.578, 2.167e-06
0.579, 2.177e-06
0.580, 2.178e-06
0.581, 2.176e-06
0.582, 2.183e-06
0.583, 2.178e-06
0.584, 2.187e-06
0.585, 2.191e-06
0.586, 2.187e-06
0.587, 2.196e-06
0.588, 2.192e-06
0.589, 2.208e-06
0.590, 2.199e-06
0.591, 2.195e-06
0.592, 2.206e-06
0.593, 2.199e-06
0.594, 2.209e-06
0.595, 2.205e-06
0.596, 2.207e-06
0.597, 2.218e-06
0.598, 2.202e-06
0.599, 2.217e-06
0.600, 2.215e-06
0.601, 2.211e-06
0.602, 2.224e-06
0.603, 2.211e-06
0.604, 2.224e-06
0.605, 2.228e-06
0.606, 2.220e-06
0.607, 2.236e-06
0.608, 2.224e-06
0.609, 2.239e-06
0.610, 2.239e-06
0.611, 2.227e-06
0.612, 2.249e-06
0.613, 2.233e-06
0.614, 2.225e-06
0.615, 2.241e-06
0.616, 2.238e-06
0.617, 2.253e-06
0.618, 2.243e-06
0.619, 2.252e-06
0.620, 2.256e-06
0.621, 2.252e-06
0.622, 2.262e-06
0.623, 2.251e-06
0.624, 2.265e-06
0.625, 2.268e-06
0.626, 2.261e-06
0.627, 2.264e-06
0.628, 2.263e-06
0.629, 2.278e-06
0.630, 2.271e-06
0.631, 2.272e-06
0.632, 2.287e-06
0.633, 2.272e-06
0.634, 2.286e-06
0.635, 2.282e-06
0.636, 2.284e-06
0.637, 2.297e-06
0.638, 2.283e-06
0.639, 2.297e-06
0.640, 2.306e-06
0.641, 2.297e-06
0.642, 2.310e-06
0.643, 2.295e-06
0.644, 2.311e-06
0.645, 2.310e-06
0.646, 2.303e-06
0.647, 2.320e-06
0.648, 2.305e-06
0.649, 2.320e-06
0.650, 2.317e-06
0.651, 2.316e-06
0.652, 2.328e-06
0.653, 2.310e-06
0.654, 2.327e-06
0.655, 2.328e-06
0.656, 2.329e-06
0.657, 2.342e-06
0.658, 2.331e-06
0.659, 2.340e-06
0.660, 2.338e-06
0.661, 2.344e-06
0.662, 2.353e-06
0.663, 2.338e-06
0.664, 2.355e-06
0.665, 2.350e-06
0.666, 2.357e-06
0.667, 2.360e-06
0.668, 2.356e-06
0.669, 2.368e-06
0.670, 2.365e-06
0.671, 2.367e-06
0.672, 2.374e-06
0.673, 2.371e-06
0.674, 2.383e-06
0.675, 2.375e-06
0.676, 2.385e-06
0.677, 2.394e-06
0.678, 2.372e-06
0.679, 2.393e-06
0.680, 2.392e-06
0.681, 2.397e-06
0.682, 2.405e-06
0.683, 2.396e-06
0.684, 2.409e-06
0.685, 2.408e-06
0.686, 2.412e-06
0.687, 2.420e-06
0.688, 2.412e-06
0.689, 2.431e-06
0.690, 2.424e-06
0.691, 2.437e-06
0.692, 2.442e-06
0.693, 2.429e-06
0.694, 2.441e-06
0.695, 2.437e-06
0.696, 2.445e-06
0.697, 2.454e-06
0.698, 2.447e-06
0.699, 2.456e-06
0.700, 2.455e-06
0.701, 2.464e-06
0.702, 2.466e-06
0.703, 2.460e-06
0.704, 2.467e-06
0.705, 2.467e-06
0.706, 2.480e-06
0.707, 2.483e-06
0.708, 2.480e-06
0.709, 2.495e-06
0.710, 2.484e-06
0.711, 2.496e-06
0.712, 2.506e-06
0.713, 2.498e-06
0.714, 2.507e-06
0.715, 2.504e-06
0.716, 2.518e-06
0.717, 2.534e-06
0.718, 2.517e-06
0.719, 2.530e-06
0.720, 2.523e-06
0.721, 2.539e-06
0.722, 2.545e-06
0.723, 2.531e-06
0.724, 2.551e-06
0.725, 2.548e-06
0.726, 2.554e-06
0.727, 2.561e-06
0.728, 2.553e-06
0.729, 2.563e-06
0.730, 2.560e-06
0.731, 2.572e-06
0.732, 2.581e-06
0.733, 2.573e-06
0.734, 2.587e-06
0.735, 2.581e-06
0.736, 2.594e-06
0.737, 2.604e-06
0.738, 2.596e-06
0.739, 2.605e-06
0.740, 2.606e-06
0.741, 2.618e-06
0.742, 2.636e-06
0.743, 2.620e-06
0.744, 2.632e-06
0.745, 2.632e-06
0.746, 2.641e-06
0.747, 2.645e-06
0.748, 2.643e-06
0.749, 2.659e-06
0.750, 2.649e-06
0.751, 2.662e-06
0.752, 2.670e-06
0.753, 2.665e-06
0.754, 2.679e-06
0.755, 2.663e-06
0.756, 2.680e-06
0.757, 2.695e-06
0.758, 2.680e-06
0.759, 2.701e-06
0.760, 2.695e-06
0.761, 2.706e-06
0.762, 2.715e-06
0.763, 2.702e-06
0.764, 2.723e-06
0.765, 2.720e-06
0.766, 2.725e-06
0.767, 2.737e-06
0.768, 2.721e-06
0.769, 2.741e-06
0.770, 2.733e-06
0.771, 2.744e-06
0.772, 2.758e-06
0.773, 2.749e-06
0.774, 2.759e-06
0.775, 2.757e-06
0.776, 2.765e-06
0.777, 2.780e-06
0.778, 2.769e-06
0.779, 2.779e-06
0.780, 2.778e-06
0.781, 2.776e-06
0.782, 2.793e-06
0.783, 2.783e-06
0.784, 2.795e-06
0.785, 2.799e-06
0.786, 2.799e-06
0.787, 2.809e-06
0.788, 2.805e-06
0.789, 2.817e-06
0.790, 2.810e-06
0.791, 2.818e-06
0.792, 2.823e-06
0.793, 2.832e-06
0.794, 2.841e-06
0.795, 2.823e-06
0.796, 2.836e-06
0.797, 2.843e-06
0.798, 2.834e-06
0.799, 2.848e-06
0.800, 2.839e-06
0.801, 2.849e-06
0.802, 2.854e-06
0.803, 2.845e-06
0.804, 2.863e-06
0.805, 2.860e-06
0.806, 2.854e-06
0.807, 2.865e-06
0.808, 2.854e-06
0.809, 2.877e-06
0.810, 2.867e-06
0.811, 2.870e-06
0.812, 2.880e-06
0.813, 2.871e-06
0.814, 2.882e-06
0.815, 2.880e-06
0.816, 2.881e-06
0.817, 2.893e-06
0.818, 2.882e-06
0.819, 2.857e-06
0.820, 2.884e-06
0.821, 2.888e-06
0.822, 2.894e-06
0.823, 2.887e-06
0.824, 2.904e-06
0.825, 2.897e-06
0.826, 2.902e-06
0.827, 2.905e-06
0.828, 2.900e-06
0.829, 2.915e-06
0.830, 2.902e-06
0.831, 2.911e-06
0.832, 2.908e-06
0.833, 2.908e-06
0.834, 2.922e-06
0.835, 2.911e-06
0.836, 2.925e-06
0.837, 2.930e-06
0.838, 2.913e-06
0.839, 2.930e-06
0.840, 2.923e-06
0.841, 2.934e-06
0.842, 2.936e-06
0.843, 2.926e-06
0.844, 2.944e-06
0.845, 2.945e-06
0.846, 2.943e-06
0.847, 2.948e-06
0.848, 2.935e-06
0.849, 2.954e-06
0.850, 2.944e-06
0.851, 2.951e-06
0.852, 2.956e-06
0.853, 2.952e-06
0.854, 2.960e-06
0.855, 2.956e-06
0.856, 2.965e-06
0.857, 2.961e-06
0.858, 2.959e-06
0.859, 2.974e-06
0.860, 2.967e-06
0.861, 2.978e-06
0.862, 2.977e-06
0.863, 2.973e-06
0.864, 2.989e-06
0.865, 2.980e-06
0.866, 2.991e-06
0.867, 2.985e-06
0.868, 2.989e-06
0.869, 3.004e-06
0.870, 2.987e-06
0.871, 3.005e-06
0.872, 2.999e-06
0.873, 3.002e-06
0.874, 3.014e-06
0.875, 3.007e-06
0.876, 3.021e-06
0.877, 3.018e-06
0.878, 3.013e-06
0.879, 3.031e-06
0.880, 3.018e-06
0.881, 3.041e-06
0.882, 3.030e-06
0.883, 3.018e-06
0.884, 3.048e-06
0.885, 3.038e-06
0.886, 3.051e-06
0.887, 3.049e-06
0.888, 3.050e-06
0.889, 3.063e-06
0.890, 3.056e-06
0.891, 3.065e-06
0.892, 3.069e-06
0.893, 3.064e-06
0.894, 3.082e-06
0.895, 3.072e-06
0.896, 3.099e-06
0.897, 3.090e-06
0.898, 3.085e-06
0.899, 3.101e-06
0.900, 3.097e-06
0.901, 3.113e-06
0.902, 3.102e-06
0.903, 3.110e-06
0.904, 3.122e-06
0.905, 3.121e-06
0.906, 3.136e-06
0.907, 3.126e-06
0.908, 3.130e-06
0.909, 3.141e-06
0.910, 3.140e-06
0.911, 3.160e-06
0.912, 3.157e-06
0.913, 3.155e-06
0.914, 3.175e-06
0.915, 3.164e-06
0.916, 3.186e-06
0.917, 3.184e-06
0.918, 3.181e-06
0.919, 3.201e-06
0.920, 3.194e-06
0.921, 3.225e-06
0.922, 3.216e-06
0.923, 3.210e-06
0.924, 3.233e-06
0.925, 3.224e-06
0.926, 3.242e-06
0.927, 3.245e-06
0.928, 3.240e-06
0.929, 3.264e-06
0.930, 3.253e-06
0.931, 3.272e-06
0.932, 3.274e-06
0.933, 3.274e-06
0.934, 3.285e-06
0.935, 3.281e-06
0.936, 3.306e-06
0.937, 3.306e-06
0.938, 3.305e-06
0.939, 3.322e-06
0.940, 3.323e-06
0.941, 3.340e-06
0.942, 3.339e-06
0.943, 3.341e-06
0.944, 3.360e-06
0.945, 3.362e-06
0.946, 3.380e-06
0.947, 3.390e-06
0.948, 3.387e-06
0.949, 3.409e-06
0.950, 3.398e-06
0.951, 3.420e-06
0.952, 3.428e-06
0.953, 3.428e-06
0.954, 3.450e-06
0.955, 3.441e-06
0.956, 3.470e-06
0.957, 3.480e-06
0.958, 3.476e-06
0.959, 3.497e-06
0.960, 3.486e-06
0.961, 3.520e-06
0.962, 3.526e-06
0.963, 3.526e-06
0.964, 3.554e-06
0.965, 3.555e-06
0.966, 3.572e-06
0.967, 3.582e-06
0.968, 3.586e-06
0.969, 3.616e-06
0.970, 3.612e-06
0.971, 3.634e-06
0.972, 3.648e-06
0.973, 3.650e-06
0.974, 3.672e-06
0.975, 3.679e-06
0.976, 3.698e-06
0.977, 3.715e-06
0.978, 3.717e-06
0.979, 3.738e-06
0.980, 3.739e-06
0.981, 3.771e-06
0.982, 3.774e-06
0.983, 3.784e-06
0.984, 3.811e-06
0.985, 3.801e-06
0.986, 3.837e-06
0.987, 3.842e-06
0.988, 3.859e-06
0.989, 3.890e-06
0.990, 3.888e-06
0.991, 3.914e-06
0.992, 3.924e-06
0.993, 3.939e-06
0.994, 3.962e-06
0.995, 3.962e-06
0.996, 3.995e-06
0.997, 4.003e-06
0.998, 4.028e-06
0.999, 4.048e-06
1.000, 4.040e-06
1.001, 4.073e-06
1.002, 4.090e-06
1.003, 4.093e-06
1.004, 4.132e-06
1.005, 4.132e-06
1.006, 4.158e-06
1.007, 4.174e-06
1.008, 4.186e-06
1.009, 4.224e-06
1.010, 4.219e-06
1.011, 4.240e-06
1.012, 4.267e-06
1.013, 4.281e-06
1.014, 4.305e-06
1.015, 4.310e-06
1.016, 4.348e-06
1.017, 4.363e-06
1.018, 4.379e-06
1.019, 4.410e-06
1.020, 4.413e-06
1.021, 4.454e-06
1.022, 4.471e-06
1.023, 4.490e-06
1.024, 4.482e-06
1.025, 4.527e-06
1.026, 4.566e-06
1.027, 4.577e-06
1.028, 4.616e-06
1.029, 4.653e-06
1.030, 4.652e-06
1.031, 4.700e-06
1.032, 4.721e-06
1.033, 4.752e-06
1.034, 4.789e-06
1.035, 4.801e-06
1.036, 4.853e-06
1.037, 4.860e-06
1.038, 4.900e-06
1.039, 4.948e-06
1.040, 4.966e-06
1.041, 5.021e-06
1.042, 5.040e-06
1.043, 5.074e-06
1.044, 5.133e-06
1.045, 5.155e-06
1.046, 5.210e-06
1.047, 5.240e-06
1.048, 5.285e-06
1.049, 5.352e-06
1.050, 5.373e-06
1.051, 5.427e-06
1.052, 5.467e-06
1.053, 5.519e-06
1.054, 5.576e-06
1.055, 5.607e-06
1.056, 5.676e-06
1.057, 5.722e-06
1.058, 5.780e-06
1.059, 5.839e-06
1.060, 5.884e-06
1.061, 5.967e-06
1.062, 5.989e-06
1.063, 6.073e-06
1.064, 6.142e-06
1.065, 6.197e-06
1.066, 6.282e-06
1.067, 6.330e-06
1.068, 6.425e-06
1.069, 6.505e-06
1.070, 6.559e-06
1.071, 6.658e-06
1.072, 6.723e-06
1.073, 6.826e-06
1.074, 6.905e-06
1.075, 6.970e-06
1.076, 7.087e-06
1.077, 7.171e-06
1.078, 7.270e-06
1.079, 7.379e-06
1.080, 7.457e-06
1.081, 7.592e-06
1.082, 7.675e-06
1.083, 7.797e-06
1.084, 7.927e-06
1.085, 8.027e-06
1.086, 8.159e-06
1.087, 8.261e-06
1.088, 8.375e-06
1.089, 8.532e-06
1.090, 8.647e-06
1.091, 8.801e-06
1.092, 8.928e-06
1.093, 9.086e-06
1.094, 9.232e-06
1.095, 9.366e-06
1.096, 9.539e-06
1.097, 9.695e-06
1.098, 9.858e-06
1.099, 1.003e-05
1.100, 1.018e-05
1.101, 1.043e-05
1.102, 1.055e-05
1.103, 1.076e-05
1.104, 1.094e-05
1.105, 1.112e-05
1.106, 1.133e-05
1.107, 1.150e-05
1.108, 1.174e-05
1.109, 1.196e-05
1.110, 1.213e-05
1.111, 1.239e-05
1.112, 1.258e-05
1.113, 1.283e-05
1.114, 1.306e-05
1.115, 1.328e-05
1.116, 1.357e-05
1.117, 1.380e-05
1.118, 1.409e-05
1.119, 1.437e-05
1.120, 1.460e-05
1.121, 1.496e-05
1.122, 1.520e-05
1.123, 1.555e-05
1.124, 1.587e-05
1.125, 1.618e-05
1.126, 1.659e-05
1.127, 1.690e-05
1.128, 1.726e-05
1.129, 1.764e-05
1.130, 1.799e-05
1.131, 1.841e-05
1.132, 1.878e-05
1.133, 1.923e-05
1.134, 1.966e-05
1.135, 2.004e-05
1.136, 2.053e-05
1.137, 2.095e-05
1.138, 2.146e-05
1.139, 2.184e-05
1.140, 2.233e-05
1.141, 2.289e-05
1.142, 2.335e-05
1.143, 2.392e-05
1.144, 2.441e-05
1.145, 2.494e-05
1.146, 2.552e-05
1.147, 2.600e-05
1.148, 2.664e-05
1.149, 2.715e-05
1.150, 2.771e-05
1.151, 2.834e-05
1.152, 2.895e-05
1.153, 2.959e-05
1.154, 3.014e-05
1.155, 3.069e-05
1.156, 3.140e-05
1.157, 3.192e-05
1.158, 3.261e-05
1.159, 3.318e-05
1.160, 3.375e-05
1.161, 3.449e-05
1.162, 3.499e-05
1.163, 3.570e-05
1.164, 3.629e-05
1.165, 3.678e-05
1.166, 3.753e-05
1.167, 3.808e-05
1.168, 3.874e-05
1.169, 3.932e-05
1.170, 3.992e-05
1.171, 4.053e-05
1.172, 4.108e-05
1.173, 4.176e-05
1.174, 4.228e-05
1.175, 4.282e-05
1.176, 4.344e-05
1.177, 4.388e-05
1.178, 4.449e-05
1.179, 4.494e-05
1.180, 4.545e-05
1.181, 4.601e-05
1.182, 4.640e-05
1.183, 4.697e-05
1.184, 4.737e-05
1.185, 4.779e-05
1.186, 4.831e-05
1.187, 4.859e-05
1.188, 4.915e-05
1.189, 4.944e-05
1.190, 4.972e-05
1.191, 5.011e-05
1.192, 5.036e-05
1.193, 5.083e-05
1.194, 5.105e-05
1.195, 5.133e-05
1.196, 5.168e-05
1.197, 5.179e-05
1.198, 5.217e-05
1.199, 5.229e-05
1.200, 5.246e-05
1.201, 5.274e-05
1.202, 5.283e-05
1.203, 5.313e-05
1.204, 5.319e-05
1.205, 5.327e-05
1.206, 5.339e-05
1.207, 5.338e-05
1.208, 5.349e-05
1.209, 5.354e-05
1.210, 5.352e-05
1.211, 5.358e-05
1.212, 5.353e-05
1.213, 5.356e-05
1.214, 5.351e-05
1.215, 5.346e-05
1.216, 5.336e-05
1.217, 5.327e-05
1.218, 5.328e-05
1.219, 5.314e-05
1.220, 5.305e-05
1.221, 5.299e-05
1.222, 5.281e-05
1.223, 5.274e-05
1.224, 5.255e-05
1.225, 5.244e-05
1.226, 5.232e-05
1.227, 5.208e-05
1.228, 5.198e-05
1.229, 5.152e-05
1.230, 5.149e-05
1.231, 5.138e-05
1.232, 5.113e-05
1.233, 5.103e-05
1.234, 5.079e-05
1.235, 5.056e-05
1.236, 5.043e-05
1.237, 5.016e-05
1.238, 5.000e-05
1.239, 4.975e-05
1.240, 4.952e-05
1.241, 4.933e-05
1.242, 4.904e-05
1.243, 4.887e-05
1.244, 4.864e-05
1.245, 4.841e-05
1.246, 4.821e-05
1.247, 4.793e-05
1.248, 4.773e-05
1.249, 4.751e-05
1.250, 4.727e-05
1.251, 4.706e-05
1.252, 4.680e-05
1.253, 4.661e-05
1.254, 4.639e-05
1.255, 4.614e-05
1.256, 4.593e-05
1.257, 4.568e-05
1.258, 4.547e-05
1.259, 4.522e-05
1.260, 4.500e-05
1.261, 4.480e-05
1.262, 4.455e-05
1.263, 4.436e-05
1.264, 4.412e-05
1.265, 4.391e-05
1.266, 4.371e-05
1.267, 4.343e-05
1.268, 4.328e-05
1.269, 4.305e-05
1.270, 4.283e-05
1.271, 4.266e-05
1.272, 4.242e-05
1.273, 4.227e-05
1.274, 4.204e-05
1.275, 4.182e-05
1.276, 4.167e-05
1.277, 4.145e-05
1.278, 4.127e-05
1.279, 4.107e-05
1.280, 4.088e-05
1.281, 4.072e-05
1.282, 4.051e-05
1.283, 4.036e-05
1.284, 4.017e-05
1.285, 3.999e-05
1.286, 3.983e-05
1.287, 3.963e-05
1.288, 3.949e-05
1.289, 3.932e-05
1.290, 3.914e-05
1.291, 3.898e-05
1.292, 3.881e-05
1.293, 3.865e-05
1.294, 3.849e-05
1.295, 3.833e-05
1.296, 3.820e-05
1.297, 3.803e-05
1.298, 3.790e-05
1.299, 3.773e-05
1.300, 3.760e-05
1.301, 3.747e-05
1.302, 3.730e-05
1.303, 3.719e-05
1.304, 3.704e-05
1.305, 3.692e-05
1.306, 3.680e-05
1.307, 3.663e-05
1.308, 3.653e-05
1.309, 3.639e-05
1.310, 3.625e-05
1.311, 3.614e-05
1.312, 3.600e-05
1.313, 3.590e-05
1.314, 3.577e-05
1.315, 3.564e-05
1.316, 3.555e-05
1.317, 3.542e-05
1.318, 3.530e-05
1.319, 3.520e-05
1.320, 3.508e-05
1.321, 3.499e-05
1.322, 3.486e-05
1.323, 3.477e-05
1.324, 3.467e-05
1.325, 3.456e-05
1.326, 3.447e-05
1.327, 3.435e-05
1.328, 3.427e-05
1.329, 3.418e-05
1.330, 3.407e-05
1.331, 3.400e-05
1.332, 3.389e-05
1.333, 3.381e-05
1.334, 3.372e-05
1.335, 3.362e-05
1.336, 3.355e-05
1.337, 3.345e-05
1.338, 3.339e-05
1.339, 3.329e-05
1.340, 3.321e-05
1.341, 3.315e-05
1.342, 3.305e-05
1.343, 3.299e-05
1.344, 3.289e-05
1.345, 3.282e-05
1.346, 3.278e-05
1.347, 3.267e-05
1.348, 3.263e-05
1.349, 3.255e-05
1.350, 3.247e-05
1.351, 3.242e-05
1.352, 3.233e-05
1.353, 3.229e-05
1.354, 3.222e-05
1.355, 3.214e-05
1.356, 3.211e-05
1.357, 3.204e-05
1.358, 3.198e-05
1.359, 3.192e-05
1.360, 3.185e-05
1.361, 3.182e-05
1.362, 3.174e-05
1.363, 3.170e-05
1.364, 3.165e-05
1.365, 3.159e-05
1.366, 3.155e-05
1.367, 3.148e-05
1.368, 3.145e-05
1.369, 3.138e-05
1.370, 3.134e-05
1.371, 3.131e-05
1.372, 3.125e-05
1.373, 3.122e-05
1.374, 3.116e-05
1.375, 3.111e-05
1.376, 3.109e-05
1.377, 3.102e-05
1.378, 3.100e-05
1.379, 3.095e-05
1.380, 3.092e-05
1.381, 3.089e-05
1.382, 3.082e-05
1.383, 3.081e-05
1.384, 3.077e-05
1.385, 3.073e-05
1.386, 3.072e-05
1.387, 3.064e-05
1.388, 3.064e-05
1.389, 3.060e-05
1.390, 3.056e-05
1.391, 3.055e-05
1.392, 3.050e-05
1.393, 3.049e-05
1.394, 3.044e-05
1.395, 3.039e-05
1.396, 3.040e-05
1.397, 3.035e-05
1.398, 3.033e-05
1.399, 3.030e-05
1.400, 3.027e-05
1.401, 3.026e-05
1.402, 3.021e-05
1.403, 3.020e-05
1.404, 3.017e-05
1.405, 3.014e-05
1.406, 3.012e-05
1.407, 3.008e-05
1.408, 3.009e-05
1.409, 3.004e-05
1.410, 3.002e-05
1.411, 3.000e-05
1.412, 2.996e-05
1.413, 2.995e-05
1.414, 2.991e-05
1.415, 2.989e-05
1.416, 2.987e-05
1.417, 2.983e-05
1.418, 2.982e-05
1.419, 2.978e-05
1.420, 2.976e-05
1.421, 2.974e-05
1.422, 2.969e-05
1.423, 2.969e-05
1.424, 2.964e-05
1.425, 2.963e-05
1.426, 2.961e-05
1.427, 2.955e-05
1.428, 2.955e-05
1.429, 2.952e-05
1.430, 2.949e-05
1.431, 2.947e-05
1.432, 2.942e-05
1.433, 2.937e-05
1.434, 2.936e-05
1.435, 2.933e-05
1.436, 2.932e-05
1.437, 2.927e-05
1.438, 2.925e-05
1.439, 2.921e-05
1.440, 2.918e-05
1.441, 2.917e-05
1.442, 2.912e-05
1.443, 2.909e-05
1.444, 2.906e-05
1.445, 2.904e-05
1.446, 2.899e-05
1.447, 2.895e-05
1.448, 2.894e-05
1.449, 2.890e-05
1.450, 2.887e-05
1.451, 2.885e-05
1.452, 2.880e-05
1.453, 2.878e-05
1.454, 2.873e-05
1.455, 2.871e-05
1.456, 2.868e-05
1.457, 2.863e-05
1.458, 2.862e-05
1.459, 2.859e-05
1.460, 2.855e-05
1.461, 2.853e-05
1.462, 2.847e-05
1.463, 2.846e-05
1.464, 2.841e-05
1.465, 2.840e-05
1.466, 2.837e-05
1.467, 2.831e-05
1.468, 2.831e-05
1.469, 2.826e-05
1.470, 2.823e-05
1.471, 2.821e-05
1.472, 2.814e-05
1.473, 2.815e-05
1.474, 2.810e-05
1.475, 2.808e-05
1.476, 2.806e-05
1.477, 2.802e-05
1.478, 2.800e-05
1.479, 2.795e-05
1.480, 2.794e-05
1.481, 2.793e-05
1.482, 2.788e-05
1.483, 2.786e-05
1.484, 2.783e-05
1.485, 2.780e-05
1.486, 2.779e-05
1.487, 2.774e-05
1.488, 2.774e-05
1.489, 2.770e-05
1.490, 2.768e-05
1.491, 2.765e-05
1.492, 2.762e-05
1.493, 2.762e-05
1.494, 2.758e-05
1.495, 2.756e-05
1.496, 2.755e-05
1.497, 2.750e-05
1.498, 2.750e-05
1.499, 2.746e-05
1.500, 2.666e-05
1.499, 2.620e-05
1.498, 2.600e-05
1.497, 2.583e-05
1.496, 2.567e-05
1.495, 2.553e-05
1.494, 2.542e-05
1.493, 2.528e-05
1.492, 2.518e-05
1.491, 2.505e-05
1.490, 2.496e-05
1.489, 2.486e-05
1.488, 2.475e-05
1.487, 2.466e-05
1.486, 2.456e-05
1.485, 2.448e-05
1.484, 2.439e-05
1.483, 2.429e-05
1.482, 2.423e-05
1.481, 2.412e-05
1.480, 2.405e-05
1.479, 2.399e-05
1.478, 2.388e-05
1.477, 2.383e-05
1.476, 2.373e-05
1.475, 2.366e-05
1.474, 2.361e-05
1.473, 2.352e-05
1.472, 2.347e-05
1.471, 2.337e-05
1.470, 2.332e-05
1.469, 2.326e-05
1.468, 2.316e-05
1.467, 2.312e-05
1.466, 2.304e-05
1.465, 2.298e-05
1.464, 2.292e-05
1.463, 2.284e-05
1.462, 2.280e-05
1.461, 2.273e-05
1.460, 2.266e-05
1.459, 2.260e-05
1.458, 2.254e-05
1.457, 2.250e-05
1.456, 2.243e-05
1.455, 2.237e-05
1.454, 2.233e-05
1.453, 2.225e-05
1.452, 2.221e-05
1.451, 2.214e-05
1.450, 2.209e-05
1.449, 2.205e-05
1.448, 2.198e-05
1.447, 2.195e-05
1.446, 2.187e-05
1.445, 2.183e-05
1.444, 2.177e-05
1.443, 2.171e-05
1.442, 2.167e-05
1.441, 2.161e-05
1.440, 2.156e-05
1.439, 2.152e-05
1.438, 2.145e-05
1.437, 2.142e-05
1.436, 2.135e-05
1.435, 2.131e-05
1.434, 2.131e-05
1.433, 2.121e-05
1.432, 2.118e-05
1.431, 2.112e-05
1.430, 2.107e-05
1.429, 2.103e-05
1.428, 2.096e-05
1.427, 2.094e-05
1.426, 2.089e-05
1.425, 2.083e-05
1.424, 2.080e-05
1.423, 2.073e-05
1.422, 2.070e-05
1.421, 2.067e-05
1.420, 2.060e-05
1.419, 2.057e-05
1.418, 2.051e-05
1.417, 2.048e-05
1.416, 2.042e-05
1.415, 2.039e-05
1.414, 2.035e-05
1.413, 2.030e-05
1.412, 2.026e-05
1.411, 2.020e-05
1.410, 2.017e-05
1.409, 2.013e-05
1.408, 2.005e-05
1.407, 2.004e-05
1.406, 1.999e-05
1.405, 1.996e-05
1.404, 1.992e-05
1.403, 1.987e-05
1.402, 1.985e-05
1.401, 1.979e-05
1.400, 1.976e-05
1.399, 1.972e-05
1.398, 1.967e-05
1.397, 1.965e-05
1.396, 1.960e-05
1.395, 1.957e-05
1.394, 1.953e-05
1.393, 1.947e-05
1.392, 1.945e-05
1.391, 1.940e-05
1.390, 1.937e-05
1.389, 1.935e-05
1.388, 1.928e-05
1.387, 1.927e-05
1.386, 1.922e-05
1.385, 1.919e-05
1.384, 1.915e-05
1.383, 1.911e-05
1.382, 1.908e-05
1.381, 1.904e-05
1.380, 1.900e-05
1.379, 1.897e-05
1.378, 1.893e-05
1.377, 1.891e-05
1.376, 1.887e-05
1.375, 1.884e-05
1.374, 1.881e-05
1.373, 1.876e-05
1.372, 1.874e-05
1.371, 1.869e-05
1.370, 1.869e-05
1.369, 1.864e-05
1.368, 1.859e-05
1.367, 1.858e-05
1.366, 1.853e-05
1.365, 1.851e-05
1.364, 1.847e-05
1.363, 1.843e-05
1.362, 1.842e-05
1.361, 1.837e-05
1.360, 1.834e-05
1.359, 1.831e-05
1.358, 1.827e-05
1.357, 1.823e-05
1.356, 1.820e-05
1.355, 1.819e-05
1.354, 1.815e-05
1.353, 1.811e-05
1.352, 1.809e-05
1.351, 1.805e-05
1.350, 1.803e-05
1.349, 1.799e-05
1.348, 1.795e-05
1.347, 1.794e-05
1.346, 1.790e-05
1.345, 1.787e-05
1.344, 1.785e-05
1.343, 1.779e-05
1.342, 1.778e-05
1.341, 1.773e-05
1.340, 1.771e-05
1.339, 1.767e-05
1.338, 1.764e-05
1.337, 1.762e-05
1.336, 1.756e-05
1.335, 1.756e-05
1.334, 1.752e-05
1.333, 1.747e-05
1.332, 1.744e-05
1.331, 1.740e-05
1.330, 1.739e-05
1.329, 1.734e-05
1.328, 1.730e-05
1.327, 1.729e-05
1.326, 1.723e-05
1.325, 1.722e-05
1.324, 1.717e-05
1.323, 1.713e-05
1.322, 1.711e-05
1.321, 1.705e-05
1.320, 1.703e-05
1.319, 1.700e-05
1.318, 1.695e-05
1.317, 1.693e-05
1.316, 1.686e-05
1.315, 1.684e-05
1.314, 1.679e-05
1.313, 1.674e-05
1.312, 1.671e-05
1.311, 1.666e-05
1.310, 1.664e-05
1.309, 1.658e-05
1.308, 1.652e-05
1.307, 1.651e-05
1.306, 1.642e-05
1.305, 1.640e-05
1.304, 1.634e-05
1.303, 1.628e-05
1.302, 1.625e-05
1.301, 1.618e-05
1.300, 1.615e-05
1.299, 1.608e-05
1.298, 1.603e-05
1.297, 1.599e-05
1.296, 1.591e-05
1.295, 1.587e-05
1.294, 1.581e-05
1.293, 1.576e-05
1.292, 1.569e-05
1.291, 1.560e-05
1.290, 1.557e-05
1.289, 1.548e-05
1.288, 1.540e-05
1.287, 1.535e-05
1.286, 1.526e-05
1.285, 1.521e-05
1.284, 1.511e-05
1.283, 1.502e-05
1.282, 1.497e-05
1.281, 1.486e-05
1.280, 1.480e-05
1.279, 1.470e-05
1.278, 1.460e-05
1.277, 1.453e-05
1.276, 1.440e-05
1.275, 1.432e-05
1.274, 1.422e-05
1.273, 1.410e-05
1.272, 1.401e-05
1.271, 1.388e-05
1.270, 1.379e-05
1.269, 1.366e-05
1.268, 1.353e-05
1.267, 1.345e-05
1.266, 1.329e-05
1.265, 1.317e-05
1.264, 1.302e-05
1.263, 1.288e-05
1.262, 1.276e-05
1.261, 1.258e-05
1.260, 1.244e-05
1.259, 1.227e-05
1.258, 1.213e-05
1.257, 1.196e-05
1.256, 1.176e-05
1.255, 1.159e-05
1.254, 1.140e-05
1.253, 1.122e-05
1.252, 1.105e-05
1.251, 1.081e-05
1.250, 1.066e-05
1.249, 1.042e-05
1.248, 1.019e-05
1.247, 1.000e-05
1.246, 9.735e-06
1.245, 9.560e-06
1.244, 9.277e-06
1.243, 9.021e-06
1.242, 8.855e-06
1.241, 8.510e-06
1.240, 8.293e-06
1.239, 7.980e-06
1.238, 7.711e-06
1.237, 7.435e-06
1.236, 7.071e-06
1.235, 6.823e-06
1.234, 6.465e-06
1.233, 6.170e-06
1.232, 5.866e-06
1.231, 5.474e-06
1.230, 5.194e-06
1.229, 5.040e-06
1.228, 4.570e-06
1.227, 4.191e-06
1.226, 3.758e-06
1.225, 3.414e-06
1.224, 2.971e-06
1.223, 2.577e-06
1.222, 2.202e-06
1.221, 1.732e-06
1.220, 1.356e-06
1.219, 8.712e-07
1.218, 4.710e-07
1.217, 2.165e-08
1.216, -3.939e-07
1.215, -8.508e-07
1.214, -1.395e-06
1.213, -1.803e-06
1.212, -2.306e-06
1.211, -2.850e-06
1.210, -3.265e-06
1.209, -3.847e-06
1.208, -4.321e-06
1.207, -4.827e-06
1.206, -5.417e-06
1.205, -5.843e-06
1.204, -6.474e-06
1.203, -7.052e-06
1.202, -7.529e-06
1.201, -8.129e-06
1.200, -8.587e-06
1.199, -9.228e-06
1.198, -9.710e-06
1.197, -1.022e-05
1.196, -1.088e-05
1.195, -1.135e-05
1.194, -1.196e-05
1.193, -1.245e-05
1.192, -1.298e-05
1.191, -1.359e-05
1.190, -1.400e-05
1.189, -1.463e-05
1.188, -1.515e-05
1.187, -1.570e-05
1.186, -1.628e-05
1.185, -1.674e-05
1.184, -1.733e-05
1.183, -1.779e-05
1.182, -1.830e-05
1.181, -1.885e-05
1.180, -1.929e-05
1.179, -1.985e-05
1.178, -2.023e-05
1.177, -2.068e-05
1.176, -2.122e-05
1.175, -2.158e-05
1.174, -2.211e-05
1.173, -2.242e-05
1.172, -2.291e-05
1.171, -2.333e-05
1.170, -2.365e-05
1.169, -2.410e-05
1.168, -2.439e-05
1.167, -2.478e-05
1.166, -2.514e-05
1.165, -2.531e-05
1.164, -2.572e-05
1.163, -2.598e-05
1.162, -2.624e-05
1.161, -2.657e-05
1.160, -2.676e-05
1.159, -2.706e-05
1.158, -2.724e-05
1.157, -2.746e-05
1.156, -2.772e-05
1.155, -2.783e-05
1.154, -2.805e-05
1.153, -2.817e-05
1.152, -2.841e-05
1.151, -2.855e-05
1.150, -2.857e-05
1.149, -2.872e-05
1.148, -2.877e-05
1.147, -2.884e-05
1.146, -2.892e-05
1.145, -2.893e-05
1.144, -2.903e-05
1.143, -2.902e-05
1.142, -2.902e-05
1.141, -2.907e-05
1.140, -2.901e-05
1.139, -2.899e-05
1.138, -2.896e-05
1.137, -2.893e-05
1.136, -2.893e-05
1.135, -2.884e-05
1.134, -2.883e-05
1.133, -2.872e-05
1.132, -2.868e-05
1.131, -2.862e-05
1.130, -2.848e-05
1.129, -2.846e-05
1.128, -2.831e-05
1.127, -2.826e-05
1.126, -2.818e-05
1.125, -2.800e-05
1.124, -2.794e-05
1.123, -2.778e-05
1.122, -2.764e-05
1.121, -2.754e-05
1.120, -2.735e-05
1.119, -2.727e-05
1.118, -2.707e-05
1.117, -2.693e-05
1.116, -2.681e-05
1.115, -2.662e-05
1.114, -2.646e-05
1.113, -2.629e-05
1.112, -2.613e-05
1.111, -2.600e-05
1.110, -2.580e-05
1.109, -2.567e-05
1.108, -2.549e-05
1.107, -2.532e-05
1.106, -2.518e-05
1.105, -2.497e-05
1.104, -2.484e-05
1.103, -2.465e-05
1.102, -2.447e-05
1.101, -2.435e-05
1.100, -2.415e-05
1.099, -2.400e-05
1.098, -2.379e-05
1.097, -2.362e-05
1.096, -2.346e-05
1.095, -2.326e-05
1.094, -2.311e-05
1.093, -2.291e-05
1.092, -2.274e-05
1.091, -2.259e-05
1.090, -2.239e-05
1.089, -2.225e-05
1.088, -2.203e-05
1.087, -2.188e-05
1.086, -2.174e-05
1.085, -2.153e-05
1.084, -2.140e-05
1.083, -2.122e-05
1.082, -2.104e-05
1.081, -2.091e-05
1.080, -2.072e-05
1.079, -2.057e-05
1.078, -2.040e-05
1.077, -2.023e-05
1.076, -2.010e-05
1.075, -1.992e-05
1.074, -1.978e-05
1.073, -1.962e-05
1.072, -1.946e-05
1.071, -1.933e-05
1.070, -1.915e-05
1.069, -1.902e-05
1.068, -1.887e-05
1.067, -1.871e-05
1.066, -1.857e-05
1.065, -1.842e-05
1.064, -1.829e-05
1.063, -1.812e-05
1.062, -1.798e-05
1.061, -1.785e-05
1.060, -1.771e-05
1.059, -1.759e-05
1.058, -1.743e-05
1.057, -1.730e-05
1.056, -1.718e-05
1.055, -1.703e-05
1.054, -1.692e-05
1.053, -1.678e-05
1.052, -1.665e-05
1.051, -1.654e-05
1.050, -1.641e-05
1.049, -1.629e-05
1.048, -1.616e-05
1.047, -1.603e-05
1.046, -1.593e-05
1.045, -1.578e-05
1.044, -1.569e-05
1.043, -1.555e-05
1.042, -1.544e-05
1.041, -1.533e-05
1.040, -1.521e-05
1.039, -1.512e-05
1.038, -1.500e-05
1.037, -1.486e-05
1.036, -1.479e-05
1.035, -1.467e-05
1.034, -1.457e-05
1.033, -1.447e-05
1.032, -1.435e-05
1.031, -1.426e-05
1.030, -1.415e-05
1.029, -1.406e-05
1.028, -1.397e-05
1.027, -1.386e-05
1.026, -1.378e-05
1.025, -1.367e-05
1.024, -1.356e-05
1.023, -1.349e-05
1.022, -1.339e-05
1.021, -1.332e-05
1.020, -1.322e-05
1.019, -1.314e-05
1.018, -1.305e-05
1.017, -1.296e-05
1.016, -1.289e-05
1.015, -1.279e-05
1.014, -1.272e-05
1.013, -1.263e-05
1.012, -1.254e-05
1.011, -1.248e-05
1.010, -1.238e-05
1.009, -1.232e-05
1.008, -1.224e-05
1.007, -1.216e-05
1.006, -1.210e-05
1.005, -1.201e-05
1.004, -1.195e-05
1.003, -1.187e-05
1.002, -1.178e-05
1.001, -1.173e-05
1.000, -1.165e-05
0.999, -1.160e-05
0.998, -1.152e-05
0.997, -1.144e-05
0.996, -1.139e-05
0.995, -1.131e-05
0.994, -1.125e-05
0.993, -1.119e-05
0.992, -1.112e-05
0.991, -1.107e-05
0.990, -1.099e-05
0.989, -1.093e-05
0.988, -1.087e-05
0.987, -1.080e-05
0.986, -1.074e-05
0.985, -1.068e-05
0.984, -1.063e-05
0.983, -1.057e-05
0.982, -1.051e-05
0.981, -1.046e-05
0.980, -1.039e-05
0.979, -1.034e-05
0.978, -1.028e-05
0.977, -1.023e-05
0.976, -1.018e-05
0.975, -1.012e-05
0.974, -1.007e-05
0.973, -1.001e-05
0.972, -9.961e-06
0.971, -9.923e-06
0.970, -9.848e-06
0.969, -9.816e-06
0.968, -9.764e-06
0.967, -9.706e-06
0.966, -9.673e-06
0.965, -9.605e-06
0.964, -9.577e-06
0.963, -9.519e-06
0.962, -9.465e-06
0.961, -9.431e-06
0.960, -9.364e-06
0.959, -9.337e-06
0.958, -9.282e-06
0.957, -9.235e-06
0.956, -9.211e-06
0.955, -9.146e-06
0.954, -9.112e-06
0.953, -9.063e-06
0.952, -9.024e-06
0.951, -8.990e-06
0.950, -8.929e-06
0.949, -8.896e-06
0.948, -8.864e-06
0.947, -8.814e-06
0.946, -8.779e-06
0.945, -8.728e-06
0.944, -8.696e-06
0.943, -8.650e-06
0.942, -8.610e-06
0.941, -8.580e-06
0.940, -8.529e-06
0.939, -8.503e-06
0.938, -8.448e-06
0.937, -8.419e-06
0.936, -8.393e-06
0.935, -8.332e-06
0.934, -8.313e-06
0.933, -8.265e-06
0.932, -8.239e-06
0.931, -8.212e-06
0.930, -8.158e-06
0.929, -8.140e-06
0.928, -8.094e-06
0.927, -8.062e-06
0.926, -8.040e-06
0.925, -7.979e-06
0.924, -7.969e-06
0.923, -7.920e-06
0.922, -7.904e-06
0.921, -7.869e-06
0.920, -7.820e-06
0.919, -7.802e-06
0.918, -7.755e-06
0.917, -7.729e-06
0.916, -7.710e-06
0.915, -7.666e-06
0.914, -7.639e-06
0.913, -7.603e-06
0.912, -7.580e-06
0.911, -7.553e-06
0.910, -7.509e-06
0.909, -7.476e-06
0.908, -7.451e-06
0.907, -7.431e-06
0.906, -7.404e-06
0.905, -7.367e-06
0.904, -7.355e-06
0.903, -7.310e-06
0.902, -7.285e-06
0.901, -7.267e-06
0.900, -7.230e-06
0.899, -7.217e-06
0.898, -7.169e-06
0.897, -7.159e-06
0.896, -7.153e-06
0.895, -7.096e-06
0.894, -7.083e-06
0.893, -7.041e-06
0.892, -7.030e-06
0.891, -7.006e-06
0.890, -6.962e-06
0.889, -6.958e-06
0.888, -6.918e-06
0.887, -6.900e-06
0.886, -6.882e-06
0.885, -6.840e-06
0.884, -6.829e-06
0.883, -6.790e-06
0.882, -6.778e-06
0.881, -6.760e-06
0.880, -6.724e-06
0.879, -6.716e-06
0.878, -6.678e-06
0.877, -6.663e-06
0.876, -6.651e-06
0.875, -6.615e-06
0.874, -6.602e-06
0.873, -6.568e-06
0.872, -6.560e-06
0.871, -6.534e-06
0.870, -6.500e-06
0.869, -6.493e-06
0.868, -6.463e-06
0.867, -6.450e-06
0.866, -6.429e-06
0.865, -6.402e-06
0.864, -6.397e-06
0.863, -6.357e-06
0.862, -6.346e-06
0.861, -6.329e-06
0.860, -6.306e-06
0.859, -6.293e-06
0.858, -6.248e-06
0.857, -6.251e-06
0.856, -6.236e-06
0.855, -6.205e-06
0.854, -6.199e-06
0.853, -6.171e-06
0.852, -6.162e-06
0.851, -6.150e-06
0.850, -6.112e-06
0.849, -6.112e-06
0.848, -6.082e-06
0.847, -6.066e-06
0.846, -6.061e-06
0.845, -6.038e-06
0.844, -6.029e-06
0.843, -5.999e-06
0.842, -5.979e-06
0.841, -5.977e-06
0.840, -5.949e-06
0.839, -5.946e-06
0.838, -5.915e-06
0.837, -5.905e-06
0.836, -5.903e-06
0.835, -5.874e-06
0.834, -5.869e-06
0.833, -5.845e-06
0.832, -5.825e-06
0.831, -5.829e-06
0.830, -5.802e-06
0.829, -5.795e-06
0.828, -5.776e-06
0.827, -5.765e-06
0.826, -5.755e-06
0.825, -5.732e-06
0.824, -5.735e-06
0.823, -5.707e-06
0.822, -5.697e-06
0.821, -5.690e-06
0.820, -5.647e-06
0.819, -5.654e-06
0.818, -5.638e-06
0.817, -5.633e-06
0.816, -5.628e-06
0.815, -5.606e-06
0.814, -5.608e-06
0.813, -5.584e-06
0.812, -5.585e-06
0.811, -5.582e-06
0.810, -5.551e-06
0.809, -5.556e-06
0.808, -5.532e-06
0.807, -5.523e-06
0.806, -5.525e-06
0.805, -5.502e-06
0.804, -5.513e-06
0.803, -5.489e-06
0.802, -5.484e-06
0.801, -5.486e-06
0.800, -5.469e-06
0.799, -5.468e-06
0.798, -5.449e-06
0.797, -5.446e-06
0.796, -5.448e-06
0.795, -5.429e-06
0.794, -5.444e-06
0.793, -5.421e-06
0.792, -5.412e-06
0.791, -5.415e-06
0.790, -5.396e-06
0.789, -5.400e-06
0.788, -5.385e-06
0.787, -5.379e-06
0.786, -5.382e-06
0.785, -5.365e-06
0.784, -5.372e-06
0.783, -5.355e-06
0.782, -5.349e-06
0.781, -5.337e-06
0.780, -5.329e-06
0.779, -5.344e-06
0.778, -5.320e-06
0.777, -5.322e-06
0.776, -5.323e-06
0.775, -5.299e-06
0.774, -5.307e-06
0.773, -5.288e-06
0.772, -5.289e-06
0.771, -5.288e-06
0.770, -5.266e-06
0.769, -5.272e-06
0.768, -5.252e-06
0.767, -5.250e-06
0.766, -5.248e-06
0.765, -5.223e-06
0.764, -5.239e-06
0.763, -5.221e-06
0.762, -5.203e-06
0.761, -5.205e-06
0.760, -5.193e-06
0.759, -5.189e-06
0.758, -5.169e-06
0.757, -5.161e-06
0.756, -5.154e-06
0.755, -5.130e-06
0.754, -5.135e-06
0.753, -5.114e-06
0.752, -5.110e-06
0.751, -5.106e-06
0.750, -5.076e-06
0.749, -5.084e-06
0.748, -5.063e-06
0.747, -5.057e-06
0.746, -5.040e-06
0.745, -5.024e-06
0.744, -5.029e-06
0.743, -5.011e-06
0.742, -5.002e-06
0.741, -4.983e-06
0.740, -4.966e-06
0.739, -4.964e-06
0.738, -4.939e-06
0.737, -4.933e-06
0.736, -4.925e-06
0.735, -4.895e-06
0.734, -4.900e-06
0.733, -4.870e-06
0.732, -4.871e-06
0.731, -4.859e-06
0.730, -4.817e-06
0.729, -4.833e-06
0.728, -4.808e-06
0.727, -4.802e-06
0.726, -4.791e-06
0.725, -4.764e-06
0.724, -4.771e-06
0.723, -4.749e-06
0.722, -4.733e-06
0.721, -4.735e-06
0.720, -4.703e-06
0.719, -4.710e-06
0.718, -4.677e-06
0.717, -4.684e-06
0.716, -4.668e-06
0.715, -4.640e-06
0.714, -4.637e-06
0.713, -4.616e-06
0.712, -4.610e-06
0.711, -4.595e-06
0.710, -4.577e-06
0.709, -4.576e-06
0.708, -4.555e-06
0.707, -4.549e-06
0.706, -4.531e-06
0.705, -4.515e-06
0.704, -4.506e-06
0.703, -4.492e-06
0.702, -4.484e-06
0.701, -4.468e-06
0.700, -4.459e-06
0.699, -4.459e-06
0.698, -4.429e-06
0.697, -4.431e-06
0.696, -4.418e-06
0.695, -4.396e-06
0.694, -4.397e-06
0.693, -4.373e-06
0.692, -4.380e-06
0.691, -4.363e-06
0.690, -4.338e-06
0.689, -4.345e-06
0.688, -4.320e-06
0.687, -4.317e-06
0.686, -4.303e-06
0.685, -4.280e-06
0.684, -4.286e-06
0.683, -4.264e-06
0.682, -4.258e-06
0.681, -4.249e-06
0.680, -4.234e-06
0.679, -4.223e-06
0.678, -4.209e-06
0.677, -4.208e-06
0.676, -4.194e-06
0.675, -4.179e-06
0.674, -4.176e-06
0.673, -4.158e-06
0.672, -4.153e-06
0.671, -4.138e-06
0.670, -4.125e-06
0.669, -4.127e-06
0.668, -4.105e-06
0.667, -4.110e-06
0.666, -4.087e-06
0.665, -4.076e-06
0.664, -4.084e-06
0.663, -4.062e-06
0.662, -4.061e-06
0.661, -4.047e-06
0.660, -4.035e-06
0.659, -4.039e-06
0.658, -4.017e-06
0.657, -4.018e-06
0.656, -4.004e-06
0.655, -3.992e-06
0.654, -3.992e-06
0.653, -3.956e-06
0.652, -3.976e-06
0.651, -3.959e-06
0.650, -3.936e-06
0.649, -3.948e-06
0.648, -3.925e-06
0.647, -3.928e-06
0.646, -3.910e-06
0.645, -3.896e-06
0.644, -3.903e-06
0.643, -3.887e-06
0.642, -3.886e-06
0.641, -3.870e-06
0.640, -3.871e-06
0.639, -3.864e-06
0.638, -3.842e-06
0.637, -3.842e-06
0.636, -3.830e-06
0.635, -3.821e-06
0.634, -3.817e-06
0.633, -3.801e-06
0.632, -3.804e-06
0.631, -3.788e-06
0.630, -3.774e-06
0.629, -3.778e-06
0.628, -3.758e-06
0.627, -3.764e-06
0.626, -3.744e-06
0.625, -3.741e-06
0.624, -3.742e-06
0.623, -3.724e-06
0.622, -3.724e-06
0.621, -3.710e-06
0.620, -3.703e-06
0.619, -3.705e-06
0.618, -3.683e-06
0.617, -3.687e-06
0.616, -3.681e-06
0.615, -3.639e-06
0.614, -3.661e-06
0.613, -3.642e-06
0.612, -3.654e-06
0.611, -3.637e-06
0.610, -3.624e-06
0.609, -3.633e-06
0.608, -3.610e-06
0.607, -3.614e-06
0.606, -3.600e-06
0.605, -3.588e-06
0.604, -3.599e-06
0.603, -3.579e-06
0.602, -3.569e-06
0.601, -3.567e-06
0.600, -3.558e-06
0.599, -3.563e-06
0.598, -3.542e-06
0.597, -3.543e-06
0.596, -3.539e-06
0.595, -3.525e-06
0.594, -3.527e-06
0.593, -3.515e-06
0.592, -3.516e-06
0.591, -3.507e-06
0.590, -3.495e-06
0.589, -3.507e-06
0.588, -3.487e-06
0.587, -3.488e-06
0.586, -3.476e-06
0.585, -3.465e-06
0.584, -3.472e-06
0.583, -3.451e-06
0.582, -3.458e-06
0.581, -3.440e-06
0.580, -3.437e-06
0.579, -3.440e-06
0.578, -3.419e-06
0.577, -3.424e-06
0.576, -3.405e-06
0.575, -3.405e-06
0.574, -3.409e-06
0.573, -3.393e-06
0.572, -3.400e-06
0.571, -3.391e-06
0.570, -3.371e-06
0.569, -3.382e-06
0.568, -3.369e-06
0.567, -3.366e-06
0.566, -3.359e-06
0.565, -3.347e-06
0.564, -3.353e-06
0.563, -3.336e-06
0.562, -3.338e-06
0.561, -3.332e-06
0.560, -3.325e-06
0.559, -3.328e-06
0.558, -3.310e-06
0.557, -3.310e-06
0.556, -3.307e-06
0.555, -3.296e-06
0.554, -3.298e-06
0.553, -3.286e-06
0.552, -3.289e-06
0.551, -3.271e-06
0.550, -3.269e-06
0.549, -3.273e-06
0.548, -3.265e-06
0.547, -3.262e-06
0.546, -3.250e-06
0.545, -3.246e-06
0.544, -3.253e-06
0.543, -3.237e-06
0.542, -3.236e-06
0.541, -3.227e-06
0.540, -3.224e-06
0.539, -3.227e-06
0.538, -3.217e-06
0.537, -3.215e-06
0.536, -3.208e-06
0.535, -3.194e-06
0.534, -3.200e-06
0.533, -3.185e-06
0.532, -3.189e-06
0.531, -3.182e-06
0.530, -3.168e-06
0.529, -3.177e-06
0.528, -3.160e-06
0.527, -3.164e-06
0.526, -3.158e-06
0.525, -3.137e-06
0.524, -3.154e-06
0.523, -3.139e-06
0.522, -3.137e-06
0.521, -3.134e-06
0.520, -3.128e-06
0.519, -3.128e-06
0.518, -3.112e-06
0.517, -3.119e-06
0.516, -3.112e-06
0.515, -3.102e-06
0.514, -3.105e-06
0.513, -3.093e-06
0.512, -3.108e-06
0.511, -3.088e-06
0.510, -3.078e-06
0.509, -3.084e-06
0.508, -3.071e-06
0.507, -3.077e-06
0.506, -3.059e-06
0.505, -3.057e-06
0.504, -3.066e-06
0.503, -3.045e-06
0.502, -3.053e-06
0.501, -3.037e-06
0.500, -3.033e-06
0.499, -3.037e-06
0.498, -3.023e-06
0.497, -3.030e-06
0.496, -3.022e-06
0.495, -3.014e-06
0.494, -3.016e-06
0.493, -3.004e-06
0.492, -3.009e-06
0.491, -3.001e-06
0.490, -2.984e-06
0.489, -2.999e-06
0.488, -2.982e-06
0.487, -2.996e-06
0.486, -2.979e-06
0.485, -2.968e-06
0.484, -2.979e-06
0.483, -2.962e-06
0.482, -2.963e-06
0.481, -2.954e-06
0.480, -2.950e-06
0.479, -2.953e-06
0.478, -2.939e-06
0.477, -2.939e-06
0.476, -2.934e-06
0.475, -2.930e-06
0.474, -2.921e-06
0.473, -2.918e-06
0.472, -2.918e-06
0.471, -2.910e-06
0.470, -2.903e-06
0.469, -2.908e-06
0.468, -2.899e-06
0.467, -2.902e-06
0.466, -2.886e-06
0.465, -2.884e-06
0.464, -2.889e-06
0.463, -2.874e-06
0.462, -2.878e-06
0.461, -2.863e-06
0.460, -2.864e-06
0.459, -2.867e-06
0.458, -2.853e-06
0.457, -2.855e-06
0.456, -2.847e-06
0.455, -2.842e-06
0.454, -2.846e-06
0.453, -2.830e-06
0.452, -2.836e-06
0.451, -2.825e-06
0.450, -2.820e-06
0.449, -2.825e-06
0.448, -2.802e-06
0.447, -2.813e-06
0.446, -2.805e-06
0.445, -2.799e-06
0.444, -2.807e-06
0.443, -2.793e-06
0.442, -2.789e-06
0.441, -2.785e-06
0.440, -2.782e-06
0.439, -2.782e-06
0.438, -2.769e-06
0.437, -2.772e-06
0.436, -2.774e-06
0.435, -2.765e-06
0.434, -2.763e-06
0.433, -2.753e-06
0.432, -2.757e-06
0.431, -2.745e-06
0.430, -2.742e-06
0.429, -2.741e-06
0.428, -2.736e-06
0.427, -2.736e-06
0.426, -2.719e-06
0.425, -2.723e-06
0.424, -2.724e-06
0.423, -2.701e-06
0.422, -2.711e-06
0.421, -2.700e-06
0.420, -2.704e-06
0.419, -2.704e-06
0.418, -2.684e-06
0.417, -2.695e-06
0.416, -2.683e-06
0.415, -2.682e-06
0.414, -2.683e-06
0.413, -2.669e-06
0.412, -2.680e-06
0.411, -2.665e-06
0.410, -2.625e-06
0.409, -2.659e-06
0.408, -2.650e-06
0.407, -2.653e-06
0.406, -2.644e-06
0.405, -2.643e-06
0.404, -2.646e-06
0.403, -2.634e-06
0.402, -2.638e-06
0.401, -2.626e-06
0.400, -2.626e-06
0.399, -2.631e-06
0.398, -2.614e-06
0.397, -2.612e-06
0.396, -2.610e-06
0.395, -2.610e-06
0.394, -2.608e-06
0.393, -2.600e-06
0.392, -2.608e-06
0.391, -2.592e-06
0.390, -2.591e-06
0.389, -2.593e-06
0.388, -2.584e-06
0.387, -2.592e-06
0.386, -2.575e-06
0.385, -2.581e-06
0.384, -2.590e-06
0.383, -2.567e-06
0.382, -2.574e-06
0.381, -2.562e-06
0.380, -2.567e-06
0.379, -2.568e-06
0.378, -2.551e-06
0.377, -2.558e-06
0.376, -2.549e-06
0.375, -2.549e-06
0.374, -2.553e-06
0.373, -2.541e-06
0.372, -2.540e-06
0.371, -2.534e-06
0.370, -2.529e-06
0.369, -2.537e-06
0.368, -2.528e-06
0.367, -2.533e-06
0.366, -2.522e-06
0.365, -2.519e-06
0.364, -2.526e-06
0.363, -2.515e-06
0.362, -2.518e-06
0.361, -2.506e-06
0.360, -2.510e-06
0.359, -2.511e-06
0.358, -2.498e-06
0.357, -2.507e-06
0.356, -2.498e-06
0.355, -2.499e-06
0.354, -2.500e-06
0.353, -2.489e-06
0.352, -2.495e-06
0.351, -2.483e-06
0.350, -2.486e-06
0.349, -2.485e-06
0.348, -2.480e-06
0.347, -2.484e-06
0.346, -2.464e-06
0.345, -2.475e-06
0.344, -2.476e-06
0.343, -2.468e-06
0.342, -2.468e-06
0.341, -2.460e-06
0.340, -2.464e-06
0.339, -2.463e-06
0.338, -2.449e-06
0.337, -2.461e-06
0.336, -2.450e-06
0.335, -2.451e-06
0.334, -2.453e-06
0.333, -2.450e-06
0.332, -2.456e-06
0.331, -2.442e-06
0.330, -2.441e-06
0.329, -2.443e-06
0.328, -2.436e-06
0.327, -2.439e-06
0.326, -2.428e-06
0.325, -2.430e-06
0.324, -2.436e-06
0.323, -2.425e-06
0.322, -2.424e-06
0.321, -2.417e-06
0.320, -2.416e-06
0.319, -2.422e-06
0.318, -2.411e-06
0.317, -2.414e-06
0.316, -2.410e-06
0.315, -2.410e-06
0.314, -2.406e-06
0.313, -2.400e-06
0.312, -2.410e-06
0.311, -2.395e-06
0.310, -2.397e-06
0.309, -2.398e-06
0.308, -2.394e-06
0.307, -2.398e-06
0.306, -2.385e-06
0.305, -2.385e-06
0.304, -2.390e-06
0.303, -2.373e-06
0.302, -2.384e-06
0.301, -2.367e-06
0.300, -2.377e-06
0.299, -2.378e-06
0.298, -2.362e-06
0.297, -2.371e-06
0.296, -2.359e-06
0.295, -2.354e-06
0.294, -2.362e-06
0.293, -2.350e-06
0.292, -2.358e-06
0.291, -2.347e-06
0.290, -2.344e-06
0.289, -2.351e-06
0.288, -2.339e-06
0.287, -2.342e-06
0.286, -2.336e-06
0.285, -2.331e-06
0.284, -2.339e-06
0.283, -2.326e-06
0.282, -2.338e-06
0.281, -2.324e-06
0.280, -2.323e-06
0.279, -2.322e-06
0.278, -2.316e-06
0.277, -2.316e-06
0.276, -2.313e-06
0.275, -2.309e-06
0.274, -2.309e-06
0.273, -2.302e-06
0.272, -2.307e-06
0.271, -2.296e-06
0.270, -2.297e-06
0.269, -2.291e-06
0.268, -2.289e-06
0.267, -2.293e-06
0.266, -2.286e-06
0.265, -2.284e-06
0.264, -2.288e-06
0.263, -2.275e-06
0.262, -2.281e-06
0.261, -2.274e-06
0.260, -2.274e-06
0.259, -2.276e-06
0.258, -2.261e-06
0.257, -2.271e-06
0.256, -2.261e-06
0.255, -2.260e-06
0.254, -2.262e-06
0.253, -2.251e-06
0.252, -2.259e-06
0.251, -2.249e-06
0.250, -2.242e-06
0.249, -2.251e-06
0.248, -2.241e-06
0.247, -2.246e-06
0.246, -2.236e-06
0.245, -2.231e-06
0.244, -2.238e-06
0.243, -2.223e-06
0.242, -2.234e-06
0.241, -2.225e-06
0.240, -2.224e-06
0.239, -2.227e-06
0.238, -2.214e-06
0.237, -2.220e-06
0.236, -2.217e-06
0.235, -2.213e-06
0.234, -2.213e-06
0.233, -2.202e-06
0.232, -2.214e-06
0.231, -2.213e-06
0.230, -2.204e-06
0.229, -2.203e-06
0.228, -2.198e-06
0.227, -2.204e-06
0.226, -2.191e-06
0.225, -2.192e-06
0.224, -2.197e-06
0.223, -2.184e-06
0.222, -2.194e-06
0.221, -2.181e-06
0.220, -2.187e-06
0.219, -2.187e-06
0.218, -2.165e-06
0.217, -2.184e-06
0.216, -2.174e-06
0.215, -2.175e-06
0.214, -2.175e-06
0.213, -2.165e-06
0.212, -2.175e-06
0.211, -2.164e-06
0.210, -2.166e-06
0.209, -2.168e-06
0.208, -2.159e-06
0.207, -2.165e-06
0.206, -2.156e-06
0.205, -2.139e-06
0.204, -2.155e-06
0.203, -2.147e-06
0.202, -2.156e-06
0.201, -2.147e-06
0.200, -2.148e-06
0.199, -2.149e-06
0.198, -2.137e-06
0.197, -2.147e-06
0.196, -2.142e-06
0.195, -2.140e-06
0.194, -2.140e-06
0.193, -2.130e-06
0.192, -2.134e-06
0.191, -2.131e-06
0.190, -2.131e-06
0.189, -2.132e-06
0.188, -2.125e-06
0.187, -2.135e-06
0.186, -2.119e-06
0.185, -2.125e-06
0.184, -2.127e-06
0.183, -2.117e-06
0.182, -2.125e-06
0.181, -2.114e-06
0.180, -2.124e-06
0.179, -2.124e-06
0.178, -2.108e-06
0.177, -2.119e-06
0.176, -2.111e-06
0.175, -2.110e-06
0.174, -2.112e-06
0.173, -2.101e-06
0.172, -2.112e-06
0.171, -2.103e-06
0.170, -2.102e-06
0.169, -2.105e-06
0.168, -2.095e-06
0.167, -2.099e-06
0.166, -2.096e-06
0.165, -2.093e-06
0.164, -2.097e-06
0.163, -2.087e-06
0.162, -2.093e-06
0.161, -2.089e-06
0.160, -2.090e-06
0.159, -2.089e-06
0.158, -2.080e-06
0.157, -2.088e-06
0.156, -2.083e-06
0.155, -2.082e-06
0.154, -2.078e-06
0.153, -2.073e-06
0.152, -2.082e-06
0.151, -2.074e-06
0.150, -2.078e-06
0.149, -2.074e-06
0.148, -2.071e-06
0.147, -2.075e-06
0.146, -2.064e-06
0.145, -2.070e-06
0.144, -2.067e-06
0.143, -2.062e-06
0.142, -2.068e-06
0.141, -2.050e-06
0.140, -2.065e-06
0.139, -2.063e-06
0.138, -2.052e-06
0.137, -2.064e-06
0.136, -2.054e-06
0.135, -2.057e-06
0.134, -2.053e-06
0.133, -2.049e-06
0.132, -2.057e-06
0.131, -2.048e-06
0.130, -2.048e-06
0.129, -2.048e-06
0.128, -2.055e-06
0.127, -2.050e-06
0.126, -2.040e-06
0.125, -2.045e-06
0.124, -2.043e-06
0.123, -2.037e-06
0.122, -2.041e-06
0.121, -2.033e-06
0.120, -2.037e-06
0.119, -2.037e-06
0.118, -2.030e-06
0.117, -2.034e-06
0.116, -2.029e-06
0.115, -2.030e-06
0.114, -2.025e-06
0.113, -2.022e-06
0.112, -2.032e-06
0.111, -2.018e-06
0.110, -2.026e-06
0.109, -2.020e-06
0.108, -2.017e-06
0.107, -2.026e-06
0.106, -2.012e-06
0.105, -2.020e-06
0.104, -2.016e-06
0.103, -2.015e-06
0.102, -2.019e-06
0.101, -2.008e-06
0.100, -2.014e-06
0.099, -2.008e-06
0.098, -2.003e-06
0.097, -2.010e-06
0.096, -2.004e-06
0.095, -2.005e-06
0.094, -2.004e-06
0.093, -1.996e-06
0.092, -2.008e-06
0.091, -1.995e-06
0.090, -1.994e-06
0.089, -1.993e-06
0.088, -1.992e-06
0.087, -1.997e-06
0.086, -1.989e-06
0.085, -1.992e-06
0.084, -1.989e-06
0.083, -1.984e-06
0.082, -1.991e-06
0.081, -1.982e-06
0.080, -1.989e-06
0.079, -1.984e-06
0.078, -1.977e-06
0.077, -1.991e-06
0.076, -1.979e-06
0.075, -1.983e-06
0.074, -1.976e-06
0.073, -1.973e-06
0.072, -1.981e-06
0.071, -1.968e-06
0.070, -1.978e-06
0.069, -1.969e-06
0.068, -1.970e-06
0.067, -1.976e-06
0.066, -1.964e-06
0.065, -1.969e-06
0.064, -1.962e-06
0.063, -1.962e-06
0.062, -1.967e-06
0.061, -1.957e-06
0.060, -1.967e-06
0.059, -1.959e-06
0.058, -1.952e-06
0.057, -1.963e-06
0.056, -1.957e-06
0.055, -1.961e-06
0.054, -1.954e-06
0.053, -1.948e-06
0.052, -1.960e-06
0.051, -1.951e-06
0.050, -1.952e-06
0.049, -1.950e-06
0.048, -1.946e-06
0.047, -1.956e-06
0.046, -1.942e-06
0.045, -1.948e-06
0.044, -1.945e-06
0.043, -1.942e-06
0.042, -1.947e-06
0.041, -1.940e-06
0.040, -1.946e-06
0.039, -1.935e-06
0.038, -1.938e-06
0.037, -1.942e-06
0.036, -1.937e-06
0.035, -1.940e-06
0.034, -1.934e-06
0.033, -1.934e-06
0.032, -1.940e-06
0.031, -1.933e-06
0.030, -1.936e-06
0.029, -1.931e-06
0.028, -1.930e-06
0.027, -1.935e-06
0.026, -1.933e-06
0.025, -1.932e-06
0.024, -1.931e-06
0.023, -1.923e-06
0.022, -1.932e-06
0.021, -1.925e-06
0.020, -1.930e-06
0.019, -1.926e-06
0.018, -1.919e-06
0.017, -1.929e-06
0.016, -1.922e-06
0.015, -1.924e-06
0.014, -1.920e-06
0.013, -1.912e-06
0.012, -1.925e-06
0.011, -1.916e-06
0.010, -1.921e-06
0.009, -1.917e-06
0.008, -1.911e-06
0.007, -1.919e-06
0.006, -1.913e-06
0.005, -1.917e-06
0.004, -1.917e-06
0.003, -1.912e-06
0.002, -1.915e-06
0.001, -1.909e-06
